Data;Regiao;Vendedor;Cliente;ID_Produto;Produto;Quantidade;Preco_Unitario;Custo_Unitario;Faturamento;Lucro
2023-09-30;Sul;Bruno;Manoela;2006;WebCam 4k;1;3614,58;1883,46;3614,58;1731,12
2025-03-31;Sudeste;Bruno;Antonia;2006;WebCam 4k;4;4676,0;2517,62;18704,0;8633,52
2022-10-31;Nordeste;Daniela;Ciro;7002;Smartphone;2;4390,16;2927,76;8780,32;2924,8
2025-03-31;Sul;Bruno;João;1005;Headset;3;1810,66;1319,4;5431,98;1473,78
2022-05-31;Centro-Oeste;Fernanda;Ciro;3003;Placa de Vídeo NVidia;5;637,4;414,8;3187,0;1113,0
2025-09-30;Sudeste;Fernanda;Ciro;2006;WebCam 4k;3;983,18;507,27;2949,54;1427,73
2025-03-31;Sudeste;Daniela;Ciro;9001;Notebook;7;2856,8;1748,06;19997,6;7761,18
2024-01-31;Sudeste;Bruno;Felipe;2006;WebCam 4k;8;4316,8;2259,5;34534,4;16458,4
2022-06-30;Sul;Daniela;Marisa;5004;Monitor;3;4863,23;2854,34;14589,69;6026,67
2023-12-31;Nordeste;Carlos;Antonia;2006;WebCam 4k;4;4938,52;3339,61;19754,08;6395,64
2024-04-30;Sudeste;Daniela;Ciro;9001;Notebook;1;4338,49;3138,88;4338,49;1199,61
2022-07-31;Centro-Oeste;Fernanda;João;2006;WebCam 4k;7;974,07;634,02;6818,49;2380,35
2024-02-29;Sudeste;Daniela;Antonia;2006;WebCam 4k;9;2132,59;1482,35;19193,31;5852,16
2024-09-30;Norte;Daniela;João;7002;Smartphone;8;2270,25;1207,56;18162,0;8501,52
2023-04-30;Nordeste;Bruno;Antonia;5004;Monitor;5;3840,46;2164,7;19202,3;8378,8
2025-04-30;Centro-Oeste;Ana;Marisa;7002;Smartphone;3;2556,01;1641,67;7668,03;2743,02
2024-04-30;Nordeste;Bruno;Marisa;9001;Notebook;1;2771,06;1702,43;2771,06;1068,63
2023-04-30;Centro-Oeste;Ana;Antonia;5004;Monitor;4;768,29;428,72;3073,16;1358,28
2023-10-31;Nordeste;Daniela;Manoela;5004;Monitor;8;1187,78;636,21;9502,24;4412,56
2022-11-30;Nordeste;Fernanda;Ciro;7002;Smartphone;2;2148,36;1600,27;4296,72;1096,18
2022-09-30;Sudeste;Carlos;Ciro;3003;Placa de Vídeo NVidia;1;4329,19;3017,7;4329,19;1311,49
2024-01-31;Centro-Oeste;Bruno;Felipe;7002;Smartphone;7;2822,87;1889,23;19760,09;6535,48
2025-06-30;Nordeste;Bruno;Antonia;1005;Headset;2;2329,6;1189,52;4659,2;2280,16
2024-11-30;Norte;Ana;Antonia;2006;WebCam 4k;3;4489,2;2803,9;13467,6;5055,9
2023-02-28;Centro-Oeste;Ana;Manoela;5004;Monitor;9;3632,8;2453,41;32695,2;10614,51
2025-06-30;Centro-Oeste;Ana;João;2006;WebCam 4k;7;1124,4;647,24;7870,8;3340,12
2025-07-31;Nordeste;Bruno;Marisa;2006;WebCam 4k;1;1607,1;991,05;1607,1;616,05
2025-07-31;Sudeste;Carlos;Antonia;2006;WebCam 4k;5;1629,4;1092,52;8147,0;2684,4
2023-01-31;Nordeste;Eduardo;João;1005;Headset;6;3363,94;2351,39;20183,64;6075,3
2023-06-30;Norte;Eduardo;Manoela;1005;Headset;9;3781,35;2570,16;34032,15;10900,71
2023-03-31;Nordeste;Eduardo;Marisa;1005;Headset;6;3248,38;1750,37;19490,28;8988,06
2022-07-31;Nordeste;Daniela;Marisa;9001;Notebook;3;1210,14;958,08;3630,42;756,18
2024-10-31;Norte;Eduardo;Marisa;2006;WebCam 4k;2;1600,57;1171,53;3201,14;858,08
2023-05-31;Norte;Daniela;João;3003;Placa de Vídeo NVidia;7;4122,77;2502,99;28859,39;11338,46
2022-07-31;Centro-Oeste;Daniela;Marisa;9001;Notebook;4;1107,19;602,04;4428,76;2020,6
2023-03-31;Nordeste;Carlos;Felipe;2006;WebCam 4k;1;1163,8;641,99;1163,8;521,81
2025-06-30;Sul;Carlos;Marisa;3003;Placa de Vídeo NVidia;1;4471,01;3194,18;4471,01;1276,83
2024-12-31;Nordeste;Eduardo;Antonia;7002;Smartphone;8;3053,77;1630,04;24430,16;11389,84
2024-12-31;Centro-Oeste;Ana;Felipe;1005;Headset;8;1516,58;843,51;12132,64;5384,56
2024-05-31;Sudeste;Fernanda;Manoela;1005;Headset;3;2421,03;1633,8;7263,09;2361,69
2024-12-31;Sudeste;Carlos;Antonia;7002;Smartphone;3;2249,6;1406,88;6748,8;2528,16
2022-08-31;Norte;Daniela;Ciro;5004;Monitor;1;949,05;650,04;949,05;299,01
2025-05-31;Nordeste;Eduardo;Marisa;3003;Placa de Vídeo NVidia;6;1122,82;772,98;6736,92;2099,04
2022-08-31;Nordeste;Carlos;Manoela;9001;Notebook;5;664,43;517,25;3322,15;735,9
2025-08-31;Sul;Daniela;Marisa;9001;Notebook;3;4868,34;2648,07;14605,02;6660,81
2025-02-28;Sudeste;Carlos;João;1005;Headset;1;4770,4;3531,95;4770,4;1238,45
2022-05-31;Norte;Eduardo;Felipe;2006;WebCam 4k;2;2912,01;2281,75;5824,02;1260,52
2024-02-29;Nordeste;Fernanda;Ciro;7002;Smartphone;9;2511,68;1960,86;22605,12;4957,38
2023-12-31;Nordeste;Fernanda;Ciro;2006;WebCam 4k;7;2353,22;1299,49;16472,54;7376,11
2022-04-30;Norte;Bruno;Manoela;5004;Monitor;4;4693,96;2816,48;18775,84;7509,92
2023-08-31;Norte;Carlos;João;9001;Notebook;8;2262,01;1735,29;18096,08;4213,76
2024-01-31;Norte;Carlos;Antonia;3003;Placa de Vídeo NVidia;4;2412,45;1260,94;9649,8;4606,04
2022-04-30;Sudeste;Fernanda;João;1005;Headset;3;1676,74;1030,82;5030,22;1937,76
2023-07-31;Nordeste;Daniela;Ciro;7002;Smartphone;8;2896,66;1917,57;23173,28;7832,72
2023-07-31;Norte;Bruno;Antonia;7002;Smartphone;8;4764,82;3653,5;38118,56;8890,56
2022-09-30;Centro-Oeste;Eduardo;Felipe;7002;Smartphone;8;3235,05;1909,98;25880,4;10600,56
2022-02-28;Centro-Oeste;Bruno;João;5004;Monitor;9;4874,52;3566,04;43870,68;11776,32
2025-04-30;Centro-Oeste;Bruno;Ciro;5004;Monitor;8;567,92;291,02;4543,36;2215,2
2022-12-31;Norte;Daniela;João;2006;WebCam 4k;2;3181,65;1733,47;6363,3;2896,36
2023-01-31;Nordeste;Daniela;Marisa;2006;WebCam 4k;3;4067,49;2926,26;12202,47;3423,69
2024-07-31;Centro-Oeste;Bruno;Marisa;9001;Notebook;3;4864,71;2896,94;14594,13;5903,31
2025-06-30;Sul;Carlos;Felipe;1005;Headset;5;2518,8;1266,93;12594,0;6259,35
2025-09-30;Norte;Daniela;Antonia;9001;Notebook;4;1937,77;1037,87;7751,08;3599,6
2023-08-31;Sul;Eduardo;João;2006;WebCam 4k;8;3538,64;2021,88;28309,12;12134,08
2023-09-30;Centro-Oeste;Fernanda;Antonia;2006;WebCam 4k;7;3014,31;2315,51;21100,17;4891,6
2022-04-30;Norte;Daniela;Manoela;9001;Notebook;1;921,6;578,31;921,6;343,29
2024-09-30;Norte;Eduardo;Antonia;9001;Notebook;6;1871,03;1054,69;11226,18;4898,04
2024-09-30;Centro-Oeste;Bruno;Antonia;3003;Placa de Vídeo NVidia;5;4063,38;2740,31;20316,9;6615,35
2024-06-30;Norte;Daniela;João;3003;Placa de Vídeo NVidia;4;3394,05;2013,67;13576,2;5521,52
2023-02-28;Sudeste;Bruno;Antonia;7002;Smartphone;5;4262,18;2863,66;21310,9;6992,6
2022-04-30;Norte;Carlos;Marisa;7002;Smartphone;6;3613,81;2122,11;21682,86;8950,2
2024-12-31;Sudeste;Ana;Felipe;3003;Placa de Vídeo NVidia;4;2117,89;1386,06;8471,56;2927,32
2025-10-31;Sudeste;Carlos;Marisa;2006;WebCam 4k;3;3597,99;2831,82;10793,97;2298,51
2025-02-28;Nordeste;Ana;Manoela;9001;Notebook;9;1284,72;999,81;11562,48;2564,19
2023-03-31;Sul;Daniela;Marisa;2006;WebCam 4k;5;962,39;489,26;4811,95;2365,65
2025-05-31;Sudeste;Carlos;Marisa;9001;Notebook;1;2015,45;1225,29;2015,45;790,16
2024-12-31;Nordeste;Fernanda;Marisa;9001;Notebook;5;4582,06;2757,06;22910,3;9125,0
2025-05-31;Sul;Carlos;Ciro;9001;Notebook;5;699,27;435,24;3496,35;1320,15
2023-01-31;Sudeste;Fernanda;Felipe;5004;Monitor;7;3480,66;2409,73;24364,62;7496,51
2022-02-28;Sul;Daniela;João;7002;Smartphone;5;3009,89;1547,71;15049,45;7310,9
2023-07-31;Nordeste;Eduardo;Felipe;3003;Placa de Vídeo NVidia;6;1150,14;786,8;6900,84;2180,04
2022-08-31;Sudeste;Daniela;Felipe;5004;Monitor;9;4825,52;2847,17;43429,68;17805,15
2023-10-31;Sul;Fernanda;Antonia;1005;Headset;3;2265,78;1367,23;6797,34;2695,65
2024-10-31;Norte;Carlos;João;2006;WebCam 4k;3;3861,21;2628,85;11583,63;3697,08
2023-08-31;Centro-Oeste;Carlos;João;2006;WebCam 4k;8;1667,19;1035,19;13337,52;5056,0
2025-10-31;Norte;Carlos;Felipe;5004;Monitor;2;3224,35;2002,08;6448,7;2444,54
2022-03-31;Norte;Fernanda;Felipe;7002;Smartphone;4;4670,44;2397,18;18681,76;9093,04
2023-01-31;Sul;Daniela;Felipe;5004;Monitor;6;1408,03;718,26;8448,18;4138,62
2023-06-30;Sudeste;Carlos;Felipe;7002;Smartphone;4;2594,37;1427,91;10377,48;4665,84
2024-02-29;Sudeste;Fernanda;Ciro;5004;Monitor;3;981,25;767,2;2943,75;642,15
2024-03-31;Nordeste;Bruno;Felipe;5004;Monitor;8;2506,3;1869,41;20050,4;5095,12
2023-05-31;Centro-Oeste;Carlos;Manoela;1005;Headset;8;3142,24;1885,03;25137,92;10057,68
2022-03-31;Centro-Oeste;Fernanda;Antonia;7002;Smartphone;7;4997,19;3858,3;34980,33;7972,23
2023-10-31;Centro-Oeste;Fernanda;Manoela;9001;Notebook;3;2375,17;1290,64;7125,51;3253,59
2022-09-30;Centro-Oeste;Ana;João;9001;Notebook;7;4727,61;2620,47;33093,27;14749,98
2024-09-30;Centro-Oeste;Fernanda;Manoela;5004;Monitor;6;1409,34;857,79;8456,04;3309,3
2022-09-30;Sul;Fernanda;Felipe;2006;WebCam 4k;4;3913,18;3056,56;15652,72;3426,48
2022-12-31;Centro-Oeste;Fernanda;Antonia;2006;WebCam 4k;4;624,81;349,37;2499,24;1101,76
2024-07-31;Centro-Oeste;Daniela;Antonia;1005;Headset;3;3572,61;1788,93;10717,83;5351,04
2025-03-31;Nordeste;Carlos;Felipe;1005;Headset;7;4308,51;3017,09;30159,57;9039,94
2024-08-31;Nordeste;Fernanda;Antonia;2006;WebCam 4k;7;3985,84;2773,07;27900,88;8489,39
2022-09-30;Centro-Oeste;Bruno;Antonia;2006;WebCam 4k;7;1958,98;1477,39;13712,86;3371,13
2023-12-31;Centro-Oeste;Bruno;Ciro;7002;Smartphone;1;4170,27;2208,16;4170,27;1962,11
2024-05-31;Centro-Oeste;Carlos;Felipe;9001;Notebook;1;3535,57;1828,61;3535,57;1706,96
2025-08-31;Centro-Oeste;Bruno;Felipe;9001;Notebook;5;2421,74;1707,63;12108,7;3570,55
2022-11-30;Sudeste;Daniela;Manoela;7002;Smartphone;3;1203,55;731,89;3610,65;1414,98
2023-10-31;Centro-Oeste;Bruno;Marisa;1005;Headset;5;1698,0;1249,73;8490,0;2241,35
2023-07-31;Sudeste;Fernanda;Felipe;9001;Notebook;6;661,85;401,9;3971,1;1559,7
2023-01-31;Sudeste;Eduardo;Antonia;1005;Headset;8;616,85;368,3;4934,8;1988,4
2022-03-31;Norte;Carlos;Antonia;1005;Headset;2;3024,0;2412,35;6048,0;1223,3
2025-08-31;Norte;Ana;Marisa;7002;Smartphone;1;4419,39;2922,49;4419,39;1496,9
2022-04-30;Sul;Bruno;Manoela;5004;Monitor;3;4340,05;3155,96;13020,15;3552,27
2024-11-30;Sul;Daniela;Marisa;2006;WebCam 4k;1;3880,64;3055,1;3880,64;825,54
2023-08-31;Norte;Bruno;Felipe;7002;Smartphone;2;505,22;396,07;1010,44;218,3
2025-05-31;Norte;Daniela;Ciro;1005;Headset;6;4514,5;2397,72;27087,0;12700,68
2024-11-30;Centro-Oeste;Bruno;Manoela;7002;Smartphone;1;1760,92;1073,29;1760,92;687,63
2023-12-31;Norte;Ana;Manoela;5004;Monitor;5;3994,18;3118,49;19970,9;4378,45
2024-01-31;Nordeste;Daniela;João;3003;Placa de Vídeo NVidia;6;3561,32;1886,88;21367,92;10046,64
2025-03-31;Nordeste;Eduardo;João;2006;WebCam 4k;7;3427,88;2321,19;23995,16;7746,83
2023-10-31;Sudeste;Eduardo;João;9001;Notebook;4;3535,78;2810,16;14143,12;2902,48
2023-12-31;Sudeste;Ana;João;2006;WebCam 4k;8;3810,72;2959,58;30485,76;6809,12
2022-07-31;Sudeste;Carlos;Ciro;5004;Monitor;7;3671,4;2361,54;25699,8;9169,02
2023-09-30;Norte;Carlos;Ciro;1005;Headset;7;4669,27;2526,24;32684,89;15001,21
2023-04-30;Sudeste;Carlos;Felipe;1005;Headset;3;3472,58;2724,2;10417,74;2245,14
2025-03-31;Sul;Eduardo;Marisa;5004;Monitor;2;518,34;344,22;1036,68;348,24
2024-11-30;Nordeste;Eduardo;Manoela;1005;Headset;3;1789,02;907,99;5367,06;2643,09
2022-11-30;Centro-Oeste;Eduardo;Marisa;1005;Headset;9;4032,6;2331,31;36293,4;15311,61
2023-02-28;Nordeste;Eduardo;João;7002;Smartphone;6;4959,56;3087,99;29757,36;11229,42
2025-02-28;Sul;Daniela;Manoela;7002;Smartphone;5;3192,62;2218,27;15963,1;4871,75
2022-12-31;Sudeste;Daniela;João;1005;Headset;4;3993,36;2874,51;15973,44;4475,4
2024-10-31;Sul;Ana;Marisa;1005;Headset;6;2469,35;1616,41;14816,1;5117,64
2024-02-29;Sul;Daniela;João;1005;Headset;7;1420,89;942,34;9946,23;3349,85
2025-04-30;Nordeste;Ana;Marisa;9001;Notebook;7;1722,81;891,61;12059,67;5818,4
2025-07-31;Sul;Fernanda;João;7002;Smartphone;2;2773,21;1416,14;5546,42;2714,14
2022-07-31;Nordeste;Carlos;Ciro;5004;Monitor;3;2447,0;1380,29;7341,0;3200,13
2023-01-31;Nordeste;Eduardo;Ciro;1005;Headset;3;4667,53;3111,28;14002,59;4668,75
2025-09-30;Sul;Carlos;Marisa;3003;Placa de Vídeo NVidia;8;553,92;411,06;4431,36;1142,88
2024-04-30;Nordeste;Ana;João;7002;Smartphone;4;830,45;578,68;3321,8;1007,08
2023-04-30;Sudeste;Fernanda;João;1005;Headset;1;3291,14;2584,34;3291,14;706,8
2022-03-31;Sul;Daniela;Marisa;2006;WebCam 4k;8;662,08;446,01;5296,64;1728,56
2025-07-31;Centro-Oeste;Ana;Manoela;1005;Headset;2;2638,87;1326,7;5277,74;2624,34
2024-11-30;Norte;Bruno;Manoela;9001;Notebook;4;3185,8;2187,97;12743,2;3991,32
2025-05-31;Centro-Oeste;Fernanda;Manoela;2006;WebCam 4k;2;3802,94;2596,61;7605,88;2412,66
2025-01-31;Sudeste;Bruno;Ciro;3003;Placa de Vídeo NVidia;4;1653,27;1164,67;6613,08;1954,4
2023-06-30;Norte;Ana;Antonia;1005;Headset;7;2527,53;1382,1;17692,71;8018,01
2023-11-30;Centro-Oeste;Bruno;Manoela;3003;Placa de Vídeo NVidia;1;2595,54;1908,04;2595,54;687,5
2023-05-31;Nordeste;Bruno;Marisa;2006;WebCam 4k;6;1220,78;889,77;7324,68;1986,06
2025-09-30;Norte;Daniela;João;9001;Notebook;6;3280,32;2177,16;19681,92;6618,96
2023-01-31;Nordeste;Daniela;João;1005;Headset;4;4960,5;2589,8;19842,0;9482,8
2024-03-31;Sul;Eduardo;Manoela;9001;Notebook;2;1410,42;806,33;2820,84;1208,18
2022-08-31;Norte;Bruno;Antonia;5004;Monitor;6;4093,56;2872,44;24561,36;7326,72
2023-10-31;Sudeste;Eduardo;João;9001;Notebook;4;4574,94;2319,75;18299,76;9020,76
2023-05-31;Sudeste;Ana;Antonia;1005;Headset;9;3770,4;2008,93;33933,6;15853,23
2022-09-30;Sudeste;Ana;João;9001;Notebook;1;882,03;521,74;882,03;360,29
2022-06-30;Centro-Oeste;Fernanda;Felipe;2006;WebCam 4k;7;1979,97;1032,25;13859,79;6634,04
2023-11-30;Centro-Oeste;Bruno;João;7002;Smartphone;2;1409,97;908,97;2819,94;1002,0
2023-12-31;Norte;Eduardo;Felipe;2006;WebCam 4k;9;2499,0;1742,01;22491,0;6812,91
2022-04-30;Centro-Oeste;Carlos;Antonia;1005;Headset;4;3831,42;2788,33;15325,68;4172,36
2023-04-30;Norte;Fernanda;Felipe;5004;Monitor;9;2381,66;1565,28;21434,94;7347,42
2023-02-28;Norte;Daniela;Marisa;9001;Notebook;7;2749,61;2163,66;19247,27;4101,65
2023-01-31;Sudeste;Carlos;João;5004;Monitor;1;3312,85;1930,5;3312,85;1382,35
2025-06-30;Nordeste;Bruno;Manoela;9001;Notebook;8;3891,45;2489,01;31131,6;11219,52
2023-08-31;Centro-Oeste;Ana;Manoela;5004;Monitor;6;3346,61;2058,42;20079,66;7729,14
2024-09-30;Sudeste;Bruno;Antonia;7002;Smartphone;9;3368,86;2104,13;30319,74;11382,57
2022-02-28;Sul;Ana;Marisa;3003;Placa de Vídeo NVidia;1;2240,32;1327,48;2240,32;912,84
2023-08-31;Centro-Oeste;Carlos;Marisa;2006;WebCam 4k;3;4807,57;2443,87;14422,71;7091,1
2025-08-31;Nordeste;Daniela;Antonia;7002;Smartphone;3;1232,96;904,88;3698,88;984,24
2024-12-31;Centro-Oeste;Bruno;Felipe;3003;Placa de Vídeo NVidia;9;4141,86;2814,16;37276,74;11949,3
2025-02-28;Sudeste;Daniela;Manoela;5004;Monitor;4;3410,16;1819,9;13640,64;6361,04
2022-06-30;Centro-Oeste;Carlos;João;5004;Monitor;3;2182,6;1695,58;6547,8;1461,06
2025-10-31;Nordeste;Carlos;Ciro;2006;WebCam 4k;7;692,31;420,65;4846,17;1901,62
2022-09-30;Norte;Fernanda;João;9001;Notebook;9;4754,92;3201,16;42794,28;13983,84
2023-08-31;Sudeste;Ana;Antonia;2006;WebCam 4k;4;1603,36;904,36;6413,44;2796,0
2025-06-30;Sudeste;Carlos;Manoela;7002;Smartphone;8;4588,83;3660,82;36710,64;7424,08
2025-09-30;Norte;Bruno;Marisa;2006;WebCam 4k;8;4250,24;2555,68;34001,92;13556,48
2024-03-31;Nordeste;Fernanda;Manoela;7002;Smartphone;6;4316,3;2460,19;25897,8;11136,66
2025-09-30;Centro-Oeste;Fernanda;Manoela;9001;Notebook;7;3574,67;2129,58;25022,69;10115,63
2025-08-31;Nordeste;Eduardo;João;1005;Headset;7;2250,55;1529,69;15753,85;5046,02
2024-12-31;Nordeste;Fernanda;Manoela;1005;Headset;5;628,33;319,78;3141,65;1542,75
2025-07-31;Sul;Fernanda;João;5004;Monitor;9;2156,6;1162,54;19409,4;8946,54
2024-12-31;Sudeste;Fernanda;Manoela;9001;Notebook;2;1664,33;837,91;3328,66;1652,84
2025-07-31;Centro-Oeste;Ana;Antonia;5004;Monitor;3;1495,81;766,56;4487,43;2187,75
2023-04-30;Centro-Oeste;Eduardo;Ciro;1005;Headset;1;1543,92;1212,41;1543,92;331,51
2022-11-30;Norte;Daniela;Marisa;9001;Notebook;4;4226,22;2257,92;16904,88;7873,2
2023-06-30;Sul;Bruno;Ciro;1005;Headset;7;3881,9;3002,66;27173,3;6154,68
2024-02-29;Sudeste;Daniela;Marisa;9001;Notebook;8;1057,88;545,32;8463,04;4100,48
2024-05-31;Sul;Ana;João;3003;Placa de Vídeo NVidia;3;1794,71;1059,28;5384,13;2206,29
2024-12-31;Norte;Ana;Marisa;5004;Monitor;2;1109,11;744,28;2218,22;729,66
2023-09-30;Sul;Bruno;João;7002;Smartphone;2;538,88;364,61;1077,76;348,54
2023-09-30;Nordeste;Carlos;Antonia;9001;Notebook;8;3027,8;1537,61;24222,4;11921,52
2023-02-28;Centro-Oeste;Daniela;Felipe;3003;Placa de Vídeo NVidia;9;1449,16;1100,87;13042,44;3134,61
2024-01-31;Sudeste;Eduardo;Marisa;2006;WebCam 4k;8;3427,95;1960,96;27423,6;11735,92
2025-02-28;Nordeste;Carlos;João;9001;Notebook;1;563,74;372,17;563,74;191,57
2024-01-31;Centro-Oeste;Daniela;Felipe;5004;Monitor;7;1886,09;1261,79;13202,63;4370,1
2023-02-28;Sul;Fernanda;Ciro;2006;WebCam 4k;8;502,08;390,82;4016,64;890,08
2022-03-31;Norte;Bruno;Antonia;1005;Headset;7;2532,88;1629,66;17730,16;6322,54
2023-11-30;Sudeste;Ana;Marisa;2006;WebCam 4k;8;2421,12;1784,46;19368,96;5093,28
2024-10-31;Norte;Fernanda;Ciro;7002;Smartphone;1;3671,5;2074,82;3671,5;1596,68
2023-10-31;Centro-Oeste;Eduardo;Marisa;3003;Placa de Vídeo NVidia;4;2411,06;1559,08;9644,24;3407,92
2023-05-31;Sudeste;Eduardo;Marisa;1005;Headset;4;2149,66;1258,0;8598,64;3566,64
2024-03-31;Sudeste;Eduardo;Antonia;2006;WebCam 4k;2;3225,56;2238,16;6451,12;1974,8
2025-07-31;Sul;Carlos;Ciro;7002;Smartphone;4;2292,21;1781,32;9168,84;2043,56
2024-11-30;Nordeste;Fernanda;Antonia;1005;Headset;3;2539,06;1858,84;7617,18;2040,66
2024-03-31;Norte;Daniela;João;7002;Smartphone;5;1619,83;994,06;8099,15;3128,85
2024-11-30;Norte;Ana;Antonia;7002;Smartphone;1;2366,16;1552,55;2366,16;813,61
2024-08-31;Sul;Eduardo;Antonia;1005;Headset;4;4461,78;2797,0;17847,12;6659,12
2024-03-31;Nordeste;Carlos;João;5004;Monitor;7;1380,54;840,5;9663,78;3780,28
2025-07-31;Nordeste;Carlos;Felipe;3003;Placa de Vídeo NVidia;4;2611,94;1683,12;10447,76;3715,28
2022-09-30;Nordeste;Fernanda;Antonia;7002;Smartphone;3;936,68;576,25;2810,04;1081,29
2024-02-29;Norte;Ana;Felipe;1005;Headset;6;4756,92;3132,19;28541,52;9748,38
2023-01-31;Norte;Daniela;Manoela;3003;Placa de Vídeo NVidia;7;2384,51;1836,84;16691,57;3833,69
2025-05-31;Sul;Ana;João;7002;Smartphone;3;2348,67;1374,73;7046,01;2921,82
2023-01-31;Sudeste;Bruno;Manoela;5004;Monitor;2;3181,4;1999,92;6362,8;2362,96
2025-08-31;Nordeste;Carlos;Ciro;9001;Notebook;7;4579,8;2351,92;32058,6;15595,16
2022-01-31;Centro-Oeste;Carlos;Antonia;2006;WebCam 4k;8;1822,05;1201,29;14576,4;4966,08
2022-09-30;Centro-Oeste;Ana;Felipe;3003;Placa de Vídeo NVidia;5;1921,45;1485,65;9607,25;2179,0
2024-05-31;Sudeste;Daniela;João;7002;Smartphone;3;3502,57;2352,14;10507,71;3451,29
2022-10-31;Sul;Eduardo;Antonia;2006;WebCam 4k;7;1634,17;937,86;11439,19;4874,17
2022-03-31;Nordeste;Ana;Antonia;9001;Notebook;3;1537,72;1093,68;4613,16;1332,12
2022-02-28;Norte;Bruno;Felipe;2006;WebCam 4k;7;1437,79;1068,44;10064,53;2585,45
2025-05-31;Sudeste;Bruno;Manoela;1005;Headset;1;2514,0;1452,41;2514,0;1061,59
2022-10-31;Sul;Bruno;João;2006;WebCam 4k;8;1502,84;895,81;12022,72;4856,24
2023-04-30;Centro-Oeste;Eduardo;Manoela;3003;Placa de Vídeo NVidia;7;4849,56;2522,38;33946,92;16290,26
2025-06-30;Sudeste;Eduardo;Manoela;7002;Smartphone;3;2764,8;1695,95;8294,4;3206,55
2023-09-30;Nordeste;Ana;João;9001;Notebook;3;4118,16;2090,67;12354,48;6082,47
2024-06-30;Sul;Ana;Antonia;3003;Placa de Vídeo NVidia;1;3366,34;2665,08;3366,34;701,26
2023-04-30;Nordeste;Bruno;Marisa;3003;Placa de Vídeo NVidia;6;1466,64;948,33;8799,84;3109,86
2023-10-31;Norte;Eduardo;João;3003;Placa de Vídeo NVidia;8;1309,75;716,01;10478,0;4749,92
2023-01-31;Sudeste;Ana;Ciro;5004;Monitor;7;2196,27;1598,93;15373,89;4181,38
2023-02-28;Centro-Oeste;Bruno;Manoela;7002;Smartphone;1;4599,46;2926,55;4599,46;1672,91
2023-07-31;Centro-Oeste;Daniela;Marisa;7002;Smartphone;7;3959,47;2811,31;27716,29;8037,12
2024-06-30;Centro-Oeste;Carlos;Felipe;5004;Monitor;5;2642,34;1444,33;13211,7;5990,05
2022-07-31;Sul;Daniela;Manoela;7002;Smartphone;6;4478,96;2860,39;26873,76;9711,42
2022-02-28;Norte;Eduardo;João;1005;Headset;2;651,76;493,17;1303,52;317,18
2023-07-31;Sudeste;Daniela;Felipe;9001;Notebook;9;2477,42;1627,35;22296,78;7650,63
2025-06-30;Sul;Carlos;João;9001;Notebook;9;1585,01;1117,45;14265,09;4208,04
2022-04-30;Sul;Ana;Felipe;7002;Smartphone;4;3004,72;1884,52;12018,88;4480,8
2023-07-31;Nordeste;Fernanda;João;3003;Placa de Vídeo NVidia;2;1295,67;997,5;2591,34;596,34
2024-07-31;Norte;Eduardo;Ciro;7002;Smartphone;5;1088,99;602,46;5444,95;2432,65
2023-01-31;Sul;Fernanda;Antonia;7002;Smartphone;3;4170,47;2832,66;12511,41;4013,43
2023-03-31;Sudeste;Eduardo;Marisa;5004;Monitor;1;2953,24;1927,05;2953,24;1026,19
2023-12-31;Centro-Oeste;Carlos;Manoela;2006;WebCam 4k;7;1620,41;1217,35;11342,87;2821,42
2025-01-31;Sudeste;Daniela;Felipe;5004;Monitor;5;2251,16;1396,54;11255,8;4273,1
2023-09-30;Sul;Eduardo;Manoela;9001;Notebook;4;3430,24;2126,89;13720,96;5213,4
2023-11-30;Sul;Daniela;João;1005;Headset;8;4976,36;2579,76;39810,88;19172,8
2024-01-31;Centro-Oeste;Bruno;Manoela;7002;Smartphone;2;3699,61;2838,77;7399,22;1721,68
2025-10-31;Nordeste;Eduardo;Marisa;2006;WebCam 4k;4;3610,81;2867,91;14443,24;2971,6
2022-12-31;Centro-Oeste;Eduardo;Marisa;5004;Monitor;6;4955,02;3666,5;29730,12;7731,12
2024-06-30;Norte;Eduardo;Felipe;7002;Smartphone;8;3798,45;2147,1;30387,6;13210,8
2024-06-30;Centro-Oeste;Daniela;Felipe;1005;Headset;6;4214,44;2151,23;25286,64;12379,26
2025-09-30;Centro-Oeste;Carlos;Marisa;5004;Monitor;4;3353,09;2497,08;13412,36;3424,04
2024-12-31;Sudeste;Daniela;Antonia;5004;Monitor;1;937,92;604,78;937,92;333,14
2023-02-28;Sudeste;Carlos;João;3003;Placa de Vídeo NVidia;7;3577,79;2276,24;25044,53;9110,85
2022-01-31;Nordeste;Daniela;Felipe;5004;Monitor;2;2478,93;1615,93;4957,86;1726,0
2023-04-30;Norte;Ana;Marisa;5004;Monitor;7;4512,47;2584,55;31587,29;13495,44
2024-09-30;Nordeste;Bruno;Felipe;3003;Placa de Vídeo NVidia;7;2108,51;1158,8;14759,57;6647,97
2024-08-31;Centro-Oeste;Bruno;Manoela;1005;Headset;8;3656,49;2869,3;29251,92;6297,52
2025-07-31;Sul;Ana;Felipe;3003;Placa de Vídeo NVidia;4;704,47;472,93;2817,88;926,16
2022-07-31;Nordeste;Daniela;Manoela;5004;Monitor;9;2099,39;1129,97;18894,51;8724,78
2024-01-31;Sudeste;Bruno;Antonia;1005;Headset;7;4285,98;3310,49;30001,86;6828,43
2022-05-31;Sul;Carlos;Ciro;1005;Headset;2;2691,1;1615,3;5382,2;2151,6
2023-09-30;Nordeste;Daniela;Antonia;3003;Placa de Vídeo NVidia;5;3121,25;1786,84;15606,25;6672,05
2024-07-31;Sudeste;Fernanda;Marisa;7002;Smartphone;9;1405,12;726,45;12646,08;6108,03
2024-10-31;Centro-Oeste;Carlos;Ciro;9001;Notebook;8;3559,08;2561,0;28472,64;7984,64
2022-10-31;Sudeste;Ana;Marisa;9001;Notebook;4;2284,14;1182,14;9136,56;4408,0
2024-05-31;Centro-Oeste;Eduardo;Antonia;2006;WebCam 4k;8;1479,2;988,58;11833,6;3924,96
2023-02-28;Norte;Carlos;Ciro;2006;WebCam 4k;2;4346,16;2649,57;8692,32;3393,18
2025-01-31;Centro-Oeste;Fernanda;Ciro;7002;Smartphone;6;3404,89;1985,44;20429,34;8516,7
2022-06-30;Sul;Carlos;Felipe;1005;Headset;4;1492,94;962,09;5971,76;2123,4
2022-02-28;Sul;Fernanda;Marisa;1005;Headset;5;2562,51;1379,08;12812,55;5917,15
2023-07-31;Norte;Daniela;Ciro;5004;Monitor;4;1363,58;1081,21;5454,32;1129,48
2022-05-31;Norte;Daniela;Manoela;1005;Headset;9;4783,36;3758,29;43050,24;9225,63
2023-08-31;Sul;Bruno;Marisa;9001;Notebook;5;2514,62;1652,57;12573,1;4310,25
2025-06-30;Nordeste;Carlos;João;1005;Headset;3;580,16;385,94;1740,48;582,66
2022-06-30;Nordeste;Ana;João;5004;Monitor;7;4008,52;2993,69;28059,64;7103,81
2022-05-31;Sul;Fernanda;Felipe;2006;WebCam 4k;3;4720,52;3293,67;14161,56;4280,55
2024-03-31;Sudeste;Daniela;Ciro;2006;WebCam 4k;8;3099,72;2355,29;24797,76;5955,44
2022-08-31;Sul;Bruno;Felipe;5004;Monitor;6;2148,32;1527,72;12889,92;3723,6
2023-09-30;Nordeste;Ana;Antonia;2006;WebCam 4k;2;4399,42;2540,36;8798,84;3718,12
2025-07-31;Sul;Eduardo;João;9001;Notebook;4;2009,4;1197,9;8037,6;3246,0
2025-02-28;Nordeste;Eduardo;Marisa;2006;WebCam 4k;5;4254,63;2625,99;21273,15;8143,2
2022-02-28;Norte;Carlos;Manoela;2006;WebCam 4k;1;552,98;437,71;552,98;115,27
2025-03-31;Centro-Oeste;Ana;Felipe;2006;WebCam 4k;9;4287,84;2563,14;38590,56;15522,3
2022-03-31;Sul;Ana;Manoela;7002;Smartphone;2;4285,69;3074,35;8571,38;2422,68
2023-04-30;Sudeste;Eduardo;Manoela;1005;Headset;4;2660,56;1331,5;10642,24;5316,24
2022-07-31;Norte;Bruno;Antonia;9001;Notebook;7;1690,74;1249,8;11835,18;3086,58
2025-10-31;Sul;Ana;Manoela;1005;Headset;4;2036,26;1371,4;8145,04;2659,44
2022-10-31;Norte;Fernanda;Marisa;7002;Smartphone;5;1134,22;825,97;5671,1;1541,25
2022-04-30;Sudeste;Daniela;Marisa;9001;Notebook;8;4172,01;2757,56;33376,08;11315,6
2023-03-31;Norte;Carlos;João;2006;WebCam 4k;6;556,36;400,42;3338,16;935,64
2024-01-31;Sudeste;Ana;João;2006;WebCam 4k;4;724,35;506,91;2897,4;869,76
2023-10-31;Sudeste;Daniela;Marisa;9001;Notebook;4;811,23;504,1;3244,92;1228,52
2022-04-30;Centro-Oeste;Ana;Antonia;1005;Headset;7;3088,51;2287,07;21619,57;5610,08
2025-04-30;Norte;Ana;Manoela;5004;Monitor;9;3136,82;1756,82;28231,38;12420,0
2022-05-31;Sul;Bruno;Marisa;3003;Placa de Vídeo NVidia;5;4904,89;3316,93;24524,45;7939,8
2022-05-31;Sul;Eduardo;Antonia;1005;Headset;8;3477,73;1970,34;27821,84;12059,12
2025-10-31;Centro-Oeste;Fernanda;Manoela;5004;Monitor;4;2650,49;1492,58;10601,96;4631,64
2025-04-30;Centro-Oeste;Daniela;Marisa;9001;Notebook;4;3041,07;1818,47;12164,28;4890,4
2024-08-31;Nordeste;Eduardo;Manoela;2006;WebCam 4k;9;4551,67;3335,63;40965,03;10944,36
2024-06-30;Norte;Carlos;Felipe;7002;Smartphone;1;545,54;336,36;545,54;209,18
2022-07-31;Norte;Eduardo;João;9001;Notebook;3;1022,13;564,04;3066,39;1374,27
2025-05-31;Nordeste;Eduardo;João;2006;WebCam 4k;2;1881,07;968,57;3762,14;1825,0
2023-10-31;Nordeste;Eduardo;Marisa;9001;Notebook;7;771,85;491,81;5402,95;1960,28
2025-09-30;Sul;Bruno;Marisa;7002;Smartphone;8;2691,83;1549,99;21534,64;9134,72
2025-09-30;Sudeste;Bruno;Manoela;2006;WebCam 4k;8;2037,45;1396,59;16299,6;5126,88
2022-11-30;Nordeste;Bruno;Manoela;2006;WebCam 4k;2;1933,63;1029,61;3867,26;1808,04
2022-03-31;Centro-Oeste;Carlos;Manoela;3003;Placa de Vídeo NVidia;3;1204,94;957,28;3614,82;742,98
2024-12-31;Sul;Eduardo;Marisa;7002;Smartphone;7;2333,09;1414,85;16331,63;6427,68
2022-07-31;Norte;Ana;Antonia;9001;Notebook;9;1827,96;956,6;16451,64;7842,24
2024-07-31;Sudeste;Fernanda;Ciro;9001;Notebook;3;3322,0;1699,2;9966,0;4868,4
2024-06-30;Sul;Eduardo;Antonia;3003;Placa de Vídeo NVidia;6;3756,19;2293,98;22537,14;8773,26
2023-09-30;Norte;Bruno;João;5004;Monitor;3;3083,06;1608,59;9249,18;4423,41
2022-01-31;Norte;Carlos;João;5004;Monitor;5;4002,36;2568,86;20011,8;7167,5
2023-01-31;Norte;Ana;Manoela;1005;Headset;8;3297,83;1728,21;26382,64;12556,96
2023-12-31;Sudeste;Ana;Antonia;1005;Headset;4;3413,17;2089,85;13652,68;5293,28
2024-12-31;Nordeste;Bruno;Felipe;9001;Notebook;4;1799,35;1240,78;7197,4;2234,28
2024-05-31;Sudeste;Eduardo;Felipe;3003;Placa de Vídeo NVidia;1;1254,47;795,3;1254,47;459,17
2025-10-31;Sudeste;Eduardo;Felipe;7002;Smartphone;7;2960,71;1850,83;20724,97;7769,16
2025-03-31;Centro-Oeste;Ana;Felipe;7002;Smartphone;2;4166,77;3066,27;8333,54;2201,0
2023-03-31;Sul;Carlos;Manoela;9001;Notebook;2;841,77;602,01;1683,54;479,52
2024-03-31;Sudeste;Fernanda;Felipe;9001;Notebook;7;4799,87;3724,88;33599,09;7524,93
2023-09-30;Centro-Oeste;Carlos;Manoela;1005;Headset;9;4559,42;2330,88;41034,78;20056,86
2025-03-31;Centro-Oeste;Bruno;Ciro;9001;Notebook;6;3530,27;1801,91;21181,62;10370,16
2024-05-31;Nordeste;Fernanda;Marisa;2006;WebCam 4k;5;2289,12;1521,8;11445,6;3836,6
2022-02-28;Norte;Bruno;Manoela;2006;WebCam 4k;2;4788,8;3134,0;9577,6;3309,6
2023-08-31;Sul;Bruno;Ciro;5004;Monitor;4;553,92;357,67;2215,68;785,0
2024-03-31;Sudeste;Carlos;Antonia;2006;WebCam 4k;7;4071,7;2611,1;28501,9;10224,2
2023-11-30;Sudeste;Ana;João;9001;Notebook;7;4350,81;3023,84;30455,67;9288,79
2022-05-31;Norte;Ana;Manoela;1005;Headset;6;4557,83;3094,87;27346,98;8777,76
2022-12-31;Sudeste;Daniela;Antonia;9001;Notebook;3;3151,8;2471,73;9455,4;2040,21
2023-11-30;Sul;Eduardo;João;3003;Placa de Vídeo NVidia;6;863,98;624,64;5183,88;1436,04
2025-09-30;Sul;Bruno;Ciro;7002;Smartphone;8;2029,6;1113,09;16236,8;7332,08
2023-12-31;Centro-Oeste;Daniela;Ciro;3003;Placa de Vídeo NVidia;4;4431,34;3235,85;17725,36;4781,96
2022-02-28;Centro-Oeste;Ana;João;1005;Headset;8;4510,24;2527,94;36081,92;15858,4
2024-06-30;Norte;Ana;Ciro;2006;WebCam 4k;7;1239,31;649,03;8675,17;4131,96
2022-02-28;Sudeste;Ana;Marisa;9001;Notebook;3;3043,06;1822,95;9129,18;3660,33
2023-07-31;Norte;Ana;Ciro;2006;WebCam 4k;8;4058,14;3192,48;32465,12;6925,28
2023-08-31;Nordeste;Carlos;Ciro;3003;Placa de Vídeo NVidia;2;1198,72;757,45;2397,44;882,54
2023-08-31;Nordeste;Ana;Manoela;2006;WebCam 4k;5;4421,18;2507,58;22105,9;9568,0
2024-02-29;Centro-Oeste;Ana;Antonia;1005;Headset;5;1277,08;986,61;6385,4;1452,35
2024-08-31;Centro-Oeste;Bruno;Ciro;2006;WebCam 4k;3;4728,33;2449,51;14184,99;6836,46
2024-09-30;Sudeste;Ana;Manoela;3003;Placa de Vídeo NVidia;8;2559,19;1301,5;20473,52;10061,52
2025-09-30;Sul;Fernanda;João;7002;Smartphone;9;3302,24;1715,92;29720,16;14276,88
2022-08-31;Nordeste;Fernanda;João;5004;Monitor;5;2126,28;1527,8;10631,4;2992,4
2022-08-31;Sudeste;Eduardo;Manoela;3003;Placa de Vídeo NVidia;9;2115,71;1330,55;19041,39;7066,44
2022-05-31;Nordeste;Fernanda;Marisa;7002;Smartphone;1;840,7;647,45;840,7;193,25
2024-09-30;Norte;Ana;Antonia;7002;Smartphone;1;4137,26;2336,59;4137,26;1800,67
2022-04-30;Nordeste;Bruno;Manoela;5004;Monitor;5;1329,39;723,67;6646,95;3028,6
2023-10-31;Nordeste;Eduardo;João;7002;Smartphone;7;4387,35;3476,41;30711,45;6376,58
2024-09-30;Nordeste;Daniela;Ciro;3003;Placa de Vídeo NVidia;9;2090,67;1206,43;18816,03;7958,16
2022-08-31;Centro-Oeste;Carlos;Marisa;1005;Headset;2;2454,56;1535,21;4909,12;1838,7
2023-12-31;Nordeste;Daniela;Ciro;3003;Placa de Vídeo NVidia;7;884,5;496,31;6191,5;2717,33
2025-03-31;Centro-Oeste;Fernanda;Antonia;1005;Headset;5;546,86;407,72;2734,3;695,7
2023-06-30;Sudeste;Ana;João;9001;Notebook;9;1908,0;958,75;17172,0;8543,25
2022-08-31;Sul;Bruno;Ciro;2006;WebCam 4k;5;893,03;622,9;4465,15;1350,65
2023-05-31;Sul;Fernanda;Felipe;1005;Headset;9;3171,73;2140,55;28545,57;9280,62
2025-07-31;Sul;Eduardo;Marisa;2006;WebCam 4k;4;4898,48;3536,61;19593,92;5447,48
2025-06-30;Centro-Oeste;Bruno;Manoela;2006;WebCam 4k;2;4710,3;3005,84;9420,6;3408,92
2024-11-30;Centro-Oeste;Eduardo;Felipe;9001;Notebook;9;1973,5;1470,27;17761,5;4529,07
2022-07-31;Nordeste;Bruno;Antonia;2006;WebCam 4k;3;2922,74;1765,09;8768,22;3472,95
2024-05-31;Centro-Oeste;Bruno;Ciro;3003;Placa de Vídeo NVidia;3;2923,0;1636,6;8769,0;3859,2
2022-08-31;Centro-Oeste;Daniela;João;9001;Notebook;1;3099,9;2086,53;3099,9;1013,37
2022-03-31;Centro-Oeste;Eduardo;Manoela;5004;Monitor;4;1957,19;1290,36;7828,76;2667,32
2022-07-31;Nordeste;Daniela;Ciro;5004;Monitor;2;2367,45;1338,21;4734,9;2058,48
2024-06-30;Centro-Oeste;Bruno;Antonia;9001;Notebook;6;1846,92;1457,38;11081,52;2337,24
2023-05-31;Norte;Daniela;Antonia;3003;Placa de Vídeo NVidia;4;1763,95;1063,45;7055,8;2802,0
2022-03-31;Sudeste;Ana;João;7002;Smartphone;5;1208,27;687,1;6041,35;2605,85
2022-10-31;Sul;Fernanda;Felipe;3003;Placa de Vídeo NVidia;7;3201,16;2346,42;22408,12;5983,18
2023-02-28;Sudeste;Carlos;Marisa;9001;Notebook;5;1191,15;850,66;5955,75;1702,45
2022-01-31;Norte;Eduardo;Ciro;2006;WebCam 4k;2;2195,57;1499,21;4391,14;1392,72
2023-06-30;Nordeste;Carlos;Felipe;5004;Monitor;8;3847,87;2664,97;30782,96;9463,2
2023-10-31;Centro-Oeste;Carlos;Felipe;9001;Notebook;9;3262,38;1893,3;29361,42;12321,72
2025-02-28;Sudeste;Ana;Antonia;1005;Headset;1;4973,84;2567,73;4973,84;2406,11
2022-04-30;Sul;Eduardo;João;9001;Notebook;8;1598,99;1160,21;12791,92;3510,24
2024-07-31;Centro-Oeste;Bruno;Antonia;1005;Headset;3;4256,59;2698,64;12769,77;4673,85
2024-04-30;Norte;Carlos;Antonia;1005;Headset;5;2154,51;1458,64;10772,55;3479,35
2024-02-29;Sudeste;Carlos;Manoela;5004;Monitor;2;619,75;407,5;1239,5;424,5
2024-07-31;Sul;Fernanda;João;3003;Placa de Vídeo NVidia;2;3927,85;3139,65;7855,7;1576,4
2022-06-30;Sudeste;Ana;João;9001;Notebook;6;1664,44;863,57;9986,64;4805,22
2025-10-31;Sul;Eduardo;João;5004;Monitor;6;4648,46;3192,48;27890,76;8735,88
2023-08-31;Sudeste;Eduardo;Antonia;3003;Placa de Vídeo NVidia;7;4182,74;2180,24;29279,18;14017,5
2023-04-30;Nordeste;Daniela;Manoela;9001;Notebook;1;4120,55;2845,11;4120,55;1275,44
2023-07-31;Nordeste;Eduardo;Manoela;2006;WebCam 4k;1;653,19;473,39;653,19;179,8
2022-03-31;Nordeste;Bruno;João;9001;Notebook;3;3309,87;2434,17;9929,61;2627,1
2025-02-28;Sul;Daniela;Ciro;7002;Smartphone;6;4229,76;2756,74;25378,56;8838,12
2022-02-28;Sul;Daniela;João;2006;WebCam 4k;3;4636,12;2406,18;13908,36;6689,82
2022-10-31;Sudeste;Eduardo;João;9001;Notebook;9;4604,41;3660,21;41439,69;8497,8
2024-05-31;Centro-Oeste;Bruno;João;3003;Placa de Vídeo NVidia;2;866,11;635,12;1732,22;461,98
2023-01-31;Centro-Oeste;Eduardo;Antonia;3003;Placa de Vídeo NVidia;6;3749,09;2440,73;22494,54;7850,16
2025-08-31;Sul;Ana;Marisa;3003;Placa de Vídeo NVidia;2;3285,71;1788,53;6571,42;2994,36
2023-10-31;Nordeste;Ana;Ciro;9001;Notebook;7;1723,55;992,13;12064,85;5119,94
2024-04-30;Sul;Fernanda;Marisa;3003;Placa de Vídeo NVidia;7;2957,17;2311,7;20700,19;4518,29
2024-09-30;Centro-Oeste;Carlos;Manoela;2006;WebCam 4k;1;4859,8;3855,95;4859,8;1003,85
2024-12-31;Sul;Ana;Ciro;2006;WebCam 4k;5;1967,19;1302,83;9835,95;3321,8
2024-09-30;Sudeste;Carlos;Ciro;1005;Headset;5;4857,81;2860,62;24289,05;9985,95
2022-04-30;Norte;Fernanda;Ciro;9001;Notebook;1;3059,03;1731,33;3059,03;1327,7
2023-10-31;Nordeste;Ana;Marisa;2006;WebCam 4k;8;4456,85;3540,99;35654,8;7326,88
2024-02-29;Nordeste;Eduardo;Marisa;7002;Smartphone;5;4549,47;3107,88;22747,35;7207,95
2023-02-28;Sudeste;Eduardo;Felipe;5004;Monitor;6;1665,6;1278,85;9993,6;2320,5
2022-03-31;Sul;Carlos;João;7002;Smartphone;5;3527,2;1871,59;17636,0;8278,05
2023-04-30;Sudeste;Fernanda;Marisa;9001;Notebook;6;2420,29;1852,13;14521,74;3408,96
2025-08-31;Centro-Oeste;Bruno;Antonia;7002;Smartphone;8;4661,83;3485,96;37294,64;9406,96
2024-01-31;Sul;Fernanda;Ciro;3003;Placa de Vídeo NVidia;9;2887,73;2102,24;25989,57;7069,41
2025-07-31;Sul;Eduardo;Antonia;9001;Notebook;1;3943,44;3012,48;3943,44;930,96
2023-11-30;Norte;Carlos;Felipe;3003;Placa de Vídeo NVidia;2;1953,97;1079,6;3907,94;1748,74
2023-06-30;Centro-Oeste;Fernanda;Manoela;2006;WebCam 4k;6;4198,9;2646,04;25193,4;9317,16
2022-02-28;Norte;Ana;Ciro;3003;Placa de Vídeo NVidia;7;2094,12;1175,64;14658,84;6429,36
2024-01-31;Sudeste;Ana;João;3003;Placa de Vídeo NVidia;9;4010,06;2835,25;36090,54;10573,29
2024-09-30;Sudeste;Daniela;Marisa;3003;Placa de Vídeo NVidia;2;4170,78;3301,0;8341,56;1739,56
2022-12-31;Sudeste;Carlos;Marisa;7002;Smartphone;8;2812,14;1604,97;22497,12;9657,36
2024-08-31;Nordeste;Daniela;Manoela;1005;Headset;1;4354,95;2292,68;4354,95;2062,27
2025-07-31;Norte;Fernanda;Felipe;2006;WebCam 4k;7;1349,59;690,12;9447,13;4616,29
2025-03-31;Sudeste;Bruno;Antonia;7002;Smartphone;7;3286,53;1744,3;23005,71;10795,61
2024-06-30;Sudeste;Ana;Antonia;2006;WebCam 4k;4;4488,91;2311,3;17955,64;8710,44
2022-11-30;Centro-Oeste;Bruno;Manoela;2006;WebCam 4k;8;3589,13;2343,35;28713,04;9966,24
2022-01-31;Sul;Carlos;Marisa;1005;Headset;7;4771,64;3762,84;33401,48;7061,6
2022-06-30;Sul;Bruno;Manoela;1005;Headset;5;1174,87;772,22;5874,35;2013,25
2024-11-30;Nordeste;Fernanda;Marisa;9001;Notebook;4;1944,0;1403,69;7776,0;2161,24
2024-10-31;Sudeste;Daniela;Marisa;9001;Notebook;8;3884,11;1963,37;31072,88;15365,92
2024-06-30;Sul;Carlos;Felipe;9001;Notebook;4;1470,68;1086,51;5882,72;1536,68
2024-07-31;Sul;Eduardo;Manoela;1005;Headset;1;2841,89;1789,33;2841,89;1052,56
2025-01-31;Norte;Ana;Ciro;1005;Headset;3;2136,74;1483,76;6410,22;1958,94
2025-01-31;Sul;Ana;Antonia;5004;Monitor;6;3858,01;2305,3;23148,06;9316,26
2025-01-31;Norte;Fernanda;Antonia;7002;Smartphone;7;3667,26;2714,8;25670,82;6667,22
2024-02-29;Norte;Carlos;João;3003;Placa de Vídeo NVidia;9;3434,55;1881,22;30910,95;13979,97
2024-10-31;Sudeste;Ana;Manoela;2006;WebCam 4k;1;1799,09;1240,96;1799,09;558,13
2023-04-30;Norte;Eduardo;Felipe;2006;WebCam 4k;8;988,55;766,22;7908,4;1778,64
2022-05-31;Nordeste;Eduardo;Antonia;2006;WebCam 4k;2;3706,52;2807,32;7413,04;1798,4
2022-08-31;Sudeste;Fernanda;Ciro;2006;WebCam 4k;1;526,82;383,79;526,82;143,03
2025-09-30;Norte;Eduardo;Marisa;2006;WebCam 4k;7;4781,45;2729,53;33470,15;14363,44
2025-03-31;Nordeste;Eduardo;Antonia;7002;Smartphone;2;2475,59;1399,39;4951,18;2152,4
2022-05-31;Sul;Fernanda;Ciro;2006;WebCam 4k;3;4777,45;3442,6;14332,35;4004,55
2025-04-30;Sul;Bruno;Manoela;7002;Smartphone;8;4987,02;2585,02;39896,16;19216,0
2023-06-30;Sudeste;Fernanda;Marisa;7002;Smartphone;6;4410,25;2521,52;26461,5;11332,38
2025-03-31;Norte;Daniela;Marisa;1005;Headset;7;4088,43;2951,89;28619,01;7955,78
2022-10-31;Centro-Oeste;Eduardo;Antonia;9001;Notebook;7;2858,29;1525,85;20008,03;9327,08
2025-06-30;Norte;Carlos;Marisa;7002;Smartphone;1;1163,49;861,2;1163,49;302,29
2023-11-30;Centro-Oeste;Fernanda;Felipe;1005;Headset;4;2391,36;1647,96;9565,44;2973,6
2022-10-31;Norte;Eduardo;Antonia;1005;Headset;2;2998,44;1663,0;5996,88;2670,88
2023-02-28;Nordeste;Ana;Ciro;2006;WebCam 4k;9;701,94;488,89;6317,46;1917,45
2023-04-30;Nordeste;Carlos;Antonia;9001;Notebook;5;3537,98;2153,03;17689,9;6924,75
2023-08-31;Nordeste;Bruno;Felipe;9001;Notebook;5;3690,64;2050,79;18453,2;8199,25
2023-12-31;Sudeste;Daniela;Marisa;2006;WebCam 4k;3;3544,99;2213,33;10634,97;3994,98
2024-01-31;Sul;Ana;Ciro;9001;Notebook;2;804,64;545,59;1609,28;518,1
2023-08-31;Sudeste;Bruno;Felipe;2006;WebCam 4k;6;4384,21;2852,26;26305,26;9191,7
2023-07-31;Sudeste;Ana;Antonia;3003;Placa de Vídeo NVidia;3;2409,06;1826,9;7227,18;1746,48
2025-08-31;Nordeste;Ana;Antonia;3003;Placa de Vídeo NVidia;1;4598,24;2433,43;4598,24;2164,81
2024-02-29;Norte;Daniela;Manoela;9001;Notebook;1;4183,93;2853,79;4183,93;1330,14
2022-03-31;Sul;Carlos;Manoela;3003;Placa de Vídeo NVidia;4;4152,07;3282,95;16608,28;3476,48
2022-03-31;Nordeste;Bruno;Manoela;2006;WebCam 4k;9;3748,32;2347,33;33734,88;12608,91
2023-02-28;Norte;Carlos;Felipe;5004;Monitor;1;1852,52;976,31;1852,52;876,21
2023-12-31;Sul;Eduardo;Antonia;7002;Smartphone;8;1947,99;1017,58;15583,92;7443,28
2024-10-31;Sudeste;Bruno;Manoela;5004;Monitor;5;1072,03;685,11;5360,15;1934,6
2022-06-30;Centro-Oeste;Bruno;Manoela;5004;Monitor;3;860,94;582,88;2582,82;834,18
2023-08-31;Nordeste;Ana;Antonia;1005;Headset;9;2389,77;1345,06;21507,93;9402,39
2022-08-31;Centro-Oeste;Eduardo;Felipe;3003;Placa de Vídeo NVidia;3;1303,66;1013,07;3910,98;871,77
2023-06-30;Centro-Oeste;Carlos;Manoela;9001;Notebook;2;3451,25;2508,95;6902,5;1884,6
2022-07-31;Sul;Fernanda;Manoela;9001;Notebook;1;4991,84;2942,11;4991,84;2049,73
2022-03-31;Sudeste;Daniela;Manoela;1005;Headset;7;2312,32;1775,31;16186,24;3759,07
2025-04-30;Sudeste;Eduardo;Marisa;5004;Monitor;2;2201,03;1126,3;4402,06;2149,46
2023-11-30;Nordeste;Eduardo;Antonia;3003;Placa de Vídeo NVidia;8;4991,35;2514,46;39930,8;19815,12
2024-04-30;Centro-Oeste;Carlos;João;1005;Headset;1;1436,23;1015,83;1436,23;420,4
2024-06-30;Norte;Fernanda;Ciro;3003;Placa de Vídeo NVidia;3;4222,66;2214,4;12667,98;6024,78
2023-04-30;Sudeste;Ana;João;1005;Headset;2;1509,99;828,41;3019,98;1363,16
2022-07-31;Sul;Carlos;Antonia;5004;Monitor;8;739,13;497,81;5913,04;1930,56
2022-07-31;Norte;Daniela;Ciro;9001;Notebook;4;2569,13;1469,53;10276,52;4398,4
2022-09-30;Sudeste;Daniela;Marisa;9001;Notebook;5;4897,18;2520,94;24485,9;11881,2
2023-11-30;Norte;Eduardo;Felipe;3003;Placa de Vídeo NVidia;7;4507,41;2545,46;31551,87;13733,65
2025-07-31;Centro-Oeste;Fernanda;João;3003;Placa de Vídeo NVidia;7;4612,82;3188,23;32289,74;9972,13
2024-10-31;Sudeste;Eduardo;Felipe;1005;Headset;5;4109,16;2411,18;20545,8;8489,9
2023-03-31;Norte;Carlos;Ciro;2006;WebCam 4k;7;1031,62;587,17;7221,34;3111,15
2024-06-30;Centro-Oeste;Daniela;Marisa;7002;Smartphone;3;2682,33;1584,06;8046,99;3294,81
2022-05-31;Sudeste;Daniela;Ciro;7002;Smartphone;5;3728,73;2806,24;18643,65;4612,45
2023-11-30;Norte;Daniela;Felipe;9001;Notebook;4;3477,93;2617,38;13911,72;3442,2
2022-08-31;Nordeste;Carlos;Ciro;1005;Headset;5;545,92;308,25;2729,6;1188,35
2023-08-31;Nordeste;Carlos;Antonia;2006;WebCam 4k;4;3494,65;2120,51;13978,6;5496,56
2024-07-31;Sudeste;Bruno;Antonia;5004;Monitor;1;4593,44;3646,02;4593,44;947,42
2023-11-30;Sudeste;Daniela;Ciro;3003;Placa de Vídeo NVidia;6;4526,37;3603,91;27158,22;5534,76
2022-06-30;Nordeste;Daniela;Manoela;9001;Notebook;1;2411,31;1651,24;2411,31;760,07
2023-03-31;Sul;Eduardo;Manoela;9001;Notebook;9;4413,45;3260,98;39721,05;10372,23
2024-02-29;Sul;Ana;João;2006;WebCam 4k;5;2312,51;1838,97;11562,55;2367,7
2023-11-30;Norte;Carlos;João;9001;Notebook;2;4787,41;2456,72;9574,82;4661,38
2024-01-31;Nordeste;Eduardo;Manoela;7002;Smartphone;5;786,2;449,93;3931,0;1681,35
2022-08-31;Sul;Eduardo;Felipe;3003;Placa de Vídeo NVidia;7;3317,8;2547,59;23224,6;5391,47
2022-03-31;Nordeste;Fernanda;Manoela;2006;WebCam 4k;2;1763,98;1294,39;3527,96;939,18
2023-08-31;Centro-Oeste;Carlos;Manoela;3003;Placa de Vídeo NVidia;7;1626,1;1001,21;11382,7;4374,23
2022-06-30;Centro-Oeste;Daniela;Manoela;2006;WebCam 4k;2;2695,37;2099,28;5390,74;1192,18
2025-06-30;Sul;Ana;Felipe;7002;Smartphone;4;3015,37;2148,97;12061,48;3465,6
2023-12-31;Sul;Bruno;Manoela;5004;Monitor;2;1315,07;916,47;2630,14;797,2
2022-02-28;Norte;Bruno;Felipe;2006;WebCam 4k;8;825,25;548,44;6602,0;2214,48
2023-07-31;Norte;Fernanda;Manoela;3003;Placa de Vídeo NVidia;8;1704,71;1062,02;13637,68;5141,52
2023-07-31;Sul;Ana;Felipe;9001;Notebook;8;567,75;379,79;4542,0;1503,68
2022-04-30;Centro-Oeste;Carlos;Marisa;7002;Smartphone;5;3226,28;1894,96;16131,4;6656,6
2024-05-31;Sudeste;Carlos;Antonia;7002;Smartphone;2;1095,72;751,79;2191,44;687,86
2024-03-31;Nordeste;Fernanda;Felipe;5004;Monitor;6;826,27;568,16;4957,62;1548,66
2025-09-30;Sudeste;Daniela;João;1005;Headset;9;2680,22;1671,72;24121,98;9076,5
2023-07-31;Sul;Bruno;Felipe;2006;WebCam 4k;4;2413,72;1436,4;9654,88;3909,28
2022-04-30;Norte;Fernanda;Antonia;7002;Smartphone;8;3892,67;2084,18;31141,36;14467,92
2024-02-29;Sudeste;Daniela;Felipe;1005;Headset;8;1669,04;937,96;13352,32;5848,64
2025-06-30;Sul;Bruno;Marisa;7002;Smartphone;3;906,74;475,73;2720,22;1293,03
2022-12-31;Centro-Oeste;Bruno;Ciro;1005;Headset;3;4822,6;3327,87;14467,8;4484,19
2022-12-31;Centro-Oeste;Daniela;João;5004;Monitor;5;2313,96;1428,41;11569,8;4427,75
2024-10-31;Centro-Oeste;Daniela;Antonia;9001;Notebook;5;4708,03;2988,56;23540,15;8597,35
2023-09-30;Centro-Oeste;Bruno;Felipe;3003;Placa de Vídeo NVidia;5;3079,9;1648,67;15399,5;7156,15
2023-02-28;Norte;Bruno;João;5004;Monitor;6;2987,56;1842,65;17925,36;6869,46
2022-06-30;Norte;Bruno;Felipe;1005;Headset;1;1178,46;912,28;1178,46;266,18
2023-09-30;Nordeste;Carlos;Manoela;3003;Placa de Vídeo NVidia;8;2897,9;1457,37;23183,2;11524,24
2023-05-31;Sudeste;Carlos;Antonia;3003;Placa de Vídeo NVidia;4;1326,1;968,63;5304,4;1429,88
2025-02-28;Nordeste;Fernanda;Felipe;7002;Smartphone;8;2639,79;1756,62;21118,32;7065,36
2023-03-31;Sul;Ana;Ciro;1005;Headset;8;4041,76;2632,1;32334,08;11277,28
2025-08-31;Nordeste;Ana;Marisa;3003;Placa de Vídeo NVidia;5;4214,41;2304,2;21072,05;9551,05
2024-04-30;Sul;Eduardo;Felipe;5004;Monitor;5;658,85;391,85;3294,25;1335,0
2024-01-31;Sudeste;Fernanda;Antonia;7002;Smartphone;6;2157,35;1226,15;12944,1;5587,2
2023-05-31;Nordeste;Bruno;João;1005;Headset;1;2169,76;1099,3;2169,76;1070,46
2023-09-30;Nordeste;Carlos;Marisa;2006;WebCam 4k;2;4150,25;3235,75;8300,5;1829,0
2022-09-30;Sudeste;Ana;Antonia;1005;Headset;1;1641,8;1134,45;1641,8;507,35
2024-07-31;Norte;Fernanda;Felipe;5004;Monitor;7;2863,29;2133,93;20043,03;5105,52
2023-07-31;Norte;Ana;Felipe;7002;Smartphone;2;2944,62;2283,48;5889,24;1322,28
2022-02-28;Sudeste;Ana;Manoela;3003;Placa de Vídeo NVidia;8;1888,08;1193,87;15104,64;5553,68
2022-08-31;Nordeste;Ana;Manoela;3003;Placa de Vídeo NVidia;8;4972,28;3278,25;39778,24;13552,24
2022-09-30;Sul;Fernanda;Manoela;2006;WebCam 4k;5;2715,51;1598,48;13577,55;5585,15
2024-05-31;Sudeste;Carlos;Ciro;9001;Notebook;7;2981,58;1586,01;20871,06;9768,99
2023-01-31;Nordeste;Carlos;Antonia;7002;Smartphone;9;3066,81;1567,9;27601,29;13490,19
2025-09-30;Centro-Oeste;Fernanda;João;5004;Monitor;9;1957,42;1063,01;17616,78;8049,69
2024-03-31;Sul;Bruno;Antonia;3003;Placa de Vídeo NVidia;4;2218,0;1707,89;8872,0;2040,44
2023-02-28;Centro-Oeste;Daniela;Felipe;2006;WebCam 4k;8;877,99;483,66;7023,92;3154,64
2025-07-31;Sudeste;Carlos;Manoela;7002;Smartphone;3;1148,87;709,91;3446,61;1316,88
2024-03-31;Norte;Eduardo;Marisa;3003;Placa de Vídeo NVidia;2;1395,87;790,06;2791,74;1211,62
2022-04-30;Centro-Oeste;Bruno;Marisa;1005;Headset;4;3807,71;2662,66;15230,84;4580,2
2022-12-31;Sudeste;Bruno;Felipe;3003;Placa de Vídeo NVidia;4;3091,63;1975,04;12366,52;4466,36
2023-04-30;Sul;Ana;Ciro;7002;Smartphone;1;2838,84;2157,78;2838,84;681,06
2024-09-30;Norte;Carlos;Manoela;9001;Notebook;8;714,53;476,7;5716,24;1902,64
2023-07-31;Sul;Eduardo;Antonia;2006;WebCam 4k;3;3163,96;2338,91;9491,88;2475,15
2024-03-31;Sul;Bruno;Manoela;2006;WebCam 4k;1;1517,74;903,86;1517,74;613,88
2025-02-28;Centro-Oeste;Bruno;Antonia;9001;Notebook;9;4650,05;2885,95;41850,45;15876,9
2022-04-30;Nordeste;Bruno;Felipe;3003;Placa de Vídeo NVidia;7;3667,23;2614,55;25670,61;7368,76
2025-09-30;Norte;Carlos;Antonia;1005;Headset;5;4342,66;2418,03;21713,3;9623,15
2025-05-31;Sul;Fernanda;Felipe;7002;Smartphone;1;4013,52;3073,0;4013,52;940,52
2022-11-30;Sul;Eduardo;João;3003;Placa de Vídeo NVidia;1;2515,2;1851,93;2515,2;663,27
2022-03-31;Sudeste;Daniela;Manoela;5004;Monitor;4;4447,59;3365,59;17790,36;4328,0
2023-06-30;Norte;Carlos;Ciro;9001;Notebook;2;3133,87;1806,16;6267,74;2655,42
2024-11-30;Sudeste;Eduardo;Marisa;7002;Smartphone;4;1116,72;879,13;4466,88;950,36
2023-02-28;Sul;Eduardo;Ciro;1005;Headset;8;2400,43;1220,74;19203,44;9437,52
2022-10-31;Norte;Bruno;Ciro;5004;Monitor;6;2954,25;2087,62;17725,5;5199,78
2023-08-31;Nordeste;Eduardo;Manoela;3003;Placa de Vídeo NVidia;2;627,66;412,78;1255,32;429,76
2025-04-30;Nordeste;Bruno;João;5004;Monitor;9;3970,15;2056,75;35731,35;17220,6
2023-05-31;Sul;Fernanda;Marisa;3003;Placa de Vídeo NVidia;2;1233,45;860,46;2466,9;745,98
2024-05-31;Centro-Oeste;Daniela;Antonia;7002;Smartphone;2;3335,78;2475,31;6671,56;1720,94
2025-06-30;Sudeste;Fernanda;Manoela;9001;Notebook;4;4993,47;2717,54;19973,88;9103,72
2023-06-30;Sudeste;Daniela;João;5004;Monitor;2;3368,21;2147,96;6736,42;2440,5
2024-12-31;Sul;Ana;Ciro;3003;Placa de Vídeo NVidia;8;4638,46;3133,03;37107,68;12043,44
2023-11-30;Sudeste;Ana;João;7002;Smartphone;3;4980,21;3588,67;14940,63;4174,62
2025-02-28;Nordeste;Ana;Antonia;3003;Placa de Vídeo NVidia;1;4467,88;3034,01;4467,88;1433,87
2024-09-30;Norte;Fernanda;Felipe;5004;Monitor;7;4277,58;3109,15;29943,06;8179,01
2025-07-31;Sul;Daniela;Antonia;3003;Placa de Vídeo NVidia;4;1171,48;764,59;4685,92;1627,56
2023-07-31;Sul;Ana;Marisa;5004;Monitor;3;4949,67;3665,08;14849,01;3853,77
2024-04-30;Norte;Bruno;João;5004;Monitor;4;3426,68;2639,21;13706,72;3149,88
2024-05-31;Nordeste;Carlos;Manoela;1005;Headset;9;824,49;456,54;7420,41;3311,55
2022-06-30;Sul;Carlos;Manoela;7002;Smartphone;6;1748,1;1118,08;10488,6;3780,12
2022-04-30;Centro-Oeste;Eduardo;Marisa;9001;Notebook;8;2861,16;2035,82;22889,28;6602,72
2023-09-30;Centro-Oeste;Carlos;Felipe;2006;WebCam 4k;7;4478,54;3142,29;31349,78;9353,75
2024-05-31;Centro-Oeste;Bruno;Felipe;9001;Notebook;2;4027,71;2880,22;8055,42;2294,98
2022-05-31;Norte;Daniela;Felipe;5004;Monitor;5;3428,58;2001,35;17142,9;7136,15
2023-03-31;Nordeste;Daniela;João;5004;Monitor;8;2916,36;1668,6;23330,88;9982,08
2022-04-30;Sul;Carlos;Ciro;9001;Notebook;4;1813,69;1339,87;7254,76;1895,28
2025-01-31;Nordeste;Daniela;Felipe;2006;WebCam 4k;8;2195,37;1351,59;17562,96;6750,24
2023-03-31;Centro-Oeste;Fernanda;Marisa;7002;Smartphone;7;4999,82;3972,01;34998,74;7194,67
2025-03-31;Centro-Oeste;Eduardo;Antonia;9001;Notebook;8;3446,52;2552,45;27572,16;7152,56
2024-11-30;Sul;Eduardo;Ciro;9001;Notebook;3;2606,42;1376,19;7819,26;3690,69
2024-10-31;Sul;Carlos;Manoela;5004;Monitor;6;2455,11;1945,44;14730,66;3058,02
2024-02-29;Sudeste;Ana;Antonia;7002;Smartphone;7;2456,69;1427,8;17196,83;7202,23
2025-05-31;Centro-Oeste;Daniela;João;5004;Monitor;6;3187,48;2369,66;19124,88;4906,92
2024-06-30;Norte;Fernanda;Marisa;2006;WebCam 4k;4;3067,26;1952,96;12269,04;4457,2
2024-01-31;Centro-Oeste;Daniela;João;2006;WebCam 4k;3;2037,88;1351,47;6113,64;2059,23
2024-11-30;Sudeste;Bruno;Ciro;5004;Monitor;3;4532,69;2931,03;13598,07;4804,98
2025-04-30;Sudeste;Fernanda;Manoela;5004;Monitor;8;3944,17;2609,68;31553,36;10675,92
2022-03-31;Norte;Bruno;João;2006;WebCam 4k;7;4880,08;2677,84;34160,56;15415,68
2025-05-31;Sul;Bruno;Marisa;9001;Notebook;9;2651,88;1806,02;23866,92;7612,74
2024-11-30;Nordeste;Carlos;Manoela;2006;WebCam 4k;6;571,77;288,75;3430,62;1698,12
2024-06-30;Norte;Carlos;Felipe;1005;Headset;6;4260,61;2675,28;25563,66;9511,98
2022-08-31;Nordeste;Fernanda;Marisa;3003;Placa de Vídeo NVidia;4;1905,6;1055,4;7622,4;3400,8
2025-06-30;Sul;Daniela;Felipe;9001;Notebook;7;2131,84;1424,08;14922,88;4954,32
2023-01-31;Nordeste;Fernanda;João;1005;Headset;4;3029,33;1638,53;12117,32;5563,2
2024-12-31;Nordeste;Ana;João;5004;Monitor;3;789,22;488,49;2367,66;902,19
2022-08-31;Sudeste;Bruno;Marisa;3003;Placa de Vídeo NVidia;5;1322,23;808,35;6611,15;2569,4
2023-04-30;Sudeste;Bruno;Antonia;9001;Notebook;2;2958,03;2170,84;5916,06;1574,38
2022-11-30;Sul;Carlos;João;7002;Smartphone;6;1585,15;1019,78;9510,9;3392,22
2022-12-31;Sudeste;Bruno;Felipe;9001;Notebook;1;2208,82;1507,86;2208,82;700,96
2022-04-30;Sudeste;Fernanda;Marisa;2006;WebCam 4k;1;3715,65;1987,63;3715,65;1728,02
2024-01-31;Nordeste;Fernanda;Antonia;3003;Placa de Vídeo NVidia;1;1793,43;1149,34;1793,43;644,09
2024-06-30;Sudeste;Eduardo;Ciro;1005;Headset;5;3943,56;2341,61;19717,8;8009,75
2024-11-30;Sul;Daniela;Manoela;2006;WebCam 4k;1;3617,32;2110,09;3617,32;1507,23
2025-07-31;Nordeste;Fernanda;Manoela;1005;Headset;4;690,08;348,68;2760,32;1365,6
2023-02-28;Centro-Oeste;Daniela;Marisa;2006;WebCam 4k;9;2579,12;1926,63;23212,08;5872,41
2023-02-28;Nordeste;Ana;João;5004;Monitor;4;3739,04;2756,77;14956,16;3929,08
2024-07-31;Sudeste;Carlos;Antonia;5004;Monitor;6;1477,25;1116,36;8863,5;2165,34
2023-03-31;Nordeste;Daniela;João;2006;WebCam 4k;8;591,08;373,55;4728,64;1740,24
2023-06-30;Sudeste;Carlos;Manoela;3003;Placa de Vídeo NVidia;7;3785,59;2968,14;26499,13;5722,15
2023-05-31;Norte;Eduardo;Felipe;3003;Placa de Vídeo NVidia;5;3731,07;2099,47;18655,35;8158,0
2024-02-29;Centro-Oeste;Carlos;Marisa;3003;Placa de Vídeo NVidia;2;3881,59;2790,78;7763,18;2181,62
2022-11-30;Sul;Daniela;Antonia;3003;Placa de Vídeo NVidia;2;4864,9;2993,62;9729,8;3742,56
2024-05-31;Sul;Ana;Felipe;7002;Smartphone;9;3558,68;2647,22;32028,12;8203,14
2025-10-31;Centro-Oeste;Eduardo;Marisa;1005;Headset;9;1412,29;1031,09;12710,61;3430,8
2022-08-31;Sul;Carlos;Ciro;1005;Headset;5;4584,44;2855,34;22922,2;8645,5
2025-09-30;Sudeste;Bruno;Ciro;7002;Smartphone;2;4971,35;3014,74;9942,7;3913,22
2024-06-30;Sul;Daniela;João;7002;Smartphone;6;604,45;395,38;3626,7;1254,42
2024-05-31;Centro-Oeste;Bruno;Marisa;7002;Smartphone;2;1982,67;1128,27;3965,34;1708,8
2024-06-30;Sul;Carlos;Marisa;7002;Smartphone;8;4067,41;3159,31;32539,28;7264,8
2025-09-30;Nordeste;Carlos;Antonia;7002;Smartphone;6;4763,96;3280,75;28583,76;8899,26
2022-05-31;Centro-Oeste;Ana;Marisa;2006;WebCam 4k;3;835,55;657,4;2506,65;534,45
2025-06-30;Sul;Carlos;Ciro;9001;Notebook;8;4823,75;3331,92;38590,0;11934,64
2023-06-30;Norte;Daniela;Ciro;5004;Monitor;3;4323,05;2523,32;12969,15;5399,19
2023-06-30;Sul;Eduardo;Felipe;2006;WebCam 4k;7;3115,52;1795,49;21808,64;9240,21
2025-08-31;Norte;Fernanda;Antonia;2006;WebCam 4k;2;3811,1;2831,59;7622,2;1959,02
2024-11-30;Nordeste;Eduardo;Manoela;5004;Monitor;8;1542,45;1196,14;12339,6;2770,48
2023-10-31;Sul;Bruno;Felipe;7002;Smartphone;8;1305,32;1009,93;10442,56;2363,12
2025-08-31;Norte;Fernanda;Manoela;3003;Placa de Vídeo NVidia;1;1302,2;679,65;1302,2;622,55
2025-08-31;Centro-Oeste;Bruno;João;9001;Notebook;6;3817,58;2976,09;22905,48;5048,94
2024-05-31;Norte;Carlos;Ciro;3003;Placa de Vídeo NVidia;9;729,19;435,68;6562,71;2641,59
2022-03-31;Norte;Daniela;Ciro;2006;WebCam 4k;9;3959,39;2328,03;35634,51;14682,24
2024-03-31;Nordeste;Bruno;Felipe;9001;Notebook;5;3079,97;1848,1;15399,85;6159,35
2022-11-30;Centro-Oeste;Eduardo;Antonia;9001;Notebook;9;1536,33;855,24;13826,97;6129,81
2023-04-30;Centro-Oeste;Daniela;Manoela;1005;Headset;3;3636,09;1881,38;10908,27;5264,13
2022-01-31;Nordeste;Daniela;Antonia;5004;Monitor;9;955,47;487,41;8599,23;4212,54
2022-12-31;Sul;Ana;Manoela;3003;Placa de Vídeo NVidia;3;4959,05;2647,74;14877,15;6933,93
2024-06-30;Sudeste;Eduardo;Ciro;3003;Placa de Vídeo NVidia;8;1751,26;1137,39;14010,08;4910,96
2024-02-29;Sudeste;Daniela;Manoela;3003;Placa de Vídeo NVidia;8;777,7;496,31;6221,6;2251,12
2025-07-31;Norte;Ana;Manoela;7002;Smartphone;4;3715,94;2400,84;14863,76;5260,4
2023-01-31;Nordeste;Carlos;Felipe;5004;Monitor;6;654,01;521,05;3924,06;797,76
2025-06-30;Nordeste;Bruno;Felipe;5004;Monitor;3;1980,59;1416,25;5941,77;1693,02
2023-06-30;Norte;Carlos;Manoela;7002;Smartphone;7;2363,47;1330,09;16544,29;7233,66
2024-11-30;Norte;Fernanda;Felipe;3003;Placa de Vídeo NVidia;7;1664,68;1010,43;11652,76;4579,75
2022-07-31;Centro-Oeste;Bruno;Antonia;9001;Notebook;1;4063,81;2469,74;4063,81;1594,07
2022-07-31;Sul;Daniela;Antonia;7002;Smartphone;2;4749,56;2602,07;9499,12;4294,98
2024-02-29;Centro-Oeste;Carlos;Ciro;1005;Headset;4;4923,43;3440,01;19693,72;5933,68
2024-04-30;Norte;Carlos;Marisa;2006;WebCam 4k;9;2273,75;1245,88;20463,75;9250,83
2024-07-31;Sul;Bruno;João;3003;Placa de Vídeo NVidia;2;1195,55;862,2;2391,1;666,7
2022-11-30;Nordeste;Carlos;Ciro;1005;Headset;5;3973,07;2991,54;19865,35;4907,65
2025-07-31;Nordeste;Carlos;Marisa;5004;Monitor;6;900,21;461,63;5401,26;2631,48
2024-01-31;Centro-Oeste;Ana;Antonia;9001;Notebook;9;1944,75;1359,5;17502,75;5267,25
2024-06-30;Centro-Oeste;Fernanda;João;7002;Smartphone;3;4033,96;2779,3;12101,88;3763,98
2025-01-31;Sul;Daniela;João;2006;WebCam 4k;8;2295,88;1782,21;18367,04;4109,36
2024-03-31;Norte;Daniela;Antonia;2006;WebCam 4k;8;4586,65;3641,45;36693,2;7561,6
2025-03-31;Centro-Oeste;Ana;Manoela;9001;Notebook;6;1531,47;784,84;9188,82;4479,78
2025-08-31;Sudeste;Bruno;Felipe;5004;Monitor;8;2534,59;1793,5;20276,72;5928,72
2022-02-28;Centro-Oeste;Carlos;Manoela;2006;WebCam 4k;3;3121,68;1649,32;9365,04;4417,08
2023-12-31;Sudeste;Daniela;Antonia;3003;Placa de Vídeo NVidia;7;4364,93;2326,63;30554,51;14268,1
2024-02-29;Norte;Daniela;Manoela;7002;Smartphone;2;2463,02;1573,24;4926,04;1779,56
2023-01-31;Nordeste;Carlos;Manoela;9001;Notebook;9;2021,07;1234,79;18189,63;7076,52
2022-05-31;Sul;Bruno;Marisa;9001;Notebook;3;1438,93;1015,7;4316,79;1269,69
2025-01-31;Centro-Oeste;Fernanda;João;9001;Notebook;5;2764,55;1929,21;13822,75;4176,7
2025-04-30;Sul;Fernanda;Felipe;9001;Notebook;4;1663,22;1206,63;6652,88;1826,36
2023-10-31;Norte;Bruno;Ciro;3003;Placa de Vídeo NVidia;2;3361,95;2017,07;6723,9;2689,76
2025-04-30;Nordeste;Eduardo;João;7002;Smartphone;8;3604,07;2824,5;28832,56;6236,56
2023-05-31;Centro-Oeste;Eduardo;Marisa;5004;Monitor;4;3351,2;1987,91;13404,8;5453,16
2025-01-31;Sul;Carlos;Marisa;7002;Smartphone;9;4880,47;2538,55;43924,23;21077,28
2024-04-30;Nordeste;Ana;Ciro;7002;Smartphone;1;1589,11;934,62;1589,11;654,49
2022-03-31;Nordeste;Ana;Antonia;9001;Notebook;9;1119,16;874,39;10072,44;2202,93
2023-08-31;Sudeste;Eduardo;Ciro;1005;Headset;4;1241,49;675,61;4965,96;2263,52
2022-07-31;Sudeste;Carlos;Ciro;5004;Monitor;9;2170,28;1474,56;19532,52;6261,48
2025-05-31;Sudeste;Fernanda;João;1005;Headset;7;1287,72;738,17;9014,04;3846,85
2024-06-30;Nordeste;Fernanda;Manoela;2006;WebCam 4k;6;3846,41;2954,75;23078,46;5349,96
2022-04-30;Centro-Oeste;Bruno;Marisa;2006;WebCam 4k;5;1100,12;857,55;5500,6;1212,85
2022-02-28;Sul;Bruno;Manoela;2006;WebCam 4k;4;3445,19;2546,67;13780,76;3594,08
2024-10-31;Sudeste;Ana;João;5004;Monitor;8;4476,21;3266,7;35809,68;9676,08
2022-07-31;Sul;Daniela;Felipe;1005;Headset;4;4209,81;2507,49;16839,24;6809,28
2023-12-31;Sul;Bruno;João;9001;Notebook;1;2170,34;1529,53;2170,34;640,81
2023-11-30;Norte;Ana;Antonia;2006;WebCam 4k;2;3859,39;2332,96;7718,78;3052,86
2023-10-31;Sul;Ana;Manoela;9001;Notebook;3;1183,91;923,45;3551,73;781,38
2022-07-31;Sul;Eduardo;João;3003;Placa de Vídeo NVidia;9;4258,39;2316,14;38325,51;17480,25
2024-05-31;Sul;Fernanda;Felipe;9001;Notebook;3;4174,06;3294,42;12522,18;2638,92
2024-03-31;Norte;Carlos;Marisa;9001;Notebook;4;3892,63;2813,6;15570,52;4316,12
2022-08-31;Norte;Daniela;João;5004;Monitor;3;2495,1;1501,41;7485,3;2981,07
2024-04-30;Centro-Oeste;Daniela;Ciro;2006;WebCam 4k;7;2916,41;2222,28;20414,87;4858,91
2022-04-30;Nordeste;Fernanda;Ciro;5004;Monitor;3;3660,14;2528,86;10980,42;3393,84
2024-12-31;Centro-Oeste;Eduardo;Felipe;9001;Notebook;2;3670,22;2756,71;7340,44;1827,02
2023-03-31;Sul;Eduardo;Felipe;2006;WebCam 4k;9;4138,18;2522,53;37243,62;14540,85
2022-08-31;Sudeste;Eduardo;Ciro;9001;Notebook;8;4600,58;2832,53;36804,64;14144,4
2023-12-31;Sudeste;Fernanda;João;3003;Placa de Vídeo NVidia;2;3023,9;2386,64;6047,8;1274,52
2023-02-28;Norte;Eduardo;Marisa;3003;Placa de Vídeo NVidia;2;4348,93;2983,33;8697,86;2731,2
2025-01-31;Centro-Oeste;Ana;João;5004;Monitor;1;1740,42;1166,26;1740,42;574,16
2025-05-31;Nordeste;Ana;Marisa;9001;Notebook;4;1512,06;870,46;6048,24;2566,4
2024-03-31;Norte;Carlos;Manoela;9001;Notebook;4;4999,12;3776,88;19996,48;4888,96
2022-02-28;Nordeste;Bruno;Felipe;7002;Smartphone;1;2915,45;1836,5;2915,45;1078,95
2025-04-30;Sudeste;Bruno;Manoela;7002;Smartphone;9;4720,41;3229,53;42483,69;13417,92
2025-05-31;Sudeste;Carlos;Felipe;1005;Headset;1;4181,67;2726,65;4181,67;1455,02
2023-04-30;Norte;Daniela;João;1005;Headset;7;2186,16;1625,62;15303,12;3923,78
2023-02-28;Nordeste;Ana;Felipe;1005;Headset;9;3587,95;2668,88;32291,55;8271,63
2023-08-31;Norte;Eduardo;Felipe;9001;Notebook;6;2733,61;2176,69;16401,66;3341,52
2023-08-31;Sul;Bruno;Felipe;3003;Placa de Vídeo NVidia;8;3647,59;1916,75;29180,72;13846,72
2024-02-29;Nordeste;Carlos;Marisa;2006;WebCam 4k;8;4085,33;2426,85;32682,64;13267,84
2024-08-31;Centro-Oeste;Daniela;João;2006;WebCam 4k;2;4167,78;2310,79;8335,56;3713,98
2022-03-31;Centro-Oeste;Eduardo;Manoela;2006;WebCam 4k;6;659,57;392,7;3957,42;1601,22
2025-02-28;Sudeste;Eduardo;Ciro;7002;Smartphone;4;1535,03;1112,43;6140,12;1690,4
2023-08-31;Sul;Bruno;Ciro;1005;Headset;9;2317,59;1232,47;20858,31;9766,08
2024-02-29;Norte;Fernanda;Manoela;3003;Placa de Vídeo NVidia;6;3871,68;2447,31;23230,08;8546,22
2022-12-31;Sul;Bruno;João;9001;Notebook;4;2790,6;1684,25;11162,4;4425,4
2024-07-31;Sul;Bruno;Antonia;1005;Headset;4;2983,91;2202,97;11935,64;3123,76
2022-07-31;Nordeste;Bruno;Manoela;3003;Placa de Vídeo NVidia;8;1024,16;767,75;8193,28;2051,28
2022-03-31;Sul;Eduardo;Manoela;1005;Headset;9;3865,02;2371,0;34785,18;13446,18
2025-02-28;Sul;Bruno;Ciro;1005;Headset;9;679,83;440,16;6118,47;2157,03
2025-01-31;Centro-Oeste;Eduardo;Ciro;3003;Placa de Vídeo NVidia;7;2275,24;1469,84;15926,68;5637,8
2025-01-31;Sudeste;Fernanda;Antonia;9001;Notebook;4;2080,0;1375,98;8320,0;2816,08
2023-02-28;Sudeste;Fernanda;Marisa;1005;Headset;2;4835,06;3185,48;9670,12;3299,16
2025-07-31;Sul;Fernanda;Manoela;7002;Smartphone;4;1919,51;968,14;7678,04;3805,48
2025-04-30;Norte;Ana;João;9001;Notebook;1;1312,64;1034,64;1312,64;278,0
2023-04-30;Nordeste;Daniela;João;2006;WebCam 4k;5;1882,86;1239,73;9414,3;3215,65
2024-09-30;Centro-Oeste;Fernanda;Antonia;7002;Smartphone;4;1125,52;835,91;4502,08;1158,44
2022-02-28;Sul;Eduardo;Ciro;9001;Notebook;8;1164,93;821,53;9319,44;2747,2
2024-11-30;Nordeste;Carlos;João;5004;Monitor;4;3728,56;2481,52;14914,24;4988,16
2024-05-31;Norte;Ana;Ciro;9001;Notebook;5;3024,68;1764,68;15123,4;6300,0
2022-11-30;Centro-Oeste;Ana;João;5004;Monitor;5;1612,02;839,68;8060,1;3861,7
2025-09-30;Norte;Daniela;Ciro;7002;Smartphone;1;1696,36;1216,98;1696,36;479,38
2023-01-31;Sudeste;Fernanda;Manoela;1005;Headset;2;4331,42;2844,8;8662,84;2973,24
2023-07-31;Centro-Oeste;Eduardo;João;1005;Headset;2;3909,19;2081,14;7818,38;3656,1
2024-11-30;Norte;Daniela;Manoela;3003;Placa de Vídeo NVidia;6;3115,68;2443,57;18694,08;4032,66
2024-07-31;Nordeste;Ana;Manoela;2006;WebCam 4k;3;3317,17;1990,6;9951,51;3979,71
2023-09-30;Sudeste;Carlos;Marisa;7002;Smartphone;4;900,53;520,49;3602,12;1520,16
2022-05-31;Centro-Oeste;Daniela;Antonia;7002;Smartphone;2;708,29;464,92;1416,58;486,74
2022-06-30;Sul;Daniela;Ciro;2006;WebCam 4k;8;2232,27;1591,14;17858,16;5129,04
2022-05-31;Sul;Fernanda;João;1005;Headset;6;1340,01;739,41;8040,06;3603,6
2023-11-30;Nordeste;Ana;Felipe;5004;Monitor;3;3080,83;2280,16;9242,49;2402,01
2023-04-30;Norte;Ana;Marisa;9001;Notebook;7;511,92;361,53;3583,44;1052,73
2025-09-30;Norte;Daniela;Marisa;7002;Smartphone;5;4064,05;2079,07;20320,25;9924,9
2022-09-30;Nordeste;Daniela;Manoela;1005;Headset;1;628,59;338,27;628,59;290,32
2024-01-31;Sul;Bruno;Marisa;1005;Headset;9;1260,72;936,4;11346,48;2918,88
2023-12-31;Sudeste;Ana;Manoela;9001;Notebook;6;3942,59;2769,52;23655,54;7038,42
2022-07-31;Nordeste;Daniela;João;3003;Placa de Vídeo NVidia;7;688,91;470,86;4822,37;1526,35
2022-11-30;Centro-Oeste;Fernanda;Antonia;2006;WebCam 4k;7;4687,33;3145,62;32811,31;10791,97
2023-10-31;Sul;Daniela;Felipe;9001;Notebook;1;1197,54;920,41;1197,54;277,13
2024-05-31;Centro-Oeste;Carlos;Felipe;9001;Notebook;3;4747,64;2743,93;14242,92;6011,13
2022-03-31;Norte;Daniela;Felipe;9001;Notebook;6;3204,4;1664,86;19226,4;9237,24
2023-07-31;Nordeste;Bruno;Marisa;9001;Notebook;8;1032,42;578,63;8259,36;3630,32
2022-02-28;Sudeste;Ana;Manoela;7002;Smartphone;6;4956,8;3005,46;29740,8;11708,04
2022-05-31;Nordeste;Ana;Marisa;1005;Headset;9;4661,55;3168,55;41953,95;13437,0
2024-04-30;Sul;Daniela;Manoela;9001;Notebook;4;4544,63;3267,61;18178,52;5108,08
2023-08-31;Nordeste;Bruno;Ciro;2006;WebCam 4k;8;3891,65;2811,53;31133,2;8640,96
2024-07-31;Centro-Oeste;Bruno;Antonia;2006;WebCam 4k;5;3711,28;1883,79;18556,4;9137,45
2023-04-30;Sudeste;Carlos;Marisa;3003;Placa de Vídeo NVidia;5;1418,98;896,22;7094,9;2613,8
2022-07-31;Sul;Fernanda;Marisa;5004;Monitor;3;4007,93;2481,54;12023,79;4579,17
2025-07-31;Centro-Oeste;Fernanda;Marisa;9001;Notebook;9;2329,68;1425,72;20967,12;8135,64
2022-10-31;Norte;Carlos;Manoela;3003;Placa de Vídeo NVidia;5;692,05;531,93;3460,25;800,6
2025-03-31;Nordeste;Fernanda;João;9001;Notebook;8;2739,57;1859,77;21916,56;7038,4
2025-03-31;Nordeste;Daniela;Marisa;9001;Notebook;6;1439,25;1137,83;8635,5;1808,52
2025-02-28;Sul;Eduardo;Felipe;7002;Smartphone;6;760,21;474,59;4561,26;1713,72
2024-04-30;Sul;Ana;Antonia;1005;Headset;9;1473,45;1043,4;13261,05;3870,45
2022-07-31;Norte;Ana;Felipe;1005;Headset;5;691,2;428,88;3456,0;1311,6
2025-08-31;Nordeste;Bruno;Ciro;7002;Smartphone;3;2875,23;2027,34;8625,69;2543,67
2023-04-30;Norte;Daniela;Manoela;3003;Placa de Vídeo NVidia;7;2740,4;2073,36;19182,8;4669,28
2024-06-30;Sul;Carlos;Antonia;1005;Headset;5;1307,17;935,09;6535,85;1860,4
2024-05-31;Sudeste;Carlos;Felipe;9001;Notebook;4;3024,4;2109,71;12097,6;3658,76
2025-10-31;Centro-Oeste;Daniela;Marisa;2006;WebCam 4k;6;3409,27;2041,23;20455,62;8208,24
2022-07-31;Nordeste;Ana;Antonia;3003;Placa de Vídeo NVidia;5;1420,56;850,67;7102,8;2849,45
2025-04-30;Sul;Eduardo;Marisa;1005;Headset;5;557,96;426,65;2789,8;656,55
2022-02-28;Norte;Ana;João;3003;Placa de Vídeo NVidia;4;4945,53;3905,27;19782,12;4161,04
2023-04-30;Norte;Eduardo;Antonia;7002;Smartphone;4;3676,42;1890,46;14705,68;7143,84
2022-07-31;Sul;Fernanda;João;3003;Placa de Vídeo NVidia;8;3500,81;2683,35;28006,48;6539,68
2025-04-30;Norte;Daniela;Marisa;3003;Placa de Vídeo NVidia;6;3098,14;2109,8;18588,84;5930,04
2022-05-31;Sudeste;Daniela;Ciro;7002;Smartphone;5;572,29;393,07;2861,45;896,1
2023-04-30;Centro-Oeste;Fernanda;Felipe;7002;Smartphone;1;4890,39;3744,9;4890,39;1145,49
2024-04-30;Centro-Oeste;Fernanda;Manoela;5004;Monitor;7;843,77;487,68;5906,39;2492,63
2023-11-30;Nordeste;Carlos;Antonia;5004;Monitor;2;4670,05;3303,24;9340,1;2733,62
2022-10-31;Centro-Oeste;Daniela;Felipe;2006;WebCam 4k;5;1548,84;954,04;7744,2;2974,0
2024-12-31;Sul;Daniela;Antonia;2006;WebCam 4k;4;3925,73;2496,65;15702,92;5716,32
2023-08-31;Sul;Bruno;João;9001;Notebook;4;1032,67;655,48;4130,68;1508,76
2025-10-31;Nordeste;Eduardo;Marisa;1005;Headset;9;1576,15;1243,37;14185,35;2995,02
2023-06-30;Sudeste;Bruno;Felipe;5004;Monitor;4;2005,1;1578,88;8020,4;1704,88
2022-10-31;Sul;Carlos;Antonia;3003;Placa de Vídeo NVidia;9;634,7;346,21;5712,3;2596,41
2022-01-31;Norte;Ana;Ciro;3003;Placa de Vídeo NVidia;5;3891,49;2487,52;19457,45;7019,85
2022-02-28;Norte;Bruno;Ciro;5004;Monitor;3;2324,35;1406,31;6973,05;2754,12
2022-09-30;Sul;Bruno;Antonia;9001;Notebook;1;4117,9;2673,77;4117,9;1444,13
2025-03-31;Centro-Oeste;Eduardo;Marisa;3003;Placa de Vídeo NVidia;9;2131,02;1217,93;19179,18;8217,81
2024-04-30;Norte;Ana;Felipe;9001;Notebook;3;1407,06;929,71;4221,18;1432,05
2024-09-30;Nordeste;Fernanda;Ciro;5004;Monitor;8;3725,33;2623,5;29802,64;8814,64
2024-07-31;Sul;Carlos;Ciro;9001;Notebook;8;2036,42;1454,21;16291,36;4657,68
2022-04-30;Centro-Oeste;Daniela;Marisa;2006;WebCam 4k;6;1800,17;924,72;10801,02;5252,7
2022-06-30;Sudeste;Bruno;Marisa;7002;Smartphone;2;3180,49;2125,54;6360,98;2109,9
2025-07-31;Norte;Fernanda;Antonia;3003;Placa de Vídeo NVidia;1;3564,48;1845,53;3564,48;1718,95
2023-08-31;Sudeste;Bruno;Felipe;3003;Placa de Vídeo NVidia;5;3973,77;2224,8;19868,85;8744,85
2025-09-30;Nordeste;Bruno;Manoela;2006;WebCam 4k;6;3039,37;2120,5;18236,22;5513,22
2025-09-30;Centro-Oeste;Carlos;Antonia;7002;Smartphone;7;3810,42;2127,01;26672,94;11783,87
2024-10-31;Nordeste;Eduardo;Antonia;3003;Placa de Vídeo NVidia;1;1776,18;1081,7;1776,18;694,48
2023-11-30;Nordeste;Carlos;Marisa;3003;Placa de Vídeo NVidia;9;2880,79;1497,14;25927,11;12452,85
2025-06-30;Norte;Daniela;Felipe;1005;Headset;8;3909,49;2491,93;31275,92;11340,48
2024-11-30;Centro-Oeste;Carlos;Manoela;1005;Headset;6;3999,27;2667,49;23995,62;7990,68
2023-09-30;Centro-Oeste;Daniela;João;5004;Monitor;3;3350,26;2015,1;10050,78;4005,48
2022-09-30;Sul;Fernanda;Manoela;7002;Smartphone;8;2672,25;1566,81;21378,0;8843,52
2024-07-31;Sudeste;Fernanda;Ciro;5004;Monitor;7;2994,52;1553,54;20961,64;10086,86
2022-07-31;Norte;Bruno;Felipe;3003;Placa de Vídeo NVidia;7;4992,06;2767,01;34944,42;15575,35
2024-12-31;Sul;Daniela;Antonia;7002;Smartphone;6;3897,16;2995,65;23382,96;5409,06
2024-09-30;Nordeste;Eduardo;Manoela;1005;Headset;9;912,04;624,17;8208,36;2590,83
2025-07-31;Sudeste;Ana;Ciro;5004;Monitor;9;4321,74;2982,6;38895,66;12052,26
2024-09-30;Sul;Carlos;Felipe;2006;WebCam 4k;8;1272,56;688,63;10180,48;4671,44
2024-12-31;Sudeste;Eduardo;Ciro;2006;WebCam 4k;9;2297,92;1626,76;20681,28;6040,44
2024-09-30;Nordeste;Fernanda;Antonia;1005;Headset;5;3366,28;1926,1;16831,4;7200,9
2024-10-31;Sudeste;Ana;João;9001;Notebook;2;2948,92;1762,02;5897,84;2373,8
2025-08-31;Norte;Ana;Antonia;5004;Monitor;9;1311,45;889,82;11803,05;3794,67
2022-04-30;Centro-Oeste;Carlos;Felipe;1005;Headset;6;2632,46;1628,33;15794,76;6024,78
2025-08-31;Centro-Oeste;Bruno;Felipe;7002;Smartphone;8;2116,59;1350,75;16932,72;6126,72
2025-01-31;Sudeste;Fernanda;Manoela;1005;Headset;9;4660,67;3334,35;41946,03;11936,88
2024-02-29;Centro-Oeste;Ana;Ciro;5004;Monitor;4;3877,83;2150,74;15511,32;6908,36
2023-05-31;Nordeste;Eduardo;João;9001;Notebook;2;1473,99;879,32;2947,98;1189,34
2024-12-31;Norte;Eduardo;João;5004;Monitor;5;2860,24;2202,03;14301,2;3291,05
2025-07-31;Norte;Bruno;Antonia;5004;Monitor;9;2876,66;1797,34;25889,94;9713,88
2022-03-31;Sul;Carlos;Antonia;3003;Placa de Vídeo NVidia;3;4436,06;2529,94;13308,18;5718,36
2022-11-30;Sudeste;Daniela;Felipe;7002;Smartphone;8;2745,81;1476,36;21966,48;10155,6
2023-12-31;Sudeste;Carlos;Manoela;5004;Monitor;9;2340,73;1655,86;21066,57;6163,83
2023-11-30;Sudeste;Daniela;Felipe;5004;Monitor;6;874,87;544,76;5249,22;1980,66
2023-05-31;Sul;Carlos;Ciro;3003;Placa de Vídeo NVidia;7;4276,12;2472,23;29932,84;12627,23
2022-01-31;Sudeste;Bruno;João;2006;WebCam 4k;2;1670,86;997,67;3341,72;1346,38
2024-07-31;Sudeste;Fernanda;Marisa;5004;Monitor;6;1927,24;1280,68;11563,44;3879,36
2022-02-28;Sudeste;Bruno;Ciro;1005;Headset;6;4230,05;2969,94;25380,3;7560,66
2022-07-31;Sudeste;Bruno;Antonia;3003;Placa de Vídeo NVidia;3;4329,23;2943,63;12987,69;4156,8
2024-04-30;Norte;Eduardo;Manoela;7002;Smartphone;8;4229,23;2362,48;33833,84;14934,0
2024-08-31;Centro-Oeste;Ana;Felipe;3003;Placa de Vídeo NVidia;2;1712,15;967,07;3424,3;1490,16
2024-08-31;Sudeste;Fernanda;João;5004;Monitor;5;1090,66;707,16;5453,3;1917,5
2023-07-31;Centro-Oeste;Eduardo;Felipe;5004;Monitor;5;2301,77;1425,69;11508,85;4380,4
2024-05-31;Norte;Carlos;João;7002;Smartphone;9;3985,77;2386,74;35871,93;14391,27
2022-01-31;Sul;Carlos;Manoela;5004;Monitor;5;2411,4;1481,61;12057,0;4648,95
2023-02-28;Norte;Ana;Ciro;1005;Headset;2;2460,46;1537,71;4920,92;1845,5
2024-06-30;Norte;Eduardo;Felipe;2006;WebCam 4k;6;1704,32;1332,13;10225,92;2233,14
2025-09-30;Sudeste;Daniela;Manoela;9001;Notebook;2;2690,86;1526,45;5381,72;2328,82
2025-08-31;Sudeste;Ana;Ciro;7002;Smartphone;7;3745,1;2223,1;26215,7;10654,0
2022-11-30;Nordeste;Eduardo;Manoela;9001;Notebook;7;1612,81;932,84;11289,67;4759,79
2022-12-31;Sul;Bruno;Felipe;5004;Monitor;9;938,75;654,27;8448,75;2560,32
2025-09-30;Sudeste;Carlos;Ciro;9001;Notebook;4;3583,28;2444,5;14333,12;4555,12
2023-08-31;Nordeste;Carlos;Manoela;7002;Smartphone;4;1506,93;833,7;6027,72;2692,92
2024-09-30;Sudeste;Daniela;Antonia;9001;Notebook;6;3327,29;2131,44;19963,74;7175,1
2023-10-31;Sul;Daniela;Manoela;5004;Monitor;2;3860,45;2171,49;7720,9;3377,92
2024-10-31;Centro-Oeste;Fernanda;Marisa;3003;Placa de Vídeo NVidia;2;1046,92;680,91;2093,84;732,02
2023-05-31;Sudeste;Bruno;Felipe;1005;Headset;7;1393,03;963,85;9751,21;3004,26
2022-01-31;Nordeste;Bruno;Felipe;3003;Placa de Vídeo NVidia;1;4967,41;3637,61;4967,41;1329,8
2022-09-30;Sudeste;Daniela;João;5004;Monitor;1;1051,15;678,83;1051,15;372,32
2025-03-31;Norte;Daniela;Antonia;2006;WebCam 4k;3;925,52;547,38;2776,56;1134,42
2023-07-31;Nordeste;Carlos;Marisa;7002;Smartphone;4;3780,41;2331,07;15121,64;5797,36
2022-12-31;Norte;Eduardo;Antonia;7002;Smartphone;6;3302,97;1858,32;19817,82;8667,9
2023-04-30;Norte;Fernanda;Marisa;7002;Smartphone;2;4305,24;2275,05;8610,48;4060,38
2023-09-30;Sul;Bruno;Antonia;3003;Placa de Vídeo NVidia;6;4784,7;3754,62;28708,2;6180,48
2025-06-30;Centro-Oeste;Daniela;Ciro;2006;WebCam 4k;3;4748,36;2880,31;14245,08;5604,15
2022-05-31;Nordeste;Eduardo;Felipe;3003;Placa de Vídeo NVidia;7;1949,74;1302,51;13648,18;4530,61
2024-07-31;Sudeste;Carlos;Antonia;2006;WebCam 4k;3;1320,52;991,37;3961,56;987,45
2023-02-28;Sul;Eduardo;Manoela;2006;WebCam 4k;1;1465,51;751,02;1465,51;714,49
2022-04-30;Nordeste;Ana;Felipe;3003;Placa de Vídeo NVidia;4;973,06;602,08;3892,24;1483,92
2023-05-31;Centro-Oeste;Carlos;Ciro;2006;WebCam 4k;8;3744,86;2107,59;29958,88;13098,16
2023-10-31;Centro-Oeste;Carlos;Ciro;2006;WebCam 4k;2;577,58;406,08;1155,16;343,0
2023-05-31;Norte;Fernanda;Manoela;9001;Notebook;4;1797,86;1030,5;7191,44;3069,44
2025-10-31;Centro-Oeste;Eduardo;Felipe;3003;Placa de Vídeo NVidia;3;4844,81;3193,24;14534,43;4954,71
2024-05-31;Sudeste;Bruno;Ciro;7002;Smartphone;9;3993,82;2945,72;35944,38;9432,9
2022-09-30;Norte;Bruno;João;9001;Notebook;9;927,97;586,68;8351,73;3071,61
2022-04-30;Nordeste;Bruno;Marisa;1005;Headset;2;4465,13;2438,33;8930,26;4053,6
2022-08-31;Sudeste;Fernanda;Manoela;3003;Placa de Vídeo NVidia;3;4468,44;2996,87;13405,32;4414,71
2025-05-31;Norte;Carlos;Ciro;2006;WebCam 4k;2;3879,57;2092,93;7759,14;3573,28
2023-02-28;Sudeste;Ana;João;7002;Smartphone;7;4431,87;3064,36;31023,09;9572,57
2024-11-30;Sudeste;Bruno;Antonia;5004;Monitor;4;3245,75;2085,74;12983,0;4640,04
2025-10-31;Sudeste;Bruno;Ciro;7002;Smartphone;7;827,95;427,41;5795,65;2803,78
2022-06-30;Norte;Fernanda;João;1005;Headset;9;4939,74;3542,8;44457,66;12572,46
2024-10-31;Centro-Oeste;Ana;Antonia;3003;Placa de Vídeo NVidia;1;3244,4;2588,47;3244,4;655,93
2024-05-31;Sudeste;Fernanda;Manoela;1005;Headset;9;4818,75;2474,44;43368,75;21098,79
2022-02-28;Norte;Bruno;João;9001;Notebook;9;2908,58;1913,04;26177,22;8959,86
2024-12-31;Centro-Oeste;Carlos;Marisa;3003;Placa de Vídeo NVidia;8;1857,46;1420,11;14859,68;3498,8
2022-02-28;Nordeste;Daniela;Antonia;7002;Smartphone;8;3117,88;1559,38;24943,04;12468,0
2022-02-28;Norte;Bruno;Manoela;3003;Placa de Vídeo NVidia;9;2565,98;1443,07;23093,82;10106,19
2023-06-30;Norte;Carlos;João;1005;Headset;5;1166,54;669,33;5832,7;2486,05
2022-10-31;Sul;Carlos;Marisa;7002;Smartphone;9;2860,15;2286,26;25741,35;5165,01
2025-02-28;Nordeste;Ana;Manoela;2006;WebCam 4k;3;3409,67;2449,2;10229,01;2881,41
2024-01-31;Sudeste;Bruno;Antonia;2006;WebCam 4k;8;1089,81;702,32;8718,48;3099,92
2024-09-30;Sudeste;Eduardo;Antonia;3003;Placa de Vídeo NVidia;5;510,6;365,54;2553,0;725,3
2022-12-31;Norte;Daniela;João;9001;Notebook;1;2346,2;1173,7;2346,2;1172,5
2024-09-30;Norte;Carlos;Manoela;2006;WebCam 4k;6;2915,76;1930,63;17494,56;5910,78
2025-09-30;Sul;Ana;Manoela;3003;Placa de Vídeo NVidia;4;3022,11;1789,13;12088,44;4931,92
2022-10-31;Centro-Oeste;Daniela;João;2006;WebCam 4k;5;4695,03;3450,92;23475,15;6220,55
2024-09-30;Nordeste;Carlos;João;7002;Smartphone;5;2696,61;2109,31;13483,05;2936,5
2025-02-28;Centro-Oeste;Carlos;Antonia;1005;Headset;8;2823,46;1714,27;22587,68;8873,52
2024-10-31;Sudeste;Daniela;Manoela;9001;Notebook;7;627,9;380,53;4395,3;1731,59
2022-02-28;Nordeste;Eduardo;Ciro;2006;WebCam 4k;2;2553,87;1433,59;5107,74;2240,56
2024-06-30;Centro-Oeste;Fernanda;Manoela;1005;Headset;6;1828,74;1241,98;10972,44;3520,56
2023-01-31;Centro-Oeste;Eduardo;Felipe;7002;Smartphone;1;4545,88;2731,19;4545,88;1814,69
2025-03-31;Norte;Daniela;João;2006;WebCam 4k;8;1588,62;1104,65;12708,96;3871,76
2023-03-31;Sudeste;Bruno;Antonia;2006;WebCam 4k;7;4953,52;3855,42;34674,64;7686,7
2024-09-30;Centro-Oeste;Ana;Marisa;1005;Headset;5;4850,46;2806,24;24252,3;10221,1
2022-08-31;Nordeste;Eduardo;Antonia;5004;Monitor;6;526,4;345,71;3158,4;1084,14
2025-03-31;Norte;Daniela;Manoela;7002;Smartphone;6;4887,74;3855,74;29326,44;6192,0
2025-01-31;Sudeste;Eduardo;Marisa;3003;Placa de Vídeo NVidia;6;4177,97;2197,96;25067,82;11880,06
2022-01-31;Centro-Oeste;Ana;João;9001;Notebook;6;585,2;414,02;3511,2;1027,08
2024-03-31;Sul;Eduardo;João;1005;Headset;3;2886,77;2156,58;8660,31;2190,57
2025-04-30;Norte;Fernanda;Ciro;3003;Placa de Vídeo NVidia;8;1200,22;879,32;9601,76;2567,2
2022-04-30;Norte;Ana;Felipe;7002;Smartphone;8;3969,92;2039,39;31759,36;15444,24
2024-10-31;Sul;Eduardo;Felipe;7002;Smartphone;8;3202,4;2354,05;25619,2;6786,8
2025-03-31;Centro-Oeste;Fernanda;Felipe;2006;WebCam 4k;8;3842,22;2576,73;30737,76;10123,92
2025-01-31;Norte;Bruno;Marisa;3003;Placa de Vídeo NVidia;4;2863,54;1581,49;11454,16;5128,2
2023-05-31;Sul;Ana;João;1005;Headset;8;4201,74;3262,47;33613,92;7514,16
2024-01-31;Centro-Oeste;Carlos;Felipe;9001;Notebook;1;3468,58;2126,0;3468,58;1342,58
2022-01-31;Sudeste;Bruno;Manoela;3003;Placa de Vídeo NVidia;2;3147,3;2345,77;6294,6;1603,06
2022-04-30;Sudeste;Bruno;Felipe;2006;WebCam 4k;6;2495,81;1970,64;14974,86;3151,02
2023-01-31;Centro-Oeste;Ana;João;5004;Monitor;2;2267,52;1604,07;4535,04;1326,9
2024-11-30;Centro-Oeste;Ana;João;5004;Monitor;4;2857,41;1788,33;11429,64;4276,32
2023-01-31;Norte;Daniela;Manoela;3003;Placa de Vídeo NVidia;7;2799,97;1909,64;19599,79;6232,31
2025-01-31;Norte;Ana;Manoela;7002;Smartphone;4;3165,56;1796,98;12662,24;5474,32
2024-11-30;Centro-Oeste;Bruno;Antonia;5004;Monitor;6;4302,59;2765,32;25815,54;9223,62
2023-10-31;Sul;Daniela;Manoela;2006;WebCam 4k;3;1872,36;1051,97;5617,08;2461,17
2025-05-31;Norte;Daniela;João;5004;Monitor;3;2768,47;1947,68;8305,41;2462,37
2023-11-30;Centro-Oeste;Daniela;Manoela;1005;Headset;3;3326,38;2482,69;9979,14;2531,07
2023-10-31;Nordeste;Bruno;João;2006;WebCam 4k;8;722,37;508,32;5778,96;1712,4
2025-10-31;Nordeste;Fernanda;Ciro;7002;Smartphone;8;1170,44;907,72;9363,52;2101,76
2023-06-30;Sul;Eduardo;Felipe;2006;WebCam 4k;6;1937,56;1059,32;11625,36;5269,44
2025-08-31;Sudeste;Eduardo;Marisa;7002;Smartphone;6;2973,53;1496,62;17841,18;8861,46
2023-01-31;Sul;Daniela;João;3003;Placa de Vídeo NVidia;3;2441,04;1698,65;7323,12;2227,17
2023-11-30;Nordeste;Eduardo;João;3003;Placa de Vídeo NVidia;7;3801,43;2598,3;26610,01;8421,91
2023-03-31;Sudeste;Fernanda;Antonia;7002;Smartphone;8;1639,11;1002,05;13112,88;5096,48
2022-04-30;Sudeste;Daniela;Ciro;1005;Headset;7;4734,7;3004,75;33142,9;12109,65
2022-08-31;Sul;Carlos;Antonia;3003;Placa de Vídeo NVidia;8;1585,1;877,16;12680,8;5663,52
2023-09-30;Sul;Eduardo;João;7002;Smartphone;1;2065,27;1151,42;2065,27;913,85
2023-05-31;Nordeste;Eduardo;Felipe;3003;Placa de Vídeo NVidia;9;2167,91;1393,21;19511,19;6972,3
2022-02-28;Sudeste;Ana;João;2006;WebCam 4k;7;3737,23;2862,49;26160,61;6123,18
2025-02-28;Norte;Ana;Manoela;7002;Smartphone;7;2902,57;2113,32;20317,99;5524,75
2024-07-31;Centro-Oeste;Carlos;Ciro;9001;Notebook;7;2557,33;1283,38;17901,31;8917,65
2024-07-31;Nordeste;Fernanda;Ciro;7002;Smartphone;9;4881,29;3797,6;43931,61;9753,21
2025-09-30;Sul;Carlos;João;3003;Placa de Vídeo NVidia;4;588,91;296,47;2355,64;1169,76
2022-12-31;Sudeste;Daniela;João;1005;Headset;4;4794,87;3445,57;19179,48;5397,2
2023-10-31;Norte;Eduardo;João;1005;Headset;5;693,99;363,71;3469,95;1651,4
2022-02-28;Sul;Ana;Antonia;1005;Headset;1;1490,04;900,57;1490,04;589,47
2024-12-31;Norte;Carlos;João;2006;WebCam 4k;2;4318,28;2427,64;8636,56;3781,28
2024-01-31;Nordeste;Carlos;Felipe;2006;WebCam 4k;1;1547,53;1067,64;1547,53;479,89
2022-12-31;Sul;Ana;João;7002;Smartphone;8;4088,49;2125,07;32707,92;15707,36
2023-01-31;Nordeste;Daniela;Manoela;9001;Notebook;5;2917,84;1537,57;14589,2;6901,35
2024-11-30;Sudeste;Daniela;João;2006;WebCam 4k;1;2174,52;1686,98;2174,52;487,54
2024-07-31;Centro-Oeste;Daniela;João;3003;Placa de Vídeo NVidia;9;1260,56;877,93;11345,04;3443,67
2022-05-31;Sudeste;Carlos;Marisa;3003;Placa de Vídeo NVidia;6;1523,01;786,5;9138,06;4419,06
2024-08-31;Nordeste;Ana;Ciro;7002;Smartphone;1;714,05;431,0;714,05;283,05
2024-01-31;Sul;Fernanda;Felipe;9001;Notebook;7;529,99;393,49;3709,93;955,5
2022-03-31;Nordeste;Bruno;Marisa;1005;Headset;9;1570,3;1118,15;14132,7;4069,35
2024-07-31;Sudeste;Bruno;Ciro;3003;Placa de Vídeo NVidia;1;2663,17;1918,71;2663,17;744,46
2024-01-31;Norte;Carlos;Antonia;2006;WebCam 4k;1;4752,67;2665,15;4752,67;2087,52
2025-04-30;Sul;Fernanda;Felipe;9001;Notebook;4;3402,15;2222,03;13608,6;4720,48
2023-06-30;Sudeste;Ana;João;9001;Notebook;1;1959,87;1119,96;1959,87;839,91
2023-02-28;Centro-Oeste;Fernanda;João;1005;Headset;9;4271,87;2646,47;38446,83;14628,6
2024-08-31;Norte;Fernanda;Antonia;7002;Smartphone;3;4804,69;2942,64;14414,07;5586,15
2023-12-31;Sul;Carlos;Antonia;9001;Notebook;1;722,94;510,17;722,94;212,77
2022-02-28;Centro-Oeste;Ana;Ciro;7002;Smartphone;7;1838,82;1378,65;12871,74;3221,19
2024-11-30;Norte;Daniela;Ciro;7002;Smartphone;1;3145,24;2346,85;3145,24;798,39
2024-01-31;Norte;Eduardo;Antonia;9001;Notebook;8;2716,8;1750,04;21734,4;7734,08
2025-06-30;Norte;Bruno;Felipe;3003;Placa de Vídeo NVidia;9;1880,32;1281,26;16922,88;5391,54
2025-06-30;Sul;Ana;Marisa;5004;Monitor;4;1489,74;1172,52;5958,96;1268,88
2024-07-31;Norte;Daniela;Marisa;9001;Notebook;9;2280,59;1335,33;20525,31;8507,34
2023-10-31;Nordeste;Carlos;Ciro;2006;WebCam 4k;9;969,85;702,72;8728,65;2404,17
2025-06-30;Centro-Oeste;Daniela;Manoela;9001;Notebook;7;927,6;702,53;6493,2;1575,49
2023-01-31;Centro-Oeste;Carlos;Manoela;9001;Notebook;7;2972,93;1710,22;20810,51;8838,97
2023-10-31;Sul;Daniela;Antonia;3003;Placa de Vídeo NVidia;8;1844,86;1144,79;14758,88;5600,56
2022-04-30;Norte;Bruno;Ciro;5004;Monitor;6;3755,59;2590,72;22533,54;6989,22
2025-04-30;Norte;Bruno;Marisa;7002;Smartphone;3;4069,99;2407,32;12209,97;4988,01
2025-02-28;Centro-Oeste;Daniela;Antonia;3003;Placa de Vídeo NVidia;7;3153,97;2239,15;22077,79;6403,74
2022-11-30;Centro-Oeste;Bruno;Marisa;1005;Headset;9;4125,99;2846,0;37133,91;11519,91
2022-04-30;Nordeste;Bruno;Marisa;1005;Headset;2;2019,41;1278,45;4038,82;1481,92
2022-03-31;Norte;Bruno;Felipe;1005;Headset;5;3399,86;2268,77;16999,3;5655,45
2025-06-30;Centro-Oeste;Eduardo;Marisa;5004;Monitor;2;1169,61;883,57;2339,22;572,08
2024-01-31;Sul;Bruno;Ciro;2006;WebCam 4k;3;2261,7;1799,56;6785,1;1386,42
2023-09-30;Nordeste;Bruno;Marisa;3003;Placa de Vídeo NVidia;3;765,75;591,97;2297,25;521,34
2023-09-30;Nordeste;Bruno;Marisa;7002;Smartphone;1;3237,52;2431,32;3237,52;806,2
2022-08-31;Sudeste;Eduardo;João;1005;Headset;5;2715,76;1643,27;13578,8;5362,45
2024-09-30;Norte;Eduardo;Ciro;5004;Monitor;3;886,95;588,75;2660,85;894,6
2025-05-31;Norte;Eduardo;João;1005;Headset;3;2136,7;1157,6;6410,1;2937,3
2022-09-30;Sul;Eduardo;Marisa;5004;Monitor;1;1671,45;946,14;1671,45;725,31
2025-02-28;Nordeste;Daniela;Manoela;2006;WebCam 4k;6;3047,01;1861,77;18282,06;7111,44
2022-12-31;Norte;Ana;Felipe;2006;WebCam 4k;2;855,76;575,68;1711,52;560,16
2024-01-31;Norte;Fernanda;Antonia;5004;Monitor;9;2911,8;1990,3;26206,2;8293,5
2022-07-31;Sudeste;Fernanda;Ciro;7002;Smartphone;2;2482,22;1893,84;4964,44;1176,76
2025-10-31;Nordeste;Eduardo;Felipe;2006;WebCam 4k;5;4136,7;2987,19;20683,5;5747,55
2023-06-30;Sul;Carlos;Felipe;2006;WebCam 4k;6;3707,37;1929,31;22244,22;10668,36
2025-10-31;Sul;Eduardo;Ciro;3003;Placa de Vídeo NVidia;5;2998,49;1588,81;14992,45;7048,4
2024-04-30;Sul;Daniela;Manoela;9001;Notebook;4;2331,06;1748,2;9324,24;2331,44
2024-07-31;Nordeste;Bruno;Manoela;3003;Placa de Vídeo NVidia;7;1501,69;1053,7;10511,83;3135,93
2023-11-30;Sudeste;Bruno;Antonia;2006;WebCam 4k;9;2517,59;1964,13;22658,31;4981,14
2024-04-30;Nordeste;Fernanda;Ciro;3003;Placa de Vídeo NVidia;6;3834,13;2443,12;23004,78;8346,06
2022-06-30;Nordeste;Eduardo;Antonia;9001;Notebook;9;1559,23;1154,2;14033,07;3645,27
2022-08-31;Sul;Daniela;Antonia;3003;Placa de Vídeo NVidia;8;3819,85;2899,81;30558,8;7360,32
2025-08-31;Sudeste;Fernanda;João;1005;Headset;9;2249,7;1712,2;20247,3;4837,5
2023-10-31;Norte;Bruno;Antonia;5004;Monitor;2;4554,32;3608,31;9108,64;1892,02
2023-06-30;Sudeste;Carlos;Antonia;2006;WebCam 4k;9;2576,1;1430,59;23184,9;10309,59
2023-06-30;Sudeste;Eduardo;Ciro;9001;Notebook;4;3433,08;2476,66;13732,32;3825,68
2024-11-30;Sudeste;Eduardo;Marisa;3003;Placa de Vídeo NVidia;4;3732,3;2914,96;14929,2;3269,36
2025-06-30;Centro-Oeste;Ana;Antonia;1005;Headset;5;4243,56;3168,45;21217,8;5375,55
2022-03-31;Norte;Carlos;Manoela;7002;Smartphone;6;2526,2;1803,59;15157,2;4335,66
2023-07-31;Norte;Bruno;Marisa;7002;Smartphone;9;1587,54;1212,03;14287,86;3379,59
2024-09-30;Sudeste;Ana;João;5004;Monitor;6;1654,39;1058,31;9926,34;3576,48
2024-06-30;Centro-Oeste;Bruno;Antonia;3003;Placa de Vídeo NVidia;1;3583,39;2361,74;3583,39;1221,65
2024-01-31;Sul;Daniela;Ciro;7002;Smartphone;3;987,31;713,89;2961,93;820,26
2023-10-31;Sudeste;Fernanda;Ciro;7002;Smartphone;2;4883,39;3866,61;9766,78;2033,56
2024-12-31;Norte;Carlos;Marisa;7002;Smartphone;1;1057,54;835,63;1057,54;221,91
2023-06-30;Norte;Carlos;Antonia;3003;Placa de Vídeo NVidia;3;1793,17;1119,89;5379,51;2019,84
2022-07-31;Centro-Oeste;Carlos;Marisa;1005;Headset;8;2178,05;1549,92;17424,4;5025,04
2023-06-30;Norte;Carlos;Felipe;3003;Placa de Vídeo NVidia;4;2849,66;1682,03;11398,64;4670,52
2023-02-28;Centro-Oeste;Ana;Marisa;7002;Smartphone;6;4991,35;2635,16;29948,1;14137,14
2023-09-30;Sudeste;Bruno;Felipe;2006;WebCam 4k;2;4125,15;2783,04;8250,3;2684,22
2024-01-31;Sudeste;Fernanda;Ciro;2006;WebCam 4k;2;2339,61;1262,5;4679,22;2154,22
2025-06-30;Sudeste;Eduardo;Ciro;5004;Monitor;4;3468,38;1912,1;13873,52;6225,12
2022-10-31;Sul;Daniela;Ciro;1005;Headset;7;1074,92;629,94;7524,44;3114,86
2025-09-30;Sul;Fernanda;Antonia;2006;WebCam 4k;1;3024,97;2219,76;3024,97;805,21
2023-05-31;Sul;Carlos;Manoela;1005;Headset;9;1731,26;963,04;15581,34;6913,98
2022-10-31;Sudeste;Eduardo;João;7002;Smartphone;6;2183,48;1620,46;13100,88;3378,12
2024-02-29;Norte;Carlos;Ciro;7002;Smartphone;1;1721,63;1172,85;1721,63;548,78
2022-05-31;Centro-Oeste;Fernanda;Ciro;1005;Headset;5;3664,84;2412,18;18324,2;6263,3
2024-03-31;Sudeste;Bruno;Marisa;7002;Smartphone;5;1814,34;1336,29;9071,7;2390,25
2022-10-31;Norte;Bruno;João;5004;Monitor;4;4236,89;2164,87;16947,56;8288,08
2025-07-31;Centro-Oeste;Daniela;João;1005;Headset;8;3284,08;1887,9;26272,64;11169,44
2022-05-31;Norte;Bruno;Antonia;7002;Smartphone;5;2249,78;1132,76;11248,9;5585,1
2022-02-28;Sudeste;Fernanda;Manoela;7002;Smartphone;8;2735,6;1722,24;21884,8;8106,88
2025-02-28;Norte;Ana;Felipe;3003;Placa de Vídeo NVidia;6;4864,85;3409,69;29189,1;8730,96
2024-12-31;Norte;Daniela;Marisa;1005;Headset;7;1771,63;1114,69;12401,41;4598,58
2022-12-31;Sul;Ana;Antonia;1005;Headset;4;4133,55;3271,16;16534,2;3449,56
2025-02-28;Norte;Carlos;Manoela;5004;Monitor;3;3178,75;2261,09;9536,25;2752,98
2023-02-28;Sul;Daniela;Marisa;2006;WebCam 4k;6;2375,38;1510,63;14252,28;5188,5
2023-09-30;Norte;Carlos;Marisa;9001;Notebook;7;3059,05;2231,25;21413,35;5794,6
2022-05-31;Sudeste;Fernanda;Marisa;7002;Smartphone;2;2132,53;1691,76;4265,06;881,54
2025-07-31;Sul;Daniela;Marisa;7002;Smartphone;5;2719,31;1361,84;13596,55;6787,35
2024-09-30;Norte;Fernanda;Marisa;5004;Monitor;6;3754,59;2679,19;22527,54;6452,4
2024-03-31;Nordeste;Fernanda;Manoela;3003;Placa de Vídeo NVidia;5;2664,65;1482,76;13323,25;5909,45
2025-06-30;Nordeste;Daniela;João;9001;Notebook;3;3448,04;1776,24;10344,12;5015,4
2022-11-30;Centro-Oeste;Ana;Manoela;1005;Headset;1;1850,13;1108,86;1850,13;741,27
2025-02-28;Norte;Fernanda;Felipe;9001;Notebook;4;2617,26;1949,95;10469,04;2669,24
2025-04-30;Centro-Oeste;Eduardo;João;1005;Headset;6;4671,36;3474,46;28028,16;7181,4
2023-03-31;Norte;Ana;Antonia;2006;WebCam 4k;7;524,08;271,68;3668,56;1766,8
2024-02-29;Nordeste;Fernanda;João;2006;WebCam 4k;9;2861,56;1465,48;25754,04;12564,72
2022-02-28;Nordeste;Carlos;Manoela;2006;WebCam 4k;4;4852,99;2555,99;19411,96;9188,0
2024-12-31;Centro-Oeste;Eduardo;Antonia;2006;WebCam 4k;6;4671,23;3128,37;28027,38;9257,16
2023-09-30;Centro-Oeste;Carlos;Manoela;2006;WebCam 4k;6;1457,74;731,74;8746,44;4356,0
2022-09-30;Sudeste;Daniela;Ciro;2006;WebCam 4k;6;3597,81;2863,38;21586,86;4406,58
2022-03-31;Centro-Oeste;Daniela;João;1005;Headset;5;2708,85;1903,45;13544,25;4027,0
2022-10-31;Norte;Eduardo;Felipe;3003;Placa de Vídeo NVidia;4;1836,16;1166,08;7344,64;2680,32
2024-01-31;Centro-Oeste;Ana;Manoela;3003;Placa de Vídeo NVidia;1;2944,95;1887,69;2944,95;1057,26
2023-04-30;Sudeste;Daniela;Marisa;3003;Placa de Vídeo NVidia;2;2726,04;1710,1;5452,08;2031,88
2023-08-31;Nordeste;Daniela;Felipe;9001;Notebook;4;3130,17;2501,09;12520,68;2516,32
2024-10-31;Norte;Ana;Marisa;2006;WebCam 4k;9;1699,79;1114,04;15298,11;5271,75
2025-09-30;Sudeste;Eduardo;Marisa;9001;Notebook;1;1477,5;843,67;1477,5;633,83
2022-08-31;Centro-Oeste;Ana;Antonia;5004;Monitor;3;3180,01;2165,23;9540,03;3044,34
2022-03-31;Sudeste;Eduardo;Manoela;5004;Monitor;8;2933,14;1990,03;23465,12;7544,88
2022-08-31;Sudeste;Bruno;Marisa;5004;Monitor;4;4894,45;2710,59;19577,8;8735,44
2023-02-28;Norte;Eduardo;João;7002;Smartphone;7;3004,03;2134,55;21028,21;6086,36
2022-11-30;Nordeste;Carlos;Ciro;2006;WebCam 4k;7;4580,41;2802,56;32062,87;12444,95
2022-10-31;Sul;Ana;João;9001;Notebook;9;3810,13;2637,76;34291,17;10551,33
2025-04-30;Norte;Daniela;Antonia;2006;WebCam 4k;7;2046,84;1306,59;14327,88;5181,75
2022-09-30;Sudeste;Bruno;Ciro;1005;Headset;1;4072,59;2809,81;4072,59;1262,78
2024-03-31;Sul;Carlos;João;2006;WebCam 4k;8;3996,02;2502,52;31968,16;11948,0
2022-10-31;Sul;Ana;Antonia;7002;Smartphone;6;2499,42;1488,64;14996,52;6064,68
2025-07-31;Nordeste;Fernanda;Antonia;3003;Placa de Vídeo NVidia;4;2425,94;1593,4;9703,76;3330,16
2022-11-30;Nordeste;Ana;João;7002;Smartphone;8;1372,79;884,44;10982,32;3906,8
2025-04-30;Nordeste;Daniela;Felipe;3003;Placa de Vídeo NVidia;6;3740,33;2013,81;22441,98;10359,12
2025-01-31;Nordeste;Carlos;Ciro;3003;Placa de Vídeo NVidia;9;1839,95;1238,89;16559,55;5409,54
2023-12-31;Sudeste;Ana;João;7002;Smartphone;5;2842,73;1900,79;14213,65;4709,7
2022-11-30;Nordeste;Ana;Marisa;1005;Headset;2;4358,66;2753,97;8717,32;3209,38
2025-04-30;Nordeste;Carlos;Marisa;7002;Smartphone;1;3541,01;1838,98;3541,01;1702,03
2022-07-31;Sudeste;Carlos;Felipe;9001;Notebook;2;2807,54;1512,07;5615,08;2590,94
2024-07-31;Sul;Eduardo;Felipe;2006;WebCam 4k;6;972,63;541,74;5835,78;2585,34
2025-10-31;Sul;Ana;Ciro;7002;Smartphone;8;4011,78;3065,91;32094,24;7566,96
2022-07-31;Nordeste;Ana;Manoela;7002;Smartphone;8;2233,32;1715,61;17866,56;4141,68
2023-05-31;Sul;Eduardo;João;5004;Monitor;1;3653,7;2067,31;3653,7;1586,39
2025-05-31;Sul;Ana;João;7002;Smartphone;6;652,81;414,22;3916,86;1431,54
2023-09-30;Nordeste;Daniela;Antonia;1005;Headset;5;4049,31;2112,69;20246,55;9683,1
2024-03-31;Norte;Bruno;Manoela;5004;Monitor;2;1451,59;871,2;2903,18;1160,78
2025-04-30;Sul;Bruno;Marisa;7002;Smartphone;8;4710,61;2798,08;37684,88;15300,24
2022-07-31;Nordeste;Daniela;Manoela;9001;Notebook;9;4651,57;2608,64;41864,13;18386,37
2023-06-30;Nordeste;Daniela;João;3003;Placa de Vídeo NVidia;8;3167,27;1674,57;25338,16;11941,6
2023-02-28;Norte;Daniela;Marisa;7002;Smartphone;2;4615,36;2928,22;9230,72;3374,28
2024-04-30;Norte;Daniela;Felipe;3003;Placa de Vídeo NVidia;5;4270,03;3398,18;21350,15;4359,25
2022-06-30;Sul;Daniela;Ciro;1005;Headset;6;4185,5;2557,48;25113,0;9768,12
2024-10-31;Sudeste;Carlos;Antonia;5004;Monitor;3;4392,76;2978,84;13178,28;4241,76
2024-12-31;Norte;Eduardo;Felipe;2006;WebCam 4k;5;4009,49;2343,6;20047,45;8329,45
2023-05-31;Centro-Oeste;Fernanda;Manoela;7002;Smartphone;6;3316,84;1921,94;19901,04;8369,4
2024-12-31;Centro-Oeste;Carlos;Antonia;9001;Notebook;3;3874,16;2822,24;11622,48;3155,76
2024-07-31;Nordeste;Eduardo;Marisa;3003;Placa de Vídeo NVidia;1;2029,58;1456,99;2029,58;572,59
2022-02-28;Sudeste;Fernanda;Ciro;3003;Placa de Vídeo NVidia;3;1123,75;736,33;3371,25;1162,26
2025-03-31;Sudeste;Carlos;João;2006;WebCam 4k;3;1711,83;1010,16;5135,49;2105,01
2023-11-30;Sudeste;Carlos;Antonia;3003;Placa de Vídeo NVidia;9;1117,41;715,54;10056,69;3616,83
2025-07-31;Sudeste;Carlos;Marisa;9001;Notebook;1;1805,66;979,76;1805,66;825,9
2023-12-31;Norte;Eduardo;Felipe;3003;Placa de Vídeo NVidia;1;1507,01;901,05;1507,01;605,96
2025-09-30;Sudeste;Ana;Felipe;2006;WebCam 4k;8;1937,73;1479,08;15501,84;3669,2
2024-01-31;Sul;Daniela;João;2006;WebCam 4k;3;2741,8;1864,59;8225,4;2631,63
2022-09-30;Centro-Oeste;Ana;Antonia;9001;Notebook;1;818,32;482,1;818,32;336,22
2024-02-29;Nordeste;Ana;João;1005;Headset;5;4415,54;3457,58;22077,7;4789,8
2024-12-31;Sul;Daniela;Manoela;1005;Headset;7;1128,45;818,0;7899,15;2173,15
2025-10-31;Sul;Bruno;João;5004;Monitor;2;3977,62;2103,82;7955,24;3747,6
2024-04-30;Nordeste;Bruno;Manoela;1005;Headset;4;1933,86;1406,07;7735,44;2111,16
2022-06-30;Centro-Oeste;Carlos;Felipe;1005;Headset;4;4315,74;3270,49;17262,96;4181,0
2023-12-31;Centro-Oeste;Daniela;Felipe;3003;Placa de Vídeo NVidia;5;1886,44;946,26;9432,2;4700,9
2023-10-31;Centro-Oeste;Ana;Manoela;1005;Headset;4;2649,6;1945,17;10598,4;2817,72
2023-10-31;Centro-Oeste;Carlos;Marisa;3003;Placa de Vídeo NVidia;7;3829,17;2861,17;26804,19;6776,0
2022-12-31;Nordeste;Daniela;Manoela;1005;Headset;7;4228,21;3063,45;29597,47;8153,32
2024-02-29;Sudeste;Ana;Antonia;9001;Notebook;9;3291,97;2345,57;29627,73;8517,6
2023-08-31;Sul;Daniela;João;2006;WebCam 4k;8;2104,98;1072,7;16839,84;8258,24
2023-01-31;Sul;Bruno;Felipe;1005;Headset;4;4247,23;3083,3;16988,92;4655,72
2025-03-31;Sudeste;Carlos;Manoela;3003;Placa de Vídeo NVidia;9;1264,09;804,26;11376,81;4138,47
2023-02-28;Sul;Daniela;Ciro;9001;Notebook;9;521,99;306,71;4697,91;1937,52
2022-12-31;Nordeste;Bruno;Ciro;1005;Headset;3;4428,01;2324,15;13284,03;6311,58
2025-01-31;Sul;Carlos;Manoela;7002;Smartphone;8;2757,26;1988,96;22058,08;6146,4
2025-10-31;Sul;Fernanda;Ciro;5004;Monitor;2;4891,62;2809,52;9783,24;4164,2
2023-08-31;Sul;Carlos;Manoela;5004;Monitor;1;4262,88;2389,28;4262,88;1873,6
2025-05-31;Centro-Oeste;Bruno;Marisa;9001;Notebook;6;766,95;390,62;4601,7;2257,98
2023-05-31;Centro-Oeste;Ana;Antonia;2006;WebCam 4k;6;2445,89;1546,32;14675,34;5397,42
2024-09-30;Sul;Fernanda;Antonia;3003;Placa de Vídeo NVidia;9;3467,96;2701,6;31211,64;6897,24
2024-02-29;Centro-Oeste;Daniela;João;9001;Notebook;9;1343,29;895,69;12089,61;4028,4
2024-03-31;Sudeste;Ana;Antonia;3003;Placa de Vídeo NVidia;5;1648,65;947,76;8243,25;3504,45
2022-04-30;Norte;Daniela;Manoela;2006;WebCam 4k;4;1505,06;932,66;6020,24;2289,6
2025-06-30;Nordeste;Ana;Antonia;3003;Placa de Vídeo NVidia;8;1982,48;1496,84;15859,84;3885,12
2024-10-31;Centro-Oeste;Daniela;Marisa;9001;Notebook;5;2187,84;1279,02;10939,2;4544,1
2022-01-31;Sudeste;Daniela;Marisa;1005;Headset;6;4050,0;2736,91;24300,0;7878,54
2023-04-30;Nordeste;Ana;Marisa;7002;Smartphone;5;1945,67;1340,52;9728,35;3025,75
2024-08-31;Norte;Carlos;Antonia;9001;Notebook;9;4951,11;3744,39;44559,99;10860,48
2025-04-30;Centro-Oeste;Fernanda;Manoela;2006;WebCam 4k;1;3602,58;2648,32;3602,58;954,26
2022-08-31;Norte;Eduardo;Ciro;1005;Headset;4;3037,41;1540,34;12149,64;5988,28
2023-02-28;Sudeste;Daniela;Ciro;2006;WebCam 4k;6;2656,53;1603,13;15939,18;6320,4
2024-04-30;Centro-Oeste;Carlos;Marisa;5004;Monitor;6;1961,63;1003,72;11769,78;5747,46
2024-03-31;Nordeste;Eduardo;Antonia;9001;Notebook;1;2592,14;1720,86;2592,14;871,28
2025-09-30;Norte;Eduardo;Felipe;2006;WebCam 4k;3;1962,33;1235,89;5886,99;2179,32
2025-02-28;Centro-Oeste;Carlos;Ciro;1005;Headset;4;2956,65;1543,98;11826,6;5650,68
2024-05-31;Centro-Oeste;Fernanda;Ciro;9001;Notebook;9;2079,43;1234,87;18714,87;7601,04
2024-01-31;Centro-Oeste;Daniela;Antonia;7002;Smartphone;7;4657,28;2818,95;32600,96;12868,31
2023-07-31;Sudeste;Carlos;Ciro;5004;Monitor;8;3616,02;1929,07;28928,16;13495,6
2023-06-30;Sudeste;Carlos;Antonia;9001;Notebook;2;4322,88;3129,45;8645,76;2386,86
2025-03-31;Sul;Fernanda;João;9001;Notebook;6;4467,57;2895,68;26805,42;9431,34
2024-01-31;Sudeste;Carlos;Felipe;9001;Notebook;3;1232,24;760,25;3696,72;1415,97
2024-10-31;Nordeste;Daniela;Felipe;7002;Smartphone;4;2649,73;1763,89;10598,92;3543,36
2025-02-28;Norte;Eduardo;Manoela;7002;Smartphone;9;1759,62;921,83;15836,58;7540,11
2024-07-31;Centro-Oeste;Eduardo;Antonia;7002;Smartphone;4;2926,38;1737,14;11705,52;4756,96
2022-05-31;Sul;Ana;Felipe;5004;Monitor;4;848,45;656,12;3393,8;769,32
2025-07-31;Centro-Oeste;Fernanda;Ciro;9001;Notebook;2;1323,63;1018,86;2647,26;609,54
2023-08-31;Sudeste;Fernanda;Ciro;3003;Placa de Vídeo NVidia;2;2007,71;1216,13;4015,42;1583,16
2023-08-31;Norte;Fernanda;João;2006;WebCam 4k;6;4862,48;3697,86;29174,88;6987,72
2022-05-31;Sul;Carlos;Ciro;9001;Notebook;8;2732,1;2036,04;21856,8;5568,48
2023-05-31;Sul;Eduardo;Felipe;3003;Placa de Vídeo NVidia;8;640,31;412,9;5122,48;1819,28
2023-09-30;Centro-Oeste;Fernanda;Marisa;2006;WebCam 4k;6;3730,47;2392,02;22382,82;8030,7
2023-04-30;Sul;Eduardo;Ciro;3003;Placa de Vídeo NVidia;9;2364,96;1571,97;21284,64;7136,91
2023-05-31;Nordeste;Bruno;Ciro;3003;Placa de Vídeo NVidia;7;793,47;583,12;5554,29;1472,45
2024-06-30;Nordeste;Eduardo;Marisa;7002;Smartphone;8;3431,15;2362,77;27449,2;8547,04
2025-07-31;Norte;Eduardo;João;7002;Smartphone;1;1391,93;870,82;1391,93;521,11
2022-03-31;Centro-Oeste;Eduardo;Felipe;7002;Smartphone;6;694,21;459,9;4165,26;1405,86
2022-01-31;Sul;Daniela;João;9001;Notebook;9;3962,53;2086,6;35662,77;16883,37
2022-12-31;Norte;Ana;Antonia;5004;Monitor;5;3156,57;1771,67;15782,85;6924,5
2025-01-31;Centro-Oeste;Eduardo;Antonia;2006;WebCam 4k;5;2526,09;1743,01;12630,45;3915,4
2025-10-31;Sudeste;Ana;Ciro;9001;Notebook;5;3342,11;1689,46;16710,55;8263,25
2022-04-30;Norte;Fernanda;Manoela;5004;Monitor;4;2000,8;1331,89;8003,2;2675,64
2025-03-31;Sudeste;Carlos;Felipe;1005;Headset;1;1941,16;1430,99;1941,16;510,17
2024-05-31;Centro-Oeste;Ana;Marisa;3003;Placa de Vídeo NVidia;9;2632,24;1339,35;23690,16;11636,01
2022-06-30;Sudeste;Carlos;Felipe;7002;Smartphone;7;1064,72;791,26;7453,04;1914,22
2023-08-31;Nordeste;Eduardo;Manoela;3003;Placa de Vídeo NVidia;7;4051,9;2709,22;28363,3;9398,76
2024-04-30;Centro-Oeste;Eduardo;Felipe;1005;Headset;5;4570,36;3524,84;22851,8;5227,6
2022-06-30;Nordeste;Eduardo;Antonia;7002;Smartphone;8;1016,79;599,79;8134,32;3336,0
2023-01-31;Nordeste;Fernanda;Antonia;5004;Monitor;7;1027,15;563,39;7190,05;3246,32
2025-08-31;Centro-Oeste;Carlos;Felipe;3003;Placa de Vídeo NVidia;6;2907,6;1788,64;17445,6;6713,76
2023-06-30;Sul;Ana;Manoela;1005;Headset;7;2971,49;1663,85;20800,43;9153,48
2025-06-30;Norte;Bruno;Ciro;9001;Notebook;4;1783,25;963,25;7133,0;3280,0
2022-05-31;Sul;Eduardo;Felipe;9001;Notebook;5;2164,53;1265,55;10822,65;4494,9
2023-07-31;Sudeste;Fernanda;Manoela;1005;Headset;9;2254,78;1593,16;20293,02;5954,58
2023-11-30;Centro-Oeste;Ana;Antonia;2006;WebCam 4k;7;725,43;480,36;5078,01;1715,49
2023-02-28;Sudeste;Fernanda;João;9001;Notebook;8;1247,17;825,03;9977,36;3377,12
2023-12-31;Centro-Oeste;Eduardo;Antonia;1005;Headset;1;2814,0;1867,49;2814,0;946,51
2023-09-30;Sudeste;Eduardo;João;2006;WebCam 4k;4;2766,31;1849,27;11065,24;3668,16
2023-12-31;Sudeste;Carlos;Antonia;9001;Notebook;7;1186,28;611,11;8303,96;4026,19
2023-10-31;Nordeste;Fernanda;Marisa;3003;Placa de Vídeo NVidia;5;511,3;381,13;2556,5;650,85
2023-09-30;Sul;Carlos;Antonia;3003;Placa de Vídeo NVidia;5;4808,58;2670,75;24042,9;10689,15
2024-05-31;Sul;Eduardo;João;3003;Placa de Vídeo NVidia;7;2397,82;1485,13;16784,74;6388,83
2023-01-31;Nordeste;Eduardo;Ciro;2006;WebCam 4k;1;2907,06;1720,49;2907,06;1186,57
2023-12-31;Norte;Fernanda;Marisa;3003;Placa de Vídeo NVidia;5;814,49;449,75;4072,45;1823,7
2024-02-29;Norte;Fernanda;Ciro;5004;Monitor;6;4018,03;2994,62;24108,18;6140,46
2023-08-31;Sudeste;Carlos;Marisa;2006;WebCam 4k;8;4290,46;2250,57;34323,68;16319,12
2024-02-29;Norte;Eduardo;Antonia;2006;WebCam 4k;6;1531,51;1105,64;9189,06;2555,22
2024-03-31;Sudeste;Fernanda;Ciro;3003;Placa de Vídeo NVidia;3;2197,54;1728,77;6592,62;1406,31
2022-08-31;Sul;Bruno;Antonia;2006;WebCam 4k;5;2782,25;2069,59;13911,25;3563,3
2024-06-30;Sul;Ana;Manoela;5004;Monitor;6;1959,26;1260,36;11755,56;4193,4
2025-07-31;Sul;Eduardo;Antonia;5004;Monitor;7;1547,66;963,27;10833,62;4090,73
2022-08-31;Sudeste;Bruno;Antonia;2006;WebCam 4k;9;3679,55;2194,61;33115,95;13364,46
2024-09-30;Sudeste;Fernanda;Ciro;5004;Monitor;3;3967,07;2377,96;11901,21;4767,33
2022-05-31;Norte;Ana;João;5004;Monitor;8;2422,25;1579,89;19378,0;6738,88
2024-05-31;Sul;Fernanda;Manoela;5004;Monitor;5;3553,54;2815,66;17767,7;3689,4
2025-09-30;Centro-Oeste;Fernanda;João;9001;Notebook;8;3440,01;2059,17;27520,08;11046,72
2025-10-31;Sul;Ana;Antonia;2006;WebCam 4k;4;730,77;432,26;2923,08;1194,04
2025-03-31;Norte;Ana;Ciro;5004;Monitor;9;3287,77;2520,32;29589,93;6907,05
2022-09-30;Sudeste;Eduardo;Ciro;9001;Notebook;1;1312,42;952,48;1312,42;359,94
2024-07-31;Sul;Eduardo;João;7002;Smartphone;6;1096,48;806,77;6578,88;1738,26
2024-12-31;Sul;Bruno;Marisa;5004;Monitor;1;2345,23;1801,1;2345,23;544,13
2023-11-30;Sul;Daniela;Antonia;9001;Notebook;5;1581,62;836,99;7908,1;3723,15
2022-12-31;Norte;Daniela;Antonia;9001;Notebook;3;1235,38;888,25;3706,14;1041,39
2023-06-30;Nordeste;Carlos;Antonia;5004;Monitor;7;1245,92;665,27;8721,44;4064,55
2024-10-31;Sudeste;Ana;Ciro;9001;Notebook;2;2721,39;1543,07;5442,78;2356,64
2022-06-30;Sul;Daniela;Manoela;5004;Monitor;4;4716,95;2677,55;18867,8;8157,6
2024-07-31;Sudeste;Daniela;João;3003;Placa de Vídeo NVidia;4;1844,64;1254,36;7378,56;2361,12
2024-10-31;Centro-Oeste;Eduardo;Ciro;3003;Placa de Vídeo NVidia;6;2151,11;1113,59;12906,66;6225,12
2025-09-30;Norte;Bruno;Manoela;1005;Headset;3;4335,56;2443,7;13006,68;5675,58
2023-06-30;Sudeste;Daniela;Marisa;3003;Placa de Vídeo NVidia;7;528,2;289,6;3697,4;1670,2
2025-04-30;Nordeste;Daniela;Marisa;9001;Notebook;1;1014,41;583,84;1014,41;430,57
2023-10-31;Nordeste;Fernanda;Antonia;9001;Notebook;6;1723,88;1150,59;10343,28;3439,74
2024-01-31;Norte;Daniela;Felipe;2006;WebCam 4k;8;3984,62;2067,21;31876,96;15339,28
2025-03-31;Nordeste;Ana;Antonia;1005;Headset;8;3748,45;2724,5;29987,6;8191,6
2023-05-31;Sul;Daniela;João;9001;Notebook;5;1780,92;1365,34;8904,6;2077,9
2022-04-30;Sudeste;Carlos;Marisa;3003;Placa de Vídeo NVidia;7;3971,54;2756,55;27800,78;8504,93
2022-06-30;Nordeste;Carlos;Antonia;9001;Notebook;1;4720,05;3613,33;4720,05;1106,72
2023-10-31;Norte;Eduardo;Felipe;3003;Placa de Vídeo NVidia;9;4537,0;2284,43;40833,0;20273,13
2022-10-31;Centro-Oeste;Fernanda;Felipe;9001;Notebook;4;4238,2;2499,81;16952,8;6953,56
2024-03-31;Nordeste;Fernanda;Felipe;9001;Notebook;9;1738,35;910,41;15645,15;7451,46
2023-08-31;Sul;Ana;Marisa;1005;Headset;6;3370,31;2239,39;20221,86;6785,52
2023-04-30;Nordeste;Daniela;Manoela;1005;Headset;2;553,8;296,58;1107,6;514,44
2025-08-31;Sudeste;Carlos;Ciro;3003;Placa de Vídeo NVidia;9;2888,49;1755,0;25996,41;10201,41
2023-10-31;Sudeste;Fernanda;Felipe;3003;Placa de Vídeo NVidia;8;4201,97;2238,41;33615,76;15708,48
2023-04-30;Sudeste;Carlos;Manoela;3003;Placa de Vídeo NVidia;3;2817,3;1681,64;8451,9;3406,98
2022-05-31;Sudeste;Fernanda;Felipe;1005;Headset;8;3915,29;2235,59;31322,32;13437,6
2024-07-31;Centro-Oeste;Ana;Antonia;7002;Smartphone;9;1071,52;592,5;9643,68;4311,18
2022-03-31;Norte;Eduardo;João;7002;Smartphone;3;4792,49;3161,32;14377,47;4893,51
2025-03-31;Norte;Ana;Manoela;5004;Monitor;6;4692,68;3354,99;28156,08;8026,14
2024-11-30;Sudeste;Fernanda;Ciro;3003;Placa de Vídeo NVidia;6;570,7;392,25;3424,2;1070,7
2024-04-30;Sudeste;Daniela;Marisa;5004;Monitor;5;3057,05;2320,43;15285,25;3683,1
2024-06-30;Sul;Bruno;Felipe;2006;WebCam 4k;7;2514,06;1777,29;17598,42;5157,39
2023-09-30;Centro-Oeste;Ana;João;7002;Smartphone;7;2362,69;1330,43;16538,83;7225,82
2022-11-30;Norte;Ana;Manoela;5004;Monitor;4;1971,14;1541,98;7884,56;1716,64
2025-06-30;Sul;Ana;João;1005;Headset;5;1769,7;1088,56;8848,5;3405,7
2023-01-31;Sudeste;Daniela;Ciro;1005;Headset;9;4162,23;2945,55;37460,07;10950,12
2022-04-30;Centro-Oeste;Fernanda;Ciro;2006;WebCam 4k;8;4980,18;3512,21;39841,44;11743,76
2025-01-31;Sul;Ana;Antonia;9001;Notebook;5;3321,09;2080,11;16605,45;6204,9
2024-10-31;Centro-Oeste;Ana;Manoela;2006;WebCam 4k;6;3055,86;2415,37;18335,16;3842,94
2025-06-30;Nordeste;Ana;Marisa;2006;WebCam 4k;7;972,96;768,37;6810,72;1432,13
2024-07-31;Sudeste;Bruno;Antonia;1005;Headset;5;4823,42;2494,73;24117,1;11643,45
2023-07-31;Nordeste;Bruno;Manoela;5004;Monitor;7;599,84;389,64;4198,88;1471,4
2024-12-31;Sudeste;Eduardo;João;5004;Monitor;8;4373,64;2677,56;34989,12;13568,64
2024-09-30;Centro-Oeste;Eduardo;Manoela;3003;Placa de Vídeo NVidia;9;4277,26;2409,25;38495,34;16812,09
2024-12-31;Norte;Carlos;Antonia;7002;Smartphone;9;3776,76;2556,78;33990,84;10979,82
2024-08-31;Sul;Carlos;Felipe;2006;WebCam 4k;9;2367,0;1646,01;21303,0;6488,91
2022-10-31;Centro-Oeste;Fernanda;Felipe;7002;Smartphone;4;504,17;369,95;2016,68;536,88
2025-06-30;Nordeste;Fernanda;Manoela;5004;Monitor;7;4557,78;2925,23;31904,46;11427,85
2024-01-31;Sudeste;Daniela;Antonia;9001;Notebook;4;2736,33;1758,23;10945,32;3912,4
2022-03-31;Nordeste;Daniela;Ciro;5004;Monitor;2;1280,41;664,35;2560,82;1232,12
2023-05-31;Sul;Ana;Ciro;3003;Placa de Vídeo NVidia;9;3766,25;2307,31;33896,25;13130,46
2022-06-30;Sul;Bruno;Antonia;3003;Placa de Vídeo NVidia;5;4729,83;3709,87;23649,15;5099,8
2022-08-31;Sudeste;Carlos;João;5004;Monitor;3;4517,13;2860,67;13551,39;4969,38
2023-10-31;Norte;Eduardo;Manoela;1005;Headset;6;1519,1;847,93;9114,6;4027,02
2024-04-30;Norte;Daniela;Marisa;5004;Monitor;1;3407,64;1889,03;3407,64;1518,61
2023-11-30;Sudeste;Fernanda;Antonia;1005;Headset;7;1769,13;1362,19;12383,91;2848,58
2025-01-31;Nordeste;Ana;Antonia;2006;WebCam 4k;4;3701,81;2773,92;14807,24;3711,56
2025-01-31;Norte;Daniela;Marisa;1005;Headset;9;2826,31;2140,89;25436,79;6168,78
2024-07-31;Centro-Oeste;Fernanda;Manoela;2006;WebCam 4k;6;3815,25;2273,13;22891,5;9252,72
2025-10-31;Sudeste;Bruno;Marisa;7002;Smartphone;3;4531,74;3196,73;13595,22;4005,03
2023-12-31;Centro-Oeste;Fernanda;Antonia;5004;Monitor;1;2707,82;1783,27;2707,82;924,55
2022-05-31;Centro-Oeste;Carlos;Manoela;7002;Smartphone;7;1085,36;719,4;7597,52;2561,72
2023-10-31;Sudeste;Fernanda;Manoela;1005;Headset;3;4783,59;3021,53;14350,77;5286,18
2025-09-30;Nordeste;Eduardo;Felipe;3003;Placa de Vídeo NVidia;3;3480,55;1941,98;10441,65;4615,71
2025-03-31;Norte;Daniela;Felipe;9001;Notebook;4;2223,41;1254,68;8893,64;3874,92
2025-07-31;Sul;Carlos;Antonia;3003;Placa de Vídeo NVidia;8;2031,41;1207,32;16251,28;6592,72
2022-06-30;Norte;Ana;Manoela;9001;Notebook;4;1028,25;553,95;4113,0;1897,2
2024-07-31;Centro-Oeste;Carlos;Marisa;9001;Notebook;7;4236,93;3304,11;29658,51;6529,74
2024-10-31;Centro-Oeste;Fernanda;Antonia;1005;Headset;4;1030,11;674,28;4120,44;1423,32
2023-07-31;Sul;Ana;João;7002;Smartphone;5;1458,98;1143,75;7294,9;1576,15
2024-07-31;Norte;Fernanda;Manoela;5004;Monitor;7;3187,65;2438,25;22313,55;5245,8
2023-02-28;Nordeste;Daniela;Antonia;9001;Notebook;7;1915,92;1073,0;13411,44;5900,44
2022-02-28;Nordeste;Eduardo;Ciro;2006;WebCam 4k;2;2355,87;1510,68;4711,74;1690,38
2025-01-31;Centro-Oeste;Eduardo;Antonia;7002;Smartphone;1;1165,51;673,94;1165,51;491,57
2022-11-30;Nordeste;Eduardo;Felipe;1005;Headset;7;3323,69;1778,68;23265,83;10815,07
2024-04-30;Nordeste;Eduardo;Manoela;7002;Smartphone;2;2300,66;1521,31;4601,32;1558,7
2025-06-30;Sul;Daniela;Antonia;2006;WebCam 4k;4;4665,19;3071,25;18660,76;6375,76
2023-04-30;Norte;Fernanda;João;2006;WebCam 4k;8;1723,71;875,03;13789,68;6789,44
2025-02-28;Sudeste;Ana;Ciro;1005;Headset;9;2916,96;2294,62;26252,64;5601,06
2025-10-31;Norte;Ana;Felipe;3003;Placa de Vídeo NVidia;1;1103,33;574,71;1103,33;528,62
2025-09-30;Centro-Oeste;Eduardo;Antonia;7002;Smartphone;6;1436,47;1135,63;8618,82;1805,04
2024-08-31;Centro-Oeste;Ana;Antonia;2006;WebCam 4k;2;1730,7;1376,56;3461,4;708,28
2023-10-31;Sul;Ana;Ciro;5004;Monitor;3;1613,67;1110,13;4841,01;1510,62
2025-09-30;Centro-Oeste;Ana;Felipe;9001;Notebook;4;4337,1;2277,42;17348,4;8238,72
2022-12-31;Sudeste;Carlos;João;7002;Smartphone;6;3884,99;2909,7;23309,94;5851,74
2022-10-31;Sudeste;Daniela;Antonia;1005;Headset;7;3992,31;2451,27;27946,17;10787,28
2025-04-30;Centro-Oeste;Carlos;Manoela;7002;Smartphone;2;2005,68;1271,32;4011,36;1468,72
2022-01-31;Nordeste;Bruno;Antonia;1005;Headset;9;4824,79;3518,64;43423,11;11755,35
2022-01-31;Nordeste;Ana;Felipe;1005;Headset;7;857,58;579,56;6003,06;1946,14
2023-05-31;Centro-Oeste;Ana;Felipe;7002;Smartphone;3;3571,6;2023,36;10714,8;4644,72
2024-09-30;Norte;Daniela;Marisa;5004;Monitor;5;3871,22;2054,63;19356,1;9082,95
2022-05-31;Centro-Oeste;Fernanda;João;2006;WebCam 4k;5;3973,25;3141,37;19866,25;4159,4
2025-03-31;Centro-Oeste;Ana;Antonia;9001;Notebook;8;3054,72;2157,92;24437,76;7174,4
2022-03-31;Sudeste;Carlos;Ciro;7002;Smartphone;8;563,07;446,63;4504,56;931,52
2024-07-31;Norte;Ana;Antonia;3003;Placa de Vídeo NVidia;6;3259,82;2144,24;19558,92;6693,48
2023-12-31;Sudeste;Eduardo;Felipe;5004;Monitor;1;670,99;366,74;670,99;304,25
2025-06-30;Nordeste;Eduardo;Marisa;5004;Monitor;8;1712,02;1204,8;13696,16;4057,76
2023-08-31;Nordeste;Bruno;Ciro;7002;Smartphone;8;3289,19;1713,69;26313,52;12604,0
2025-01-31;Nordeste;Bruno;Marisa;2006;WebCam 4k;2;4260,66;2640,31;8521,32;3240,7
2023-06-30;Sudeste;Carlos;João;7002;Smartphone;8;4254,45;2724,17;34035,6;12242,24
2022-10-31;Sul;Fernanda;Felipe;9001;Notebook;5;1611,13;1266,23;8055,65;1724,5
2024-08-31;Norte;Carlos;Marisa;7002;Smartphone;9;2226,43;1181,99;20037,87;9399,96
2024-06-30;Norte;Fernanda;Manoela;7002;Smartphone;7;1855,64;1373,84;12989,48;3372,6
2022-06-30;Norte;Ana;Manoela;2006;WebCam 4k;8;3032,41;1924,93;24259,28;8859,84
2022-12-31;Norte;Fernanda;Marisa;5004;Monitor;9;1900,56;1454,38;17105,04;4015,62
2024-10-31;Sudeste;Daniela;Antonia;9001;Notebook;1;2335,25;1618,21;2335,25;717,04
2023-11-30;Nordeste;Fernanda;Felipe;3003;Placa de Vídeo NVidia;4;1860,89;1050,65;7443,56;3240,96
2025-05-31;Norte;Daniela;Marisa;2006;WebCam 4k;5;4904,05;2807,17;24520,25;10484,4
2022-08-31;Nordeste;Carlos;Antonia;1005;Headset;9;2745,7;1768,87;24711,3;8791,47
2023-11-30;Norte;Fernanda;Felipe;3003;Placa de Vídeo NVidia;8;911,94;550,3;7295,52;2893,12
2022-11-30;Sudeste;Ana;Felipe;7002;Smartphone;3;3614,91;2652,32;10844,73;2887,77
2023-01-31;Centro-Oeste;Fernanda;João;9001;Notebook;7;2942,72;2274,77;20599,04;4675,65
2025-07-31;Centro-Oeste;Daniela;Felipe;3003;Placa de Vídeo NVidia;4;4843,71;2727,11;19374,84;8466,4
2023-08-31;Nordeste;Bruno;Felipe;1005;Headset;6;4633,75;3415,77;27802,5;7307,88
2022-09-30;Sul;Ana;Marisa;9001;Notebook;1;4757,01;3233,55;4757,01;1523,46
2022-12-31;Sul;Ana;Antonia;7002;Smartphone;2;1880,84;1430,92;3761,68;899,84
2023-03-31;Centro-Oeste;Ana;Manoela;2006;WebCam 4k;6;1948,35;1391,72;11690,1;3339,78
2023-01-31;Sul;Fernanda;Ciro;2006;WebCam 4k;6;4332,51;2995,28;25995,06;8023,38
2025-06-30;Norte;Ana;João;2006;WebCam 4k;3;2580,1;1421,43;7740,3;3476,01
2025-10-31;Sudeste;Fernanda;João;3003;Placa de Vídeo NVidia;6;4745,05;2957,64;28470,3;10724,46
2024-06-30;Sul;Daniela;Ciro;9001;Notebook;1;4114,64;2855,14;4114,64;1259,5
2022-08-31;Centro-Oeste;Fernanda;Felipe;5004;Monitor;9;2101,96;1416,02;18917,64;6173,46
2023-11-30;Centro-Oeste;Daniela;Manoela;2006;WebCam 4k;3;2302,08;1787,55;6906,24;1543,59
2024-07-31;Nordeste;Eduardo;João;3003;Placa de Vídeo NVidia;6;2356,66;1724,59;14139,96;3792,42
2023-06-30;Centro-Oeste;Daniela;João;3003;Placa de Vídeo NVidia;4;4546,89;3055,68;18187,56;5964,84
2025-09-30;Sul;Daniela;Antonia;7002;Smartphone;6;3736,11;2404,12;22416,66;7991,94
2023-01-31;Centro-Oeste;Bruno;Manoela;1005;Headset;6;3699,12;2325,82;22194,72;8239,8
2022-06-30;Sul;Daniela;João;7002;Smartphone;7;1008,24;537,82;7057,68;3292,94
2025-04-30;Nordeste;Daniela;Ciro;7002;Smartphone;3;1648,82;1075,54;4946,46;1719,84
2023-08-31;Sul;Daniela;Antonia;7002;Smartphone;9;3967,89;2505,01;35711,01;13165,92
2023-07-31;Centro-Oeste;Eduardo;Ciro;7002;Smartphone;5;2028,66;1339,35;10143,3;3446,55
2025-04-30;Centro-Oeste;Eduardo;Ciro;7002;Smartphone;8;651,1;436,5;5208,8;1716,8
2023-03-31;Centro-Oeste;Bruno;Ciro;3003;Placa de Vídeo NVidia;9;3904,74;2642,64;35142,66;11358,9
2024-03-31;Sudeste;Bruno;Felipe;1005;Headset;8;4606,29;2465,03;36850,32;17130,08
2023-05-31;Nordeste;Carlos;Marisa;5004;Monitor;4;4457,51;2362,21;17830,04;8381,2
2022-01-31;Norte;Carlos;João;2006;WebCam 4k;9;3856,03;2970,11;34704,27;7973,28
2022-12-31;Norte;Ana;Marisa;9001;Notebook;3;4289,52;2754,16;12868,56;4606,08
2022-07-31;Sul;Fernanda;João;9001;Notebook;4;4206,6;3283,21;16826,4;3693,56
2024-06-30;Norte;Carlos;Ciro;3003;Placa de Vídeo NVidia;3;2899,14;2132,73;8697,42;2299,23
2024-08-31;Sul;Bruno;Felipe;3003;Placa de Vídeo NVidia;6;2495,95;1309,93;14975,7;7116,12
2022-05-31;Sul;Eduardo;Ciro;1005;Headset;2;3161,76;2095,35;6323,52;2132,82
2024-08-31;Nordeste;Ana;Marisa;3003;Placa de Vídeo NVidia;6;4761,99;3421,59;28571,94;8042,4
2024-06-30;Sudeste;Ana;Manoela;1005;Headset;3;4873,75;3782,31;14621,25;3274,32
2025-02-28;Sul;Eduardo;Marisa;2006;WebCam 4k;7;1744,51;1258,03;12211,57;3405,36
2023-12-31;Norte;Daniela;Antonia;5004;Monitor;3;643,55;496,84;1930,65;440,13
2025-04-30;Sudeste;Ana;Marisa;9001;Notebook;5;4010,0;2142,26;20050,0;9338,7
2025-08-31;Sudeste;Fernanda;Manoela;5004;Monitor;7;3435,07;2324,29;24045,49;7775,46
2025-10-31;Centro-Oeste;Fernanda;Marisa;3003;Placa de Vídeo NVidia;1;3733,92;2055,17;3733,92;1678,75
2025-08-31;Norte;Carlos;Ciro;5004;Monitor;9;3644,97;2900,12;32804,73;6703,65
2024-06-30;Nordeste;Fernanda;Ciro;1005;Headset;8;4176,14;2762,45;33409,12;11309,52
2022-02-28;Norte;Ana;João;1005;Headset;8;1392,23;1061,54;11137,84;2645,52
2022-04-30;Sul;Fernanda;Ciro;1005;Headset;1;3368,99;2256,69;3368,99;1112,3
2024-04-30;Sul;Bruno;Antonia;1005;Headset;9;1907,09;1512,95;17163,81;3547,26
2022-11-30;Centro-Oeste;Daniela;Felipe;5004;Monitor;3;2386,33;1796,15;7158,99;1770,54
2025-07-31;Nordeste;Ana;Antonia;1005;Headset;5;1874,39;1391,46;9371,95;2414,65
2023-08-31;Sudeste;Daniela;Felipe;2006;WebCam 4k;7;3802,62;2173,36;26618,34;11404,82
2022-04-30;Centro-Oeste;Fernanda;Ciro;5004;Monitor;7;3821,31;2354,25;26749,17;10269,42
2025-09-30;Centro-Oeste;Bruno;João;5004;Monitor;8;3187,11;1690,39;25496,88;11973,76
2024-01-31;Sul;Daniela;João;2006;WebCam 4k;9;2488,25;1850,12;22394,25;5743,17
2022-11-30;Norte;Daniela;Marisa;3003;Placa de Vídeo NVidia;8;2855,44;2115,8;22843,52;5917,12
2024-05-31;Centro-Oeste;Bruno;Marisa;3003;Placa de Vídeo NVidia;3;2338,95;1442,77;7016,85;2688,54
2023-06-30;Norte;Carlos;Ciro;1005;Headset;8;2887,62;1667,39;23100,96;9761,84
2025-08-31;Nordeste;Daniela;Manoela;5004;Monitor;3;989,5;614,57;2968,5;1124,79
2024-05-31;Norte;Ana;Manoela;5004;Monitor;1;1575,31;1005,49;1575,31;569,82
2022-11-30;Nordeste;Carlos;Ciro;5004;Monitor;4;4711,52;3307,57;18846,08;5615,8
2023-11-30;Sul;Fernanda;João;7002;Smartphone;8;4512,97;2587,51;36103,76;15403,68
2023-12-31;Sudeste;Carlos;Marisa;7002;Smartphone;2;1998,27;1485,41;3996,54;1025,72
2025-01-31;Centro-Oeste;Fernanda;Marisa;3003;Placa de Vídeo NVidia;4;1795,34;1331,06;7181,36;1857,12
2024-02-29;Centro-Oeste;Ana;Marisa;7002;Smartphone;9;3004,67;1772,64;27042,03;11088,27
2023-05-31;Nordeste;Fernanda;Ciro;3003;Placa de Vídeo NVidia;2;3158,18;2489,21;6316,36;1337,94
2025-10-31;Nordeste;Ana;Marisa;9001;Notebook;6;985,45;776,73;5912,7;1252,32
2024-08-31;Nordeste;Daniela;Antonia;9001;Notebook;4;1288,45;960,69;5153,8;1311,04
2022-02-28;Sul;Eduardo;Marisa;5004;Monitor;7;1696,23;1146,23;11873,61;3850,0
2023-08-31;Norte;Ana;Felipe;2006;WebCam 4k;8;3102,34;1732,84;24818,72;10956,0
2022-07-31;Sudeste;Daniela;Manoela;1005;Headset;9;4424,71;2359,41;39822,39;18587,7
2023-06-30;Sudeste;Eduardo;João;1005;Headset;4;4695,59;3151,44;18782,36;6176,6
2024-08-31;Norte;Bruno;Antonia;5004;Monitor;9;1254,89;821,01;11294,01;3904,92
2023-09-30;Nordeste;Daniela;Manoela;9001;Notebook;4;3556,55;2424,59;14226,2;4527,84
2024-07-31;Centro-Oeste;Bruno;Marisa;3003;Placa de Vídeo NVidia;8;4239,2;2342,64;33913,6;15172,48
2022-03-31;Sul;Eduardo;Felipe;5004;Monitor;9;565,83;314,57;5092,47;2261,34
2023-10-31;Norte;Ana;Ciro;9001;Notebook;9;1061,27;571,18;9551,43;4410,81
2024-08-31;Centro-Oeste;Bruno;Marisa;9001;Notebook;9;1968,01;1135,02;17712,09;7496,91
2024-04-30;Sudeste;Fernanda;Antonia;2006;WebCam 4k;4;604,95;478,74;2419,8;504,84
2024-07-31;Centro-Oeste;Daniela;Manoela;7002;Smartphone;6;927,82;531,03;5566,92;2380,74
2024-05-31;Centro-Oeste;Eduardo;Ciro;1005;Headset;6;4606,63;3313,62;27639,78;7758,06
2023-07-31;Nordeste;Carlos;Felipe;5004;Monitor;1;2773,26;1413,93;2773,26;1359,33
2025-07-31;Centro-Oeste;Eduardo;Felipe;3003;Placa de Vídeo NVidia;4;640,32;362,08;2561,28;1112,96
2024-12-31;Sul;Eduardo;João;1005;Headset;7;4877,2;3282,89;34140,4;11160,17
2023-01-31;Norte;Daniela;Manoela;5004;Monitor;1;2120,86;1296,73;2120,86;824,13
2022-04-30;Sudeste;Daniela;Marisa;2006;WebCam 4k;7;1092,15;600,46;7645,05;3441,83
2022-05-31;Norte;Daniela;Felipe;1005;Headset;3;2646,1;1404,29;7938,3;3725,43
2022-04-30;Centro-Oeste;Eduardo;Marisa;5004;Monitor;1;529,74;387,28;529,74;142,46
2022-03-31;Sul;Eduardo;João;3003;Placa de Vídeo NVidia;4;3258,62;2416,42;13034,48;3368,8
2023-03-31;Sudeste;Bruno;João;3003;Placa de Vídeo NVidia;7;506,58;363,11;3546,06;1004,29
2023-05-31;Sul;Ana;Marisa;7002;Smartphone;6;1593,63;1139,83;9561,78;2722,8
2023-12-31;Norte;Bruno;Felipe;3003;Placa de Vídeo NVidia;5;1379,17;971,67;6895,85;2037,5
2022-08-31;Sudeste;Ana;Marisa;5004;Monitor;1;2361,99;1193,06;2361,99;1168,93
2024-04-30;Nordeste;Ana;Manoela;3003;Placa de Vídeo NVidia;3;3219,98;1837,44;9659,94;4147,62
2024-01-31;Nordeste;Fernanda;Ciro;2006;WebCam 4k;8;630,73;499,59;5045,84;1049,12
2022-11-30;Centro-Oeste;Daniela;Antonia;3003;Placa de Vídeo NVidia;7;2063,04;1387,18;14441,28;4731,02
2025-07-31;Sudeste;Daniela;Marisa;5004;Monitor;4;3522,57;2521,2;14090,28;4005,48
2023-03-31;Norte;Eduardo;Antonia;5004;Monitor;3;1646,09;1040,6;4938,27;1816,47
2024-09-30;Norte;Carlos;Antonia;3003;Placa de Vídeo NVidia;8;3709,46;2463,89;29675,68;9964,56
2022-11-30;Norte;Fernanda;Marisa;2006;WebCam 4k;5;1623,75;945,46;8118,75;3391,45
2023-12-31;Norte;Daniela;Manoela;3003;Placa de Vídeo NVidia;2;4692,41;2461,07;9384,82;4462,68
2025-06-30;Centro-Oeste;Ana;Marisa;7002;Smartphone;8;4507,96;2474,38;36063,68;16268,64
2025-05-31;Norte;Eduardo;João;7002;Smartphone;5;3912,08;2321,23;19560,4;7954,25
2024-11-30;Centro-Oeste;Bruno;Ciro;7002;Smartphone;6;692,73;405,27;4156,38;1724,76
2025-06-30;Centro-Oeste;Ana;Felipe;5004;Monitor;3;1862,02;1348,18;5586,06;1541,52
2024-03-31;Centro-Oeste;Eduardo;Ciro;1005;Headset;7;4761,77;3772,57;33332,39;6924,4
2022-07-31;Nordeste;Fernanda;Antonia;7002;Smartphone;4;3688,53;2711,38;14754,12;3908,6
2024-11-30;Norte;Daniela;Antonia;7002;Smartphone;7;3156,63;2223,57;22096,41;6531,42
2025-03-31;Sudeste;Carlos;Ciro;9001;Notebook;3;4126,16;2158,2;12378,48;5903,88
2024-07-31;Sul;Eduardo;Felipe;5004;Monitor;7;2161,29;1572,25;15129,03;4123,28
2024-11-30;Centro-Oeste;Bruno;Manoela;3003;Placa de Vídeo NVidia;3;4883,1;2642,99;14649,3;6720,33
2023-11-30;Centro-Oeste;Daniela;João;3003;Placa de Vídeo NVidia;1;3876,71;2053,08;3876,71;1823,63
2023-02-28;Norte;Daniela;Felipe;5004;Monitor;5;3650,08;2747,0;18250,4;4515,4
2024-06-30;Centro-Oeste;Bruno;Ciro;5004;Monitor;9;2986,81;1496,6;26881,29;13411,89
2022-11-30;Sul;Carlos;João;1005;Headset;7;4380,85;2612,71;30665,95;12376,98
2024-02-29;Sul;Bruno;Felipe;5004;Monitor;7;4783,36;3608,16;33483,52;8226,4
2024-02-29;Sudeste;Ana;João;7002;Smartphone;3;643,39;476,71;1930,17;500,04
2023-12-31;Norte;Carlos;Manoela;7002;Smartphone;6;1065,25;736,86;6391,5;1970,34
2025-02-28;Sul;Eduardo;Marisa;2006;WebCam 4k;2;3202,03;1623,32;6404,06;3157,42
2025-10-31;Sul;Daniela;Manoela;5004;Monitor;2;4854,54;2433,8;9709,08;4841,48
2023-09-30;Sul;Fernanda;Marisa;5004;Monitor;8;1047,0;725,34;8376,0;2573,28
2022-08-31;Sul;Fernanda;Manoela;3003;Placa de Vídeo NVidia;6;4444,04;2559,51;26664,24;11307,18
2022-03-31;Sudeste;Daniela;Antonia;5004;Monitor;9;864,41;485,44;7779,69;3410,73
2022-09-30;Sudeste;Bruno;Marisa;7002;Smartphone;4;3484,69;2569,71;13938,76;3659,92
2022-06-30;Norte;Eduardo;Marisa;9001;Notebook;9;2064,19;1446,53;18577,71;5558,94
2022-09-30;Nordeste;Ana;Felipe;1005;Headset;5;1304,75;945,88;6523,75;1794,35
2022-08-31;Nordeste;Daniela;Marisa;9001;Notebook;4;1374,22;724,71;5496,88;2598,04
2024-05-31;Sul;Fernanda;Antonia;7002;Smartphone;5;4723,75;2687,43;23618,75;10181,6
2024-04-30;Centro-Oeste;Carlos;Antonia;9001;Notebook;4;4525,79;2939,82;18103,16;6343,88
2022-11-30;Norte;Daniela;Felipe;3003;Placa de Vídeo NVidia;7;799,0;514,57;5593,0;1991,01
2023-04-30;Norte;Eduardo;Marisa;7002;Smartphone;7;4702,02;3198,17;32914,14;10526,95
2024-02-29;Sul;Eduardo;Manoela;5004;Monitor;2;4875,41;2739,46;9750,82;4271,9
2022-08-31;Norte;Carlos;Antonia;5004;Monitor;5;3451,95;2120,28;17259,75;6658,35
2023-04-30;Centro-Oeste;Carlos;Manoela;3003;Placa de Vídeo NVidia;5;3947,97;2296,97;19739,85;8255,0
2022-05-31;Norte;Eduardo;Ciro;1005;Headset;2;3958,54;2278,67;7917,08;3359,74
2023-09-30;Sudeste;Carlos;Ciro;5004;Monitor;5;4172,06;2883,89;20860,3;6440,85
2024-08-31;Sul;Daniela;Manoela;7002;Smartphone;8;3537,45;1820,8;28299,6;13733,2
2025-05-31;Sudeste;Daniela;Antonia;3003;Placa de Vídeo NVidia;5;3814,46;2868,54;19072,3;4729,6
2022-08-31;Nordeste;Daniela;Antonia;1005;Headset;4;2238,78;1477,79;8955,12;3043,96
2023-11-30;Centro-Oeste;Daniela;Antonia;3003;Placa de Vídeo NVidia;6;3434,02;2097,48;20604,12;8019,24
2025-05-31;Centro-Oeste;Fernanda;Felipe;2006;WebCam 4k;5;3594,96;2006,94;17974,8;7940,1
2022-01-31;Centro-Oeste;Carlos;Antonia;1005;Headset;1;1607,89;979,32;1607,89;628,57
2024-02-29;Sul;Bruno;Felipe;5004;Monitor;5;4253,01;2460,02;21265,05;8964,95
2025-06-30;Nordeste;Daniela;Felipe;7002;Smartphone;1;1358,16;927,18;1358,16;430,98
2023-05-31;Norte;Ana;Marisa;1005;Headset;7;816,18;566,42;5713,26;1748,32
2023-07-31;Norte;Carlos;Marisa;2006;WebCam 4k;2;3094,94;1817,13;6189,88;2555,62
2024-02-29;Norte;Daniela;Manoela;2006;WebCam 4k;8;2956,52;1853,83;23652,16;8821,52
2023-03-31;Sul;Bruno;Ciro;9001;Notebook;4;1251,34;976,05;5005,36;1101,16
2025-03-31;Norte;Fernanda;Ciro;9001;Notebook;4;4722,45;2814,86;18889,8;7630,36
2024-10-31;Sul;Eduardo;Antonia;3003;Placa de Vídeo NVidia;8;2340,37;1738,01;18722,96;4818,88
2024-04-30;Nordeste;Bruno;Manoela;3003;Placa de Vídeo NVidia;3;3065,72;1665,22;9197,16;4201,5
2025-05-31;Sudeste;Fernanda;Manoela;5004;Monitor;1;4652,34;2972,52;4652,34;1679,82
2023-03-31;Nordeste;Bruno;Antonia;1005;Headset;5;4273,38;2863,82;21366,9;7047,8
2024-07-31;Norte;Bruno;Antonia;9001;Notebook;9;3010,0;1565,98;27090,0;12996,18
2025-08-31;Sul;Bruno;Felipe;5004;Monitor;2;590,56;437,83;1181,12;305,46
2023-04-30;Norte;Eduardo;Felipe;7002;Smartphone;3;3546,7;2800,9;10640,1;2237,4
2022-11-30;Sudeste;Carlos;Antonia;7002;Smartphone;7;2175,27;1246,96;15226,89;6498,17
2024-12-31;Sul;Fernanda;Ciro;9001;Notebook;5;1082,28;717,36;5411,4;1824,6
2024-10-31;Norte;Bruno;Felipe;2006;WebCam 4k;9;933,6;531,08;8402,4;3622,68
2024-12-31;Sul;Daniela;Antonia;5004;Monitor;3;2527,04;1335,89;7581,12;3573,45
2022-07-31;Nordeste;Eduardo;Antonia;3003;Placa de Vídeo NVidia;7;1005,14;793,47;7035,98;1481,69
2022-11-30;Centro-Oeste;Ana;Marisa;1005;Headset;4;3161,39;1799,27;12645,56;5448,48
2022-05-31;Sul;Fernanda;João;5004;Monitor;9;3933,36;2680,12;35400,24;11279,16
2023-01-31;Centro-Oeste;Ana;Antonia;7002;Smartphone;5;4189,37;2931,72;20946,85;6288,25
2022-01-31;Sudeste;Daniela;Manoela;2006;WebCam 4k;9;1056,7;537,71;9510,3;4670,91
2024-10-31;Sul;Eduardo;Ciro;7002;Smartphone;7;2874,65;1444,68;20122,55;10009,79
2022-03-31;Norte;Daniela;Ciro;5004;Monitor;5;2058,25;1310,93;10291,25;3736,6
2024-11-30;Norte;Daniela;Ciro;5004;Monitor;2;3025,96;1836,38;6051,92;2379,16
2022-06-30;Sul;Ana;João;2006;WebCam 4k;3;665,51;466,68;1996,53;596,49
2023-04-30;Nordeste;Eduardo;Manoela;1005;Headset;6;1031,05;552,38;6186,3;2872,02
2022-05-31;Nordeste;Daniela;Marisa;7002;Smartphone;8;758,89;499,02;6071,12;2078,96
2024-12-31;Sudeste;Fernanda;Antonia;2006;WebCam 4k;4;3530,72;2217,73;14122,88;5251,96
2023-05-31;Centro-Oeste;Eduardo;Felipe;2006;WebCam 4k;1;4440,26;2450,89;4440,26;1989,37
2023-11-30;Norte;Daniela;João;1005;Headset;1;1822,07;1334,76;1822,07;487,31
2024-12-31;Norte;Fernanda;Marisa;2006;WebCam 4k;6;2350,76;1865,31;14104,56;2912,7
2023-09-30;Norte;Ana;Antonia;2006;WebCam 4k;4;4436,31;2955,12;17745,24;5924,76
2025-05-31;Centro-Oeste;Bruno;Marisa;1005;Headset;3;1220,93;711,45;3662,79;1528,44
2023-04-30;Sudeste;Fernanda;Antonia;9001;Notebook;7;3379,14;1833,16;23653,98;10821,86
2024-12-31;Centro-Oeste;Eduardo;João;2006;WebCam 4k;3;1453,09;834,36;4359,27;1856,19
2023-09-30;Nordeste;Daniela;Ciro;1005;Headset;1;4164,62;3263,42;4164,62;901,2
2022-04-30;Nordeste;Bruno;Ciro;7002;Smartphone;6;3647,59;2168,56;21885,54;8874,18
2022-02-28;Norte;Ana;Ciro;1005;Headset;8;831,67;427,99;6653,36;3229,44
2025-08-31;Nordeste;Fernanda;Ciro;5004;Monitor;3;3111,27;2313,14;9333,81;2394,39
2022-11-30;Nordeste;Ana;Marisa;3003;Placa de Vídeo NVidia;1;1801,51;1022,55;1801,51;778,96
2023-08-31;Centro-Oeste;Fernanda;Antonia;7002;Smartphone;2;3531,29;2430,3;7062,58;2201,98
2025-06-30;Nordeste;Daniela;Felipe;3003;Placa de Vídeo NVidia;7;645,46;392,16;4518,22;1773,1
2024-09-30;Norte;Ana;Manoela;9001;Notebook;9;2147,94;1447,33;19331,46;6305,49
2023-12-31;Centro-Oeste;Bruno;João;1005;Headset;9;3380,47;1859,74;30424,23;13686,57
2025-06-30;Centro-Oeste;Ana;Marisa;9001;Notebook;3;4377,37;3331,89;13132,11;3136,44
2025-02-28;Sul;Fernanda;Manoela;9001;Notebook;2;1303,04;896,91;2606,08;812,26
2025-10-31;Centro-Oeste;Daniela;João;9001;Notebook;9;2771,45;1430,08;24943,05;12072,33
2022-10-31;Sudeste;Bruno;Manoela;3003;Placa de Vídeo NVidia;3;3251,3;2026,54;9753,9;3674,28
2023-09-30;Sudeste;Eduardo;Felipe;3003;Placa de Vídeo NVidia;3;4795,25;2804,2;14385,75;5973,15
2022-11-30;Norte;Carlos;Felipe;5004;Monitor;4;4771,51;2867,69;19086,04;7615,28
2022-11-30;Sudeste;Bruno;Manoela;1005;Headset;9;1536,24;1172,55;13826,16;3273,21
2025-08-31;Sul;Carlos;Manoela;3003;Placa de Vídeo NVidia;8;4993,8;3031,67;39950,4;15697,04
2024-02-29;Sudeste;Eduardo;Ciro;5004;Monitor;3;4437,49;2989,21;13312,47;4344,84
2022-06-30;Norte;Daniela;Manoela;2006;WebCam 4k;1;1137,78;901,79;1137,78;235,99
2024-01-31;Norte;Ana;Felipe;2006;WebCam 4k;2;1751,88;1359,9;3503,76;783,96
2024-01-31;Norte;Eduardo;Manoela;5004;Monitor;6;1660,64;940,68;9963,84;4319,76
2025-02-28;Sul;Ana;Felipe;2006;WebCam 4k;4;1084,56;728,24;4338,24;1425,28
2024-03-31;Centro-Oeste;Ana;Ciro;5004;Monitor;2;4024,56;2524,56;8049,12;3000,0
2023-09-30;Norte;Ana;Felipe;2006;WebCam 4k;3;649,59;460,8;1948,77;566,37
2025-02-28;Centro-Oeste;Carlos;João;5004;Monitor;2;2611,73;1965,41;5223,46;1292,64
2025-05-31;Centro-Oeste;Daniela;Felipe;3003;Placa de Vídeo NVidia;3;1107,99;616,14;3323,97;1475,55
2023-10-31;Centro-Oeste;Eduardo;João;7002;Smartphone;8;3421,31;2492,73;27370,48;7428,64
2024-09-30;Sudeste;Fernanda;Marisa;3003;Placa de Vídeo NVidia;9;1119,7;739,36;10077,3;3423,06
2023-10-31;Sul;Ana;Antonia;5004;Monitor;7;1186,4;693,12;8304,8;3452,96
2023-02-28;Centro-Oeste;Daniela;Ciro;9001;Notebook;9;2576,84;1686,44;23191,56;8013,6
2024-05-31;Sudeste;Bruno;Marisa;1005;Headset;1;2107,47;1574,58;2107,47;532,89
2024-09-30;Sul;Fernanda;Ciro;9001;Notebook;5;4115,77;3213,47;20578,85;4511,5
2025-08-31;Norte;Bruno;Antonia;5004;Monitor;6;4210,27;2523,91;25261,62;10118,16
2023-01-31;Nordeste;Carlos;Marisa;2006;WebCam 4k;2;3054,9;1887,63;6109,8;2334,54
2023-03-31;Nordeste;Daniela;Manoela;7002;Smartphone;5;3190,28;1749,81;15951,4;7202,35
2025-02-28;Sul;Fernanda;João;5004;Monitor;8;3240,54;1989,29;25924,32;10010,0
2023-02-28;Sul;Fernanda;Marisa;7002;Smartphone;8;3452,53;2700,56;27620,24;6015,76
2025-01-31;Nordeste;Bruno;Antonia;2006;WebCam 4k;3;2549,82;1657,15;7649,46;2678,01
2023-05-31;Centro-Oeste;Fernanda;Manoela;7002;Smartphone;1;3932,43;2040,51;3932,43;1891,92
2023-07-31;Centro-Oeste;Fernanda;Antonia;7002;Smartphone;1;3656,23;2011,68;3656,23;1644,55
2022-02-28;Sul;Bruno;Manoela;3003;Placa de Vídeo NVidia;9;3663,87;2839,8;32974,83;7416,63
2023-02-28;Nordeste;Eduardo;João;3003;Placa de Vídeo NVidia;9;2862,8;1630,29;25765,2;11092,59
2022-09-30;Sul;Carlos;João;3003;Placa de Vídeo NVidia;7;3660,86;1893,96;25626,02;12368,3
2022-07-31;Norte;Carlos;João;5004;Monitor;4;807,09;483,74;3228,36;1293,4
2022-09-30;Sul;Carlos;Manoela;5004;Monitor;6;1601,55;1062,54;9609,3;3234,06
2024-02-29;Sudeste;Ana;Manoela;2006;WebCam 4k;1;4415,13;2259,21;4415,13;2155,92
2024-11-30;Sul;Bruno;Antonia;3003;Placa de Vídeo NVidia;8;3878,67;2132,15;31029,36;13972,16
2025-05-31;Norte;Daniela;Felipe;7002;Smartphone;1;3520,87;2113,18;3520,87;1407,69
2023-12-31;Nordeste;Ana;Felipe;2006;WebCam 4k;1;1510,9;919,59;1510,9;591,31
2024-07-31;Norte;Bruno;Antonia;1005;Headset;2;584,24;394,89;1168,48;378,7
2025-09-30;Sul;Eduardo;Antonia;1005;Headset;1;1042,18;717,14;1042,18;325,04
2023-02-28;Centro-Oeste;Eduardo;Marisa;7002;Smartphone;4;2017,16;1191,49;8068,64;3302,68
2025-09-30;Norte;Bruno;Ciro;5004;Monitor;9;4724,17;2573,4;42517,53;19356,93
2025-07-31;Sul;Daniela;João;7002;Smartphone;8;3633,82;2608,98;29070,56;8198,72
2022-12-31;Nordeste;Ana;Felipe;9001;Notebook;4;3299,14;2303,91;13196,56;3980,92
2022-08-31;Norte;Eduardo;Manoela;3003;Placa de Vídeo NVidia;9;2122,55;1548,4;19102,95;5167,35
2023-11-30;Norte;Carlos;Marisa;3003;Placa de Vídeo NVidia;4;2397,22;1849,86;9588,88;2189,44
2022-03-31;Centro-Oeste;Carlos;Manoela;3003;Placa de Vídeo NVidia;6;4734,9;3105,19;28409,4;9778,26
2025-02-28;Sul;Daniela;Antonia;5004;Monitor;2;1388,46;710,46;2776,92;1356,0
2022-05-31;Centro-Oeste;Bruno;João;3003;Placa de Vídeo NVidia;9;2779,42;1905,78;25014,78;7862,76
2022-12-31;Sul;Carlos;João;5004;Monitor;9;4309,54;2466,84;38785,86;16584,3
2023-03-31;Nordeste;Fernanda;Antonia;5004;Monitor;4;2112,41;1548,73;8449,64;2254,72
2024-07-31;Sudeste;Ana;Manoela;7002;Smartphone;3;2959,9;1847,49;8879,7;3337,23
2022-01-31;Sudeste;Ana;Manoela;9001;Notebook;9;2488,16;1459,86;22393,44;9254,7
2024-11-30;Sudeste;Daniela;Felipe;9001;Notebook;2;3474,51;2554,55;6949,02;1839,92
2022-07-31;Centro-Oeste;Fernanda;Felipe;2006;WebCam 4k;4;1526,39;1108,47;6105,56;1671,68
2024-03-31;Norte;Daniela;Marisa;2006;WebCam 4k;6;4795,42;3469,18;28772,52;7957,44
2024-01-31;Sul;Fernanda;Antonia;3003;Placa de Vídeo NVidia;9;578,96;378,86;5210,64;1800,9
2024-07-31;Nordeste;Carlos;João;2006;WebCam 4k;3;1466,95;1088,76;4400,85;1134,57
2025-05-31;Sudeste;Ana;Ciro;5004;Monitor;4;4296,01;2714,23;17184,04;6327,12
2025-03-31;Sul;Bruno;Antonia;9001;Notebook;8;1544,38;894,05;12355,04;5202,64
2022-05-31;Norte;Eduardo;Felipe;9001;Notebook;8;2315,47;1329,58;18523,76;7887,12
2023-03-31;Nordeste;Bruno;Manoela;3003;Placa de Vídeo NVidia;5;3128,46;1843,4;15642,3;6425,3
2024-04-30;Sul;Bruno;Manoela;1005;Headset;3;849,68;486,34;2549,04;1090,02
2022-11-30;Norte;Daniela;Ciro;3003;Placa de Vídeo NVidia;6;888,16;606,79;5328,96;1688,22
2025-05-31;Nordeste;Carlos;Felipe;5004;Monitor;1;3817,65;1988,34;3817,65;1829,31
2025-04-30;Sul;Fernanda;Ciro;5004;Monitor;5;1644,11;1271,72;8220,55;1861,95
2024-03-31;Sudeste;Carlos;Antonia;1005;Headset;9;2517,06;1341,15;22653,54;10583,19
2023-10-31;Nordeste;Eduardo;Antonia;3003;Placa de Vídeo NVidia;8;4989,51;3300,12;39916,08;13515,12
2023-07-31;Nordeste;Ana;João;1005;Headset;2;891,99;634,21;1783,98;515,56
2023-10-31;Nordeste;Eduardo;Marisa;5004;Monitor;1;3414,29;2004,75;3414,29;1409,54
2025-09-30;Nordeste;Ana;Marisa;3003;Placa de Vídeo NVidia;2;2125,62;1536,13;4251,24;1178,98
2024-10-31;Sudeste;Ana;João;9001;Notebook;4;1882,31;1132,93;7529,24;2997,52
2022-03-31;Centro-Oeste;Ana;Felipe;7002;Smartphone;7;4481,07;3580,93;31367,49;6300,98
2025-09-30;Sudeste;Eduardo;João;5004;Monitor;7;3859,01;2063,26;27013,07;12570,25
2022-07-31;Centro-Oeste;Bruno;Marisa;7002;Smartphone;6;3464,12;1777,8;20784,72;10117,92
2024-04-30;Nordeste;Carlos;Felipe;3003;Placa de Vídeo NVidia;4;1581,8;924,63;6327,2;2628,68
2024-07-31;Nordeste;Ana;Felipe;5004;Monitor;4;2088,09;1395,28;8352,36;2771,24
2022-05-31;Centro-Oeste;Carlos;Antonia;9001;Notebook;2;1158,3;605,23;2316,6;1106,14
2024-03-31;Sul;Eduardo;Ciro;1005;Headset;3;3878,22;2987,2;11634,66;2673,06
2023-04-30;Nordeste;Fernanda;Manoela;2006;WebCam 4k;5;1272,71;907,23;6363,55;1827,4
2022-04-30;Nordeste;Ana;Felipe;1005;Headset;6;4045,01;2498,85;24270,06;9276,96
2023-12-31;Norte;Carlos;Manoela;2006;WebCam 4k;1;1427,55;1086,18;1427,55;341,37
2022-11-30;Sudeste;Eduardo;Ciro;5004;Monitor;4;3234,83;1789,56;12939,32;5781,08
2025-08-31;Sudeste;Fernanda;João;3003;Placa de Vídeo NVidia;3;1602,3;1176,88;4806,9;1276,26
2024-04-30;Centro-Oeste;Bruno;Marisa;3003;Placa de Vídeo NVidia;8;2265,56;1537,94;18124,48;5820,96
2022-06-30;Sul;Daniela;Manoela;7002;Smartphone;8;2107,75;1155,23;16862,0;7620,16
2025-03-31;Sudeste;Ana;Felipe;7002;Smartphone;5;4310,18;2335,4;21550,9;9873,9
2025-07-31;Sudeste;Carlos;João;1005;Headset;7;3840,51;2953,75;26883,57;6207,32
2022-07-31;Nordeste;Bruno;Antonia;9001;Notebook;1;1597,58;1208,74;1597,58;388,84
2022-08-31;Norte;Eduardo;Antonia;5004;Monitor;6;2339,19;1440,46;14035,14;5392,38
2023-10-31;Sul;Ana;João;3003;Placa de Vídeo NVidia;2;2083,3;1388,04;4166,6;1390,52
2023-01-31;Norte;Bruno;João;3003;Placa de Vídeo NVidia;3;3596,32;2422,67;10788,96;3520,95
2025-06-30;Centro-Oeste;Ana;Manoela;9001;Notebook;4;1074,43;698,62;4297,72;1503,24
2024-08-31;Sul;Ana;Manoela;5004;Monitor;3;1637,84;1172,78;4913,52;1395,18
2022-01-31;Sudeste;Eduardo;Felipe;2006;WebCam 4k;8;2816,31;1672,26;22530,48;9152,4
2022-02-28;Sudeste;Fernanda;Ciro;9001;Notebook;2;4374,53;3134,78;8749,06;2479,5
2024-08-31;Nordeste;Ana;Marisa;9001;Notebook;9;715,03;440,51;6435,27;2470,68
2023-01-31;Norte;Eduardo;Antonia;7002;Smartphone;7;4415,52;2830,71;30908,64;11093,67
2025-04-30;Sudeste;Ana;Marisa;9001;Notebook;9;3538,88;2128,08;31849,92;12697,2
2025-09-30;Nordeste;Daniela;Manoela;3003;Placa de Vídeo NVidia;5;2256,02;1231,97;11280,1;5120,25
2023-02-28;Nordeste;Eduardo;Marisa;5004;Monitor;8;3120,32;2048,67;24962,56;8573,2
2023-05-31;Norte;Fernanda;Marisa;3003;Placa de Vídeo NVidia;3;4042,61;2227,09;12127,83;5446,56
2022-03-31;Centro-Oeste;Daniela;Ciro;2006;WebCam 4k;3;1924,81;1326,45;5774,43;1795,08
2025-09-30;Centro-Oeste;Carlos;Marisa;1005;Headset;6;4453,81;3555,71;26722,86;5388,6
2023-12-31;Sul;Daniela;João;1005;Headset;3;2554,5;1280,51;7663,5;3821,97
2024-09-30;Nordeste;Eduardo;João;1005;Headset;6;3956,18;3112,99;23737,08;5059,14
2025-02-28;Nordeste;Daniela;Felipe;7002;Smartphone;9;3242,19;2180,11;29179,71;9558,72
2023-08-31;Norte;Carlos;Marisa;5004;Monitor;1;3441,21;2148,42;3441,21;1292,79
2022-09-30;Sul;Eduardo;Ciro;2006;WebCam 4k;2;1737,88;1312,98;3475,76;849,8
2025-03-31;Nordeste;Fernanda;Felipe;7002;Smartphone;4;850,61;462,7;3402,44;1551,64
2024-11-30;Norte;Carlos;Marisa;1005;Headset;1;2478,38;1318,0;2478,38;1160,38
2022-10-31;Sudeste;Fernanda;Antonia;3003;Placa de Vídeo NVidia;7;567,58;411,23;3973,06;1094,45
2025-06-30;Centro-Oeste;Bruno;Manoela;5004;Monitor;1;3821,33;2687,7;3821,33;1133,63
2025-02-28;Centro-Oeste;Carlos;Ciro;2006;WebCam 4k;7;2120,21;1364,67;14841,47;5288,78
2022-08-31;Norte;Eduardo;João;1005;Headset;2;3453,11;2240,85;6906,22;2424,52
2022-04-30;Centro-Oeste;Carlos;Ciro;2006;WebCam 4k;7;3792,79;2431,94;26549,53;9525,95
2025-06-30;Nordeste;Eduardo;Manoela;1005;Headset;6;3429,06;2277,21;20574,36;6911,1
2022-02-28;Nordeste;Ana;Marisa;1005;Headset;4;4530,83;2675,65;18123,32;7420,72
2025-08-31;Sul;Eduardo;Felipe;7002;Smartphone;6;3150,25;1956,85;18901,5;7160,4
2022-03-31;Norte;Bruno;Marisa;5004;Monitor;1;1284,16;952,24;1284,16;331,92
2022-02-28;Sul;Eduardo;Antonia;3003;Placa de Vídeo NVidia;7;1586,89;1089,35;11108,23;3482,78
2024-12-31;Nordeste;Ana;Manoela;2006;WebCam 4k;5;3389,78;2555,73;16948,9;4170,25
2023-11-30;Norte;Eduardo;Ciro;7002;Smartphone;2;1245,35;701,73;2490,7;1087,24
2023-09-30;Centro-Oeste;Ana;João;3003;Placa de Vídeo NVidia;5;1912,38;1264,21;9561,9;3240,85
2022-08-31;Sudeste;Ana;João;9001;Notebook;9;3188,86;2184,57;28699,74;9038,61
2025-07-31;Sul;Daniela;Marisa;5004;Monitor;9;2038,31;1190,3;18344,79;7632,09
2024-06-30;Centro-Oeste;Eduardo;Felipe;1005;Headset;8;606,55;357,94;4852,4;1988,88
2025-04-30;Centro-Oeste;Bruno;Manoela;7002;Smartphone;5;4438,71;2364,28;22193,55;10372,15
2023-01-31;Centro-Oeste;Bruno;Marisa;5004;Monitor;3;4054,64;2288,17;12163,92;5299,41
2025-05-31;Nordeste;Bruno;João;7002;Smartphone;4;4311,5;2342,37;17246,0;7876,52
2023-12-31;Sul;Bruno;Marisa;2006;WebCam 4k;3;869,44;546,39;2608,32;969,15
2022-03-31;Centro-Oeste;Daniela;João;5004;Monitor;3;4167,47;2696,06;12502,41;4414,23
2022-03-31;Sul;Eduardo;Antonia;7002;Smartphone;9;2558,72;1718,1;23028,48;7565,58
2022-12-31;Nordeste;Eduardo;Manoela;5004;Monitor;1;4224,75;2530,92;4224,75;1693,83
2022-02-28;Nordeste;Fernanda;Marisa;2006;WebCam 4k;5;3023,63;1602,51;15118,15;7105,6
2025-06-30;Norte;Eduardo;Manoela;7002;Smartphone;9;2620,44;1479,88;23583,96;10265,04
2025-02-28;Nordeste;Carlos;João;5004;Monitor;3;3495,43;2596,18;10486,29;2697,75
2023-04-30;Sul;Bruno;João;7002;Smartphone;8;4579,55;2353,46;36636,4;17808,72
2025-08-31;Centro-Oeste;Ana;Antonia;5004;Monitor;8;1554,89;980,04;12439,12;4598,8
2022-04-30;Centro-Oeste;Carlos;Manoela;3003;Placa de Vídeo NVidia;7;3060,07;1590,45;21420,49;10287,34
2025-06-30;Sudeste;Ana;Manoela;2006;WebCam 4k;6;1493,36;1046,45;8960,16;2681,46
2025-09-30;Centro-Oeste;Eduardo;Ciro;3003;Placa de Vídeo NVidia;7;3449,78;1967,03;24148,46;10379,25
2023-03-31;Sul;Ana;Felipe;9001;Notebook;8;4576,39;2446,86;36611,12;17036,24
2023-02-28;Sul;Daniela;Manoela;3003;Placa de Vídeo NVidia;6;4675,7;3253,12;28054,2;8535,48
2024-11-30;Centro-Oeste;Fernanda;Antonia;3003;Placa de Vídeo NVidia;1;1624,97;895,16;1624,97;729,81
2025-04-30;Centro-Oeste;Daniela;Felipe;5004;Monitor;1;2418,21;1329,28;2418,21;1088,93
2025-03-31;Nordeste;Carlos;Marisa;5004;Monitor;3;3748,92;2053,81;11246,76;5085,33
2025-03-31;Nordeste;Fernanda;João;7002;Smartphone;2;4127,45;2918,42;8254,9;2418,06
2024-12-31;Sul;Daniela;Felipe;3003;Placa de Vídeo NVidia;5;2476,98;1529,77;12384,9;4736,05
2022-06-30;Centro-Oeste;Daniela;Ciro;7002;Smartphone;9;2565,45;1354,42;23089,05;10899,27
2022-06-30;Nordeste;Fernanda;Felipe;3003;Placa de Vídeo NVidia;9;2200,92;1533,93;19808,28;6002,91
2024-10-31;Sudeste;Ana;Ciro;5004;Monitor;6;2673,5;1857,64;16041,0;4895,16
2024-03-31;Sudeste;Ana;Felipe;1005;Headset;7;2427,81;1781,73;16994,67;4522,56
2024-04-30;Nordeste;Daniela;Manoela;3003;Placa de Vídeo NVidia;1;1125,26;829,97;1125,26;295,29
2022-12-31;Nordeste;Fernanda;Antonia;1005;Headset;4;3420,82;2214,22;13683,28;4826,4
2022-09-30;Norte;Daniela;Ciro;1005;Headset;5;915,44;649,74;4577,2;1328,5
2023-08-31;Nordeste;Daniela;Manoela;2006;WebCam 4k;1;2243,02;1442,98;2243,02;800,04
2024-05-31;Nordeste;Daniela;Felipe;5004;Monitor;9;2343,42;1745,24;21090,78;5383,62
2025-01-31;Sul;Bruno;Marisa;2006;WebCam 4k;2;829,22;460,79;1658,44;736,86
2023-07-31;Sudeste;Carlos;Felipe;9001;Notebook;4;3833,46;2106,04;15333,84;6909,68
2025-09-30;Sul;Ana;Ciro;7002;Smartphone;1;942,45;551,32;942,45;391,13
2025-07-31;Sul;Daniela;Marisa;3003;Placa de Vídeo NVidia;9;4941,05;3942,7;44469,45;8985,15
2022-02-28;Sul;Bruno;Manoela;3003;Placa de Vídeo NVidia;6;4679,97;2568,78;28079,82;12667,14
2022-02-28;Sul;Carlos;João;9001;Notebook;1;1916,99;1383,68;1916,99;533,31
2022-06-30;Centro-Oeste;Eduardo;Antonia;1005;Headset;9;887,83;453,71;7990,47;3907,08
2022-12-31;Norte;Carlos;Marisa;1005;Headset;8;4931,11;3499,62;39448,88;11451,92
2024-10-31;Sul;Ana;João;5004;Monitor;9;3286,19;1699,84;29575,71;14277,15
2022-10-31;Sul;Fernanda;Marisa;1005;Headset;7;2650,93;1374,14;18556,51;8937,53
2023-10-31;Sudeste;Fernanda;Marisa;9001;Notebook;5;2041,91;1601,79;10209,55;2200,6
2024-06-30;Sul;Fernanda;Ciro;2006;WebCam 4k;8;1914,29;1086,54;15314,32;6622,0
2024-09-30;Nordeste;Carlos;Felipe;2006;WebCam 4k;4;3623,95;2242,83;14495,8;5524,48
2025-09-30;Nordeste;Carlos;João;2006;WebCam 4k;5;1686,75;970,07;8433,75;3583,4
2023-06-30;Nordeste;Eduardo;Ciro;1005;Headset;4;4156,09;2983,14;16624,36;4691,8
2025-04-30;Norte;Eduardo;Felipe;1005;Headset;5;1996,48;1490,6;9982,4;2529,4
2024-07-31;Sudeste;Bruno;Marisa;2006;WebCam 4k;9;1882,29;1090,07;16940,61;7129,98
2024-09-30;Centro-Oeste;Carlos;Manoela;2006;WebCam 4k;3;1797,89;1018,55;5393,67;2338,02
2022-12-31;Sul;Eduardo;João;7002;Smartphone;4;4237,48;2703,55;16949,92;6135,72
2024-02-29;Sudeste;Bruno;Manoela;2006;WebCam 4k;9;3542,88;2657,52;31885,92;7968,24
2024-09-30;Sul;Carlos;Felipe;3003;Placa de Vídeo NVidia;2;2719,79;1742,13;5439,58;1955,32
2022-08-31;Centro-Oeste;Eduardo;Felipe;3003;Placa de Vídeo NVidia;1;1395,89;862,54;1395,89;533,35
2023-02-28;Sul;Fernanda;Antonia;9001;Notebook;7;4538,76;3623,69;31771,32;6405,49
2023-01-31;Sul;Daniela;Felipe;1005;Headset;7;1827,71;1062,76;12793,97;5354,65
2022-04-30;Norte;Daniela;Marisa;5004;Monitor;4;630,81;388,06;2523,24;971,0
2024-05-31;Sul;Carlos;João;2006;WebCam 4k;9;3967,96;2756,6;35711,64;10902,24
2025-06-30;Sul;Ana;João;2006;WebCam 4k;7;1620,06;926,76;11340,42;4853,1
2023-06-30;Norte;Carlos;João;7002;Smartphone;1;1996,1;1319,51;1996,1;676,59
2025-08-31;Norte;Carlos;Manoela;2006;WebCam 4k;1;3634,16;2523,36;3634,16;1110,8
2022-02-28;Norte;Carlos;João;9001;Notebook;2;3613,78;2518,93;7227,56;2189,7
2022-04-30;Norte;Daniela;Manoela;3003;Placa de Vídeo NVidia;4;3426,03;2536,61;13704,12;3557,68
2024-04-30;Norte;Fernanda;Felipe;7002;Smartphone;1;1567,86;913,3;1567,86;654,56
2022-06-30;Sudeste;Ana;Manoela;5004;Monitor;4;2087,41;1234,06;8349,64;3413,4
2024-05-31;Sul;Eduardo;Felipe;7002;Smartphone;2;3153,21;2194,95;6306,42;1916,52
2023-01-31;Sudeste;Daniela;Felipe;1005;Headset;3;2912,54;1902,49;8737,62;3030,15
2023-11-30;Centro-Oeste;Carlos;Marisa;9001;Notebook;7;4356,18;3093,59;30493,26;8838,13
2025-06-30;Nordeste;Fernanda;Manoela;7002;Smartphone;4;4103,01;2842,84;16412,04;5040,68
2023-06-30;Centro-Oeste;Eduardo;Marisa;1005;Headset;2;1607,78;949,81;3215,56;1315,94
2022-10-31;Sul;Fernanda;Antonia;1005;Headset;7;3693,82;1981,89;25856,74;11983,51
2024-04-30;Nordeste;Ana;Marisa;5004;Monitor;3;1373,45;804,61;4120,35;1706,52
2024-03-31;Sudeste;Ana;Antonia;3003;Placa de Vídeo NVidia;7;3074,58;2446,36;21522,06;4397,54
2022-06-30;Norte;Daniela;Ciro;3003;Placa de Vídeo NVidia;3;1038,46;727,1;3115,38;934,08
2024-08-31;Sudeste;Eduardo;João;3003;Placa de Vídeo NVidia;4;3693,76;2860,48;14775,04;3333,12
2024-12-31;Nordeste;Eduardo;Marisa;7002;Smartphone;3;4649,09;3233,62;13947,27;4246,41
2024-01-31;Nordeste;Bruno;Antonia;2006;WebCam 4k;6;3105,65;1720,4;18633,9;8311,5
2022-11-30;Sudeste;Carlos;Ciro;7002;Smartphone;8;2357,23;1316,88;18857,84;8322,8
2024-05-31;Sul;Bruno;Ciro;7002;Smartphone;2;1753,01;1003,1;3506,02;1499,82
2025-03-31;Sudeste;Fernanda;Ciro;9001;Notebook;6;4284,46;3172,51;25706,76;6671,7
2023-12-31;Sul;Carlos;Felipe;9001;Notebook;8;1841,81;992,75;14734,48;6792,48
2023-12-31;Nordeste;Bruno;Ciro;9001;Notebook;2;981,67;620,72;1963,34;721,9
2025-02-28;Norte;Fernanda;Antonia;9001;Notebook;4;3091,23;1556,9;12364,92;6137,32
2025-08-31;Norte;Ana;Antonia;9001;Notebook;6;4556,78;3616,38;27340,68;5642,4
2025-07-31;Nordeste;Ana;Marisa;9001;Notebook;2;947,07;658,86;1894,14;576,42
2023-07-31;Sudeste;Bruno;Manoela;9001;Notebook;8;627,65;321,78;5021,2;2446,96
2022-07-31;Sul;Ana;Antonia;1005;Headset;5;849,95;656,77;4249,75;965,9
2024-09-30;Sul;Ana;Felipe;5004;Monitor;7;1940,55;1260,35;13583,85;4761,4
2022-01-31;Nordeste;Eduardo;João;3003;Placa de Vídeo NVidia;5;4634,67;3453,65;23173,35;5905,1
2024-06-30;Centro-Oeste;Daniela;Felipe;3003;Placa de Vídeo NVidia;6;3209,53;2454,07;19257,18;4532,76
2024-10-31;Sul;Bruno;João;3003;Placa de Vídeo NVidia;7;1088,23;811,13;7617,61;1939,7
2023-07-31;Nordeste;Carlos;João;9001;Notebook;3;3019,46;2035,32;9058,38;2952,42
2023-11-30;Sudeste;Fernanda;Felipe;1005;Headset;8;1230,61;950,25;9844,88;2242,88
2023-12-31;Norte;Eduardo;Marisa;5004;Monitor;2;4346,57;3212,61;8693,14;2267,92
2024-10-31;Sul;Daniela;Antonia;3003;Placa de Vídeo NVidia;7;3662,88;2320,13;25640,16;9399,25
2025-08-31;Norte;Bruno;Felipe;7002;Smartphone;4;3891,49;2390,05;15565,96;6005,76
2024-03-31;Centro-Oeste;Daniela;Marisa;7002;Smartphone;8;4711,14;3005,22;37689,12;13647,36
2022-05-31;Nordeste;Bruno;João;1005;Headset;1;791,62;627,15;791,62;164,47
2023-11-30;Sul;Carlos;Manoela;5004;Monitor;1;1303,63;732,07;1303,63;571,56
2024-09-30;Nordeste;Fernanda;João;7002;Smartphone;3;3369,48;2363,8;10108,44;3017,04
2025-10-31;Sul;Fernanda;João;3003;Placa de Vídeo NVidia;2;4345,65;3229,17;8691,3;2232,96
2024-02-29;Norte;Carlos;Manoela;3003;Placa de Vídeo NVidia;2;2013,19;1284,94;4026,38;1456,5
2024-05-31;Sul;Eduardo;Marisa;7002;Smartphone;9;4948,78;2852,02;44539,02;18870,84
2023-10-31;Sudeste;Eduardo;Antonia;9001;Notebook;7;1244,61;678,34;8712,27;3963,89
2024-12-31;Centro-Oeste;Carlos;Ciro;9001;Notebook;3;912,98;536,66;2738,94;1128,96
2023-02-28;Nordeste;Eduardo;Ciro;3003;Placa de Vídeo NVidia;7;1229,42;851,57;8605,94;2644,95
2024-10-31;Centro-Oeste;Bruno;Antonia;3003;Placa de Vídeo NVidia;6;3430,63;1974,8;20583,78;8734,98
2022-09-30;Sul;Fernanda;Manoela;9001;Notebook;2;1652,42;874,71;3304,84;1555,42
2022-01-31;Norte;Bruno;Marisa;3003;Placa de Vídeo NVidia;3;3388,83;1770,97;10166,49;4853,58
2023-04-30;Nordeste;Eduardo;Felipe;7002;Smartphone;5;4700,86;3348,2;23504,3;6763,3
2022-07-31;Sudeste;Bruno;Ciro;9001;Notebook;5;3324,66;2151,99;16623,3;5863,35
2022-03-31;Sudeste;Carlos;Antonia;1005;Headset;6;1980,67;1100,91;11884,02;5278,56
2022-01-31;Sudeste;Carlos;João;2006;WebCam 4k;1;2448,11;1766,37;2448,11;681,74
2022-02-28;Norte;Fernanda;Ciro;3003;Placa de Vídeo NVidia;7;4565,57;2899,62;31958,99;11661,65
2022-07-31;Sul;Daniela;Antonia;7002;Smartphone;4;1538,74;1142,32;6154,96;1585,68
2022-07-31;Centro-Oeste;Carlos;Ciro;9001;Notebook;2;2169,98;1567,42;4339,96;1205,12
2022-09-30;Sudeste;Carlos;João;7002;Smartphone;6;4928,78;3870,68;29572,68;6348,6
2025-08-31;Centro-Oeste;Fernanda;Ciro;2006;WebCam 4k;2;1997,87;1020,75;3995,74;1954,24
2025-10-31;Nordeste;Daniela;Felipe;3003;Placa de Vídeo NVidia;4;4163,28;2206,4;16653,12;7827,52
2023-01-31;Nordeste;Bruno;Felipe;7002;Smartphone;5;2137,61;1696,68;10688,05;2204,65
2024-03-31;Sudeste;Fernanda;João;7002;Smartphone;7;872,26;603,96;6105,82;1878,1
2022-12-31;Nordeste;Daniela;João;5004;Monitor;5;4116,72;2696,98;20583,6;7098,7
2025-03-31;Sul;Eduardo;João;3003;Placa de Vídeo NVidia;9;3394,45;2398,4;30550,05;8964,45
2022-09-30;Norte;Ana;Marisa;3003;Placa de Vídeo NVidia;6;2508,5;1421,84;15051,0;6519,96
2024-02-29;Sul;Eduardo;Antonia;7002;Smartphone;5;2936,92;1718,49;14684,6;6092,15
2025-03-31;Norte;Daniela;João;2006;WebCam 4k;3;4396,3;2280,48;13188,9;6347,46
2022-11-30;Centro-Oeste;Carlos;Felipe;1005;Headset;7;2198,19;1556,68;15387,33;4490,57
2023-11-30;Sul;Carlos;João;9001;Notebook;6;1193,22;722,36;7159,32;2825,16
2023-05-31;Sul;Eduardo;João;5004;Monitor;6;4026,12;2966,58;24156,72;6357,24
2025-02-28;Nordeste;Fernanda;Marisa;7002;Smartphone;9;1335,72;679,85;12021,48;5902,83
2024-10-31;Nordeste;Ana;Ciro;5004;Monitor;9;1485,23;1171,72;13367,07;2821,59
2023-09-30;Nordeste;Fernanda;Felipe;9001;Notebook;9;1984,47;1297,1;17860,23;6186,33
2024-12-31;Sudeste;Ana;Ciro;1005;Headset;5;2966,62;1678,83;14833,1;6438,95
2025-10-31;Nordeste;Eduardo;Antonia;2006;WebCam 4k;2;2273,39;1647,14;4546,78;1252,5
2022-02-28;Norte;Bruno;Antonia;3003;Placa de Vídeo NVidia;8;4011,39;2629,21;32091,12;11057,44
2024-01-31;Sudeste;Daniela;Antonia;9001;Notebook;6;2368,06;1230,77;14208,36;6823,74
2025-07-31;Nordeste;Bruno;João;3003;Placa de Vídeo NVidia;7;1172,89;862,47;8210,23;2172,94
2024-09-30;Nordeste;Carlos;Manoela;3003;Placa de Vídeo NVidia;5;3662,22;1935,7;18311,1;8632,6
2023-09-30;Centro-Oeste;Fernanda;Felipe;7002;Smartphone;7;1969,28;1096,93;13784,96;6106,45
2023-07-31;Sudeste;Bruno;Marisa;2006;WebCam 4k;8;3721,02;2548,41;29768,16;9380,88
2022-03-31;Centro-Oeste;Bruno;Antonia;9001;Notebook;3;529,61;268,36;1588,83;783,75
2025-01-31;Sul;Bruno;Ciro;1005;Headset;2;1222,75;930,99;2445,5;583,52
2022-09-30;Sudeste;Daniela;Ciro;3003;Placa de Vídeo NVidia;2;3939,37;2743,85;7878,74;2391,04
2022-10-31;Nordeste;Fernanda;Ciro;7002;Smartphone;9;1186,0;646,45;10674,0;4855,95
2022-01-31;Sul;Daniela;Marisa;1005;Headset;9;2125,79;1366,75;19132,11;6831,36
2025-02-28;Sudeste;Fernanda;Manoela;7002;Smartphone;9;1684,48;1283,05;15160,32;3612,87
2024-12-31;Centro-Oeste;Ana;Ciro;9001;Notebook;1;1959,44;1048,42;1959,44;911,02
2023-10-31;Nordeste;Eduardo;Manoela;3003;Placa de Vídeo NVidia;7;1998,41;1522,33;13988,87;3332,56
2022-11-30;Nordeste;Eduardo;Manoela;2006;WebCam 4k;9;2439,65;1788,13;21956,85;5863,68
2024-04-30;Sul;Fernanda;João;3003;Placa de Vídeo NVidia;5;3002,7;1761,01;15013,5;6208,45
2024-11-30;Norte;Carlos;Marisa;7002;Smartphone;2;1275,99;723,18;2551,98;1105,62
2024-08-31;Centro-Oeste;Fernanda;Felipe;7002;Smartphone;8;1026,9;775,16;8215,2;2013,92
2023-12-31;Sudeste;Bruno;Antonia;2006;WebCam 4k;8;1866,87;1056,66;14934,96;6481,68
2022-07-31;Sul;Daniela;Marisa;7002;Smartphone;8;3123,69;2429,44;24989,52;5554,0
2023-08-31;Sudeste;Fernanda;Marisa;7002;Smartphone;9;2695,49;1485,05;24259,41;10893,96
2025-10-31;Sul;Ana;Marisa;5004;Monitor;9;1531,13;1130,09;13780,17;3609,36
2023-01-31;Norte;Eduardo;Marisa;5004;Monitor;3;2596,26;1523,98;7788,78;3216,84
2024-11-30;Sul;Eduardo;Manoela;3003;Placa de Vídeo NVidia;8;674,05;355,6;5392,4;2547,6
2022-01-31;Nordeste;Carlos;Ciro;9001;Notebook;2;610,13;349,87;1220,26;520,52
2023-01-31;Norte;Daniela;Antonia;2006;WebCam 4k;3;519,62;395,04;1558,86;373,74
2023-09-30;Nordeste;Carlos;Felipe;3003;Placa de Vídeo NVidia;4;3237,2;2559,48;12948,8;2710,88
2022-09-30;Sul;Daniela;Felipe;9001;Notebook;8;2932,42;2065,51;23459,36;6935,28
2023-10-31;Centro-Oeste;Daniela;Felipe;3003;Placa de Vídeo NVidia;3;3942,76;2936,05;11828,28;3020,13
2024-11-30;Sudeste;Fernanda;Felipe;7002;Smartphone;4;4703,72;3708,87;18814,88;3979,4
2025-03-31;Sul;Daniela;Felipe;5004;Monitor;1;2907,65;2139,42;2907,65;768,23
2025-09-30;Sul;Fernanda;João;7002;Smartphone;9;3997,39;2844,16;35976,51;10379,07
2023-05-31;Sudeste;Fernanda;Manoela;1005;Headset;3;4900,89;3479,82;14702,67;4263,21
2022-12-31;Nordeste;Ana;Marisa;5004;Monitor;5;2100,58;1377,73;10502,9;3614,25
2023-12-31;Centro-Oeste;Daniela;Antonia;2006;WebCam 4k;9;4362,1;3369,25;39258,9;8935,65
2024-02-29;Sul;Bruno;João;9001;Notebook;7;4964,97;3264,09;34754,79;11906,16
2022-11-30;Centro-Oeste;Daniela;João;1005;Headset;5;3956,31;2220,27;19781,55;8680,2
2025-07-31;Nordeste;Carlos;Marisa;7002;Smartphone;7;1053,2;775,46;7372,4;1944,18
2025-08-31;Centro-Oeste;Fernanda;Felipe;3003;Placa de Vídeo NVidia;8;1827,45;1139,02;14619,6;5507,44
2025-06-30;Sudeste;Bruno;Manoela;1005;Headset;7;1675,77;1179,9;11730,39;3471,09
2025-05-31;Nordeste;Bruno;Felipe;5004;Monitor;2;1878,98;1222,44;3757,96;1313,08
2024-03-31;Nordeste;Carlos;João;7002;Smartphone;1;786,67;417,16;786,67;369,51
2023-09-30;Nordeste;Daniela;Felipe;9001;Notebook;7;2130,41;1254,87;14912,87;6128,78
2023-07-31;Sudeste;Eduardo;Marisa;2006;WebCam 4k;8;2265,73;1340,9;18125,84;7398,64
2024-09-30;Centro-Oeste;Eduardo;Manoela;7002;Smartphone;3;4847,74;3797,39;14543,22;3151,05
2023-11-30;Norte;Eduardo;Antonia;3003;Placa de Vídeo NVidia;8;575,21;406,65;4601,68;1348,48
2022-05-31;Norte;Daniela;João;2006;WebCam 4k;1;1342,93;1060,73;1342,93;282,2
2024-12-31;Nordeste;Carlos;Felipe;1005;Headset;9;737,92;487,56;6641,28;2253,24
2023-01-31;Centro-Oeste;Eduardo;Marisa;2006;WebCam 4k;8;3025,06;1551,09;24200,48;11791,76
2024-06-30;Centro-Oeste;Carlos;Felipe;1005;Headset;9;2284,84;1376,57;20563,56;8174,43
2023-04-30;Sudeste;Fernanda;Antonia;7002;Smartphone;9;3502,6;2045,24;31523,4;13116,24
2023-07-31;Sul;Daniela;Felipe;3003;Placa de Vídeo NVidia;1;4218,91;2384,55;4218,91;1834,36
2022-06-30;Centro-Oeste;Carlos;Felipe;9001;Notebook;9;4081,75;2044,48;36735,75;18335,43
2023-09-30;Centro-Oeste;Ana;Manoela;3003;Placa de Vídeo NVidia;4;4604,84;3311,62;18419,36;5172,88
2023-09-30;Norte;Fernanda;Manoela;9001;Notebook;3;4039,08;2123,2;12117,24;5747,64
2024-12-31;Sudeste;Carlos;Ciro;2006;WebCam 4k;4;578,78;452,06;2315,12;506,88
2024-12-31;Centro-Oeste;Carlos;Antonia;1005;Headset;9;1723,26;1069,0;15509,34;5888,34
2025-09-30;Sudeste;Ana;João;5004;Monitor;7;2212,94;1748,84;15490,58;3248,7
2023-02-28;Nordeste;Eduardo;João;3003;Placa de Vídeo NVidia;6;3518,15;2799,8;21108,9;4310,1
2025-01-31;Sul;Daniela;João;3003;Placa de Vídeo NVidia;5;1509,72;1174,31;7548,6;1677,05
2024-08-31;Centro-Oeste;Daniela;Felipe;1005;Headset;3;1931,92;1497,48;5795,76;1303,32
2023-04-30;Sudeste;Carlos;João;1005;Headset;9;3621,0;2713,47;32589,0;8167,77
2024-06-30;Sul;Ana;João;2006;WebCam 4k;7;735,13;489,01;5145,91;1722,84
2023-06-30;Norte;Carlos;Felipe;3003;Placa de Vídeo NVidia;9;2970,51;2076,34;26734,59;8047,53
2025-04-30;Centro-Oeste;Carlos;Manoela;5004;Monitor;8;1939,68;1216,29;15517,44;5787,12
2025-04-30;Centro-Oeste;Fernanda;Ciro;2006;WebCam 4k;7;1525,87;837,58;10681,09;4818,03
2024-02-29;Sudeste;Ana;Antonia;2006;WebCam 4k;2;4741,83;3562,95;9483,66;2357,76
2024-10-31;Nordeste;Eduardo;Felipe;2006;WebCam 4k;5;3455,79;2450,52;17278,95;5026,35
2025-06-30;Nordeste;Bruno;Manoela;9001;Notebook;5;3668,62;2447,4;18343,1;6106,1
2025-03-31;Norte;Carlos;Felipe;3003;Placa de Vídeo NVidia;9;2523,54;1837,29;22711,86;6176,25
2023-04-30;Centro-Oeste;Daniela;Marisa;2006;WebCam 4k;5;2611,68;1321,29;13058,4;6451,95
2024-11-30;Norte;Ana;Antonia;1005;Headset;8;746,42;582,16;5971,36;1314,08
2023-03-31;Nordeste;Daniela;Ciro;1005;Headset;3;3547,16;2192,01;10641,48;4065,45
2023-07-31;Sudeste;Fernanda;Manoela;3003;Placa de Vídeo NVidia;1;2982,56;1928,68;2982,56;1053,88
2022-03-31;Nordeste;Carlos;João;3003;Placa de Vídeo NVidia;3;3592,83;2356,34;10778,49;3709,47
2023-07-31;Centro-Oeste;Bruno;Antonia;5004;Monitor;4;2847,26;1524,67;11389,04;5290,36
2025-03-31;Sudeste;Daniela;Manoela;2006;WebCam 4k;5;1727,11;888,23;8635,55;4194,4
2023-07-31;Nordeste;Carlos;Manoela;9001;Notebook;9;3207,59;2038,23;28868,31;10524,24
2022-01-31;Centro-Oeste;Eduardo;Ciro;2006;WebCam 4k;2;1018,85;652,99;2037,7;731,72
2024-12-31;Sudeste;Bruno;Ciro;2006;WebCam 4k;8;4804,07;2476,72;38432,56;18618,8
2024-09-30;Sul;Bruno;Manoela;7002;Smartphone;5;1691,81;1051,69;8459,05;3200,6
2022-10-31;Sul;Bruno;Manoela;3003;Placa de Vídeo NVidia;7;4172,11;2769,07;29204,77;9821,28
2025-01-31;Nordeste;Fernanda;Antonia;5004;Monitor;5;1989,43;1556,36;9947,15;2165,35
2022-10-31;Nordeste;Fernanda;Felipe;7002;Smartphone;4;4570,49;2696,82;18281,96;7494,68
2024-09-30;Nordeste;Ana;Ciro;1005;Headset;8;1823,56;1213,0;14588,48;4884,48
2024-12-31;Sul;Carlos;Felipe;7002;Smartphone;5;823,55;606,02;4117,75;1087,65
2022-05-31;Norte;Ana;Manoela;2006;WebCam 4k;7;3340,54;2194,72;23383,78;8020,74
2022-09-30;Sul;Bruno;Antonia;7002;Smartphone;9;3838,75;2520,12;34548,75;11867,67
2024-12-31;Centro-Oeste;Ana;João;1005;Headset;3;762,87;468,78;2288,61;882,27
2024-06-30;Norte;Carlos;Marisa;1005;Headset;9;3831,93;1982,12;34487,37;16648,29
2022-10-31;Centro-Oeste;Eduardo;Antonia;9001;Notebook;2;568,52;303,85;1137,04;529,34
2025-05-31;Nordeste;Ana;Ciro;1005;Headset;2;2903,76;1787,66;5807,52;2232,2
2022-12-31;Sudeste;Ana;Antonia;7002;Smartphone;7;3889,87;2969,15;27229,09;6445,04
2023-03-31;Nordeste;Bruno;Manoela;5004;Monitor;3;1695,48;905,55;5086,44;2369,79
2023-12-31;Norte;Daniela;Felipe;9001;Notebook;5;3082,19;2068,63;15410,95;5067,8
2022-07-31;Sul;Bruno;Marisa;3003;Placa de Vídeo NVidia;7;1180,05;674,22;8260,35;3540,81
2023-07-31;Sul;Bruno;Antonia;2006;WebCam 4k;8;561,89;309,52;4495,12;2018,96
2022-02-28;Nordeste;Fernanda;Ciro;9001;Notebook;9;2067,54;1314,17;18607,86;6780,33
2022-03-31;Centro-Oeste;Eduardo;Ciro;9001;Notebook;8;2440,47;1641,53;19523,76;6391,52
2024-11-30;Sul;Ana;João;1005;Headset;4;3548,39;2577,56;14193,56;3883,32
2022-10-31;Norte;Carlos;Marisa;7002;Smartphone;2;1711,2;984,72;3422,4;1452,96
2025-06-30;Centro-Oeste;Ana;Ciro;1005;Headset;7;4917,52;2956,82;34422,64;13724,9
2024-02-29;Sudeste;Fernanda;Felipe;1005;Headset;3;1248,23;953,1;3744,69;885,39
2022-09-30;Sudeste;Eduardo;Felipe;3003;Placa de Vídeo NVidia;4;798,49;599,09;3193,96;797,6
2023-02-28;Centro-Oeste;Bruno;Felipe;2006;WebCam 4k;7;3888,93;2899,8;27222,51;6923,91
2022-08-31;Norte;Carlos;Antonia;2006;WebCam 4k;9;890,8;504,24;8017,2;3479,04
2024-07-31;Norte;Daniela;Manoela;3003;Placa de Vídeo NVidia;6;4833,23;3812,27;28999,38;6125,76
2025-02-28;Nordeste;Daniela;Ciro;9001;Notebook;9;1216,52;823,6;10948,68;3536,28
2023-02-28;Sul;Fernanda;Ciro;2006;WebCam 4k;6;4464,0;3178,65;26784,0;7712,1
2024-08-31;Nordeste;Ana;Ciro;9001;Notebook;7;2675,41;1820,09;18727,87;5987,24
2024-07-31;Nordeste;Daniela;Marisa;1005;Headset;6;1741,93;956,76;10451,58;4711,02
2023-08-31;Centro-Oeste;Eduardo;Antonia;3003;Placa de Vídeo NVidia;5;2720,5;1406,14;13602,5;6571,8
2024-06-30;Sudeste;Fernanda;Ciro;7002;Smartphone;1;2956,29;2253,62;2956,29;702,67
2025-03-31;Nordeste;Daniela;Manoela;9001;Notebook;4;1049,76;560,78;4199,04;1955,92
2025-03-31;Nordeste;Daniela;Ciro;5004;Monitor;3;4295,2;2750,34;12885,6;4634,58
2025-10-31;Norte;Carlos;João;3003;Placa de Vídeo NVidia;4;3257,16;1900,32;13028,64;5427,36
2025-08-31;Norte;Bruno;Manoela;2006;WebCam 4k;9;4708,21;3685,31;42373,89;9206,1
2023-10-31;Norte;Daniela;Manoela;5004;Monitor;2;1423,52;732,1;2847,04;1382,84
2023-09-30;Sudeste;Fernanda;Felipe;5004;Monitor;8;1490,03;1062,52;11920,24;3420,08
2025-01-31;Nordeste;Eduardo;Ciro;5004;Monitor;3;2642,13;1854,9;7926,39;2361,69
2022-03-31;Sudeste;Fernanda;Manoela;1005;Headset;3;1529,42;1135,69;4588,26;1181,19
2023-03-31;Norte;Ana;Marisa;9001;Notebook;3;576,5;407,42;1729,5;507,24
2024-05-31;Sudeste;Eduardo;João;5004;Monitor;4;4077,2;2662,2;16308,8;5660,0
2023-04-30;Sudeste;Ana;Manoela;1005;Headset;5;4894,86;3418,37;24474,3;7382,45
2023-01-31;Norte;Eduardo;João;1005;Headset;2;4073,78;2280,51;8147,56;3586,54
2023-09-30;Centro-Oeste;Eduardo;Ciro;2006;WebCam 4k;4;1097,95;717,58;4391,8;1521,48
2025-04-30;Sudeste;Eduardo;Manoela;9001;Notebook;8;3635,44;2330,85;29083,52;10436,72
2025-05-31;Sul;Eduardo;Marisa;9001;Notebook;6;833,31;487,92;4999,86;2072,34
2024-05-31;Sul;Fernanda;Marisa;1005;Headset;3;3827,25;2904,63;11481,75;2767,86
2022-08-31;Sudeste;Carlos;Felipe;9001;Notebook;6;873,3;532,21;5239,8;2046,54
2025-07-31;Norte;Eduardo;Marisa;2006;WebCam 4k;5;688,06;445,69;3440,3;1211,85
2025-02-28;Centro-Oeste;Bruno;Manoela;7002;Smartphone;8;1563,33;1118,26;12506,64;3560,56
2023-12-31;Sul;Eduardo;Felipe;5004;Monitor;9;1778,77;1039,76;16008,93;6651,09
2022-08-31;Sudeste;Ana;Ciro;9001;Notebook;1;4844,51;2753,91;4844,51;2090,6
2023-06-30;Centro-Oeste;Ana;Ciro;9001;Notebook;6;3009,25;2400,21;18055,5;3654,24
2022-11-30;Norte;Fernanda;Manoela;1005;Headset;3;3191,89;1895,28;9575,67;3889,83
2025-09-30;Nordeste;Bruno;Ciro;7002;Smartphone;2;3998,89;2920,11;7997,78;2157,56
2025-07-31;Centro-Oeste;Daniela;João;2006;WebCam 4k;4;4961,85;3216,31;19847,4;6982,16
2025-05-31;Norte;Daniela;João;2006;WebCam 4k;5;2151,38;1464,8;10756,9;3432,9
2023-11-30;Sudeste;Bruno;Marisa;1005;Headset;6;642,57;461,56;3855,42;1086,06
2025-02-28;Centro-Oeste;Fernanda;Ciro;9001;Notebook;8;3774,19;2192,77;30193,52;12651,36
2022-04-30;Nordeste;Carlos;João;5004;Monitor;6;2440,43;1364,56;14642,58;6455,22
2022-08-31;Norte;Eduardo;Ciro;7002;Smartphone;6;1918,15;975,14;11508,9;5658,06
2025-10-31;Norte;Carlos;João;2006;WebCam 4k;7;3969,8;2412,91;27788,6;10898,23
2024-08-31;Sul;Fernanda;Manoela;9001;Notebook;3;2266,73;1785,38;6800,19;1444,05
2024-03-31;Sul;Eduardo;Manoela;5004;Monitor;8;4490,24;2371,44;35921,92;16950,4
2023-11-30;Sudeste;Fernanda;Ciro;3003;Placa de Vídeo NVidia;7;2662,34;2119,38;18636,38;3800,72
2022-11-30;Centro-Oeste;Ana;Manoela;3003;Placa de Vídeo NVidia;7;3870,09;3069,88;27090,63;5601,47
2022-02-28;Norte;Bruno;João;2006;WebCam 4k;8;3372,28;2102,52;26978,24;10158,08
2025-04-30;Nordeste;Fernanda;Felipe;7002;Smartphone;2;3184,42;2114,05;6368,84;2140,74
2025-01-31;Sul;Daniela;Manoela;2006;WebCam 4k;5;2450,46;1610,04;12252,3;4202,1
2022-01-31;Sudeste;Carlos;Ciro;7002;Smartphone;2;3864,75;2507,42;7729,5;2714,66
2024-01-31;Sul;Daniela;Ciro;1005;Headset;6;2156,99;1412,07;12941,94;4469,52
2024-12-31;Sudeste;Daniela;Antonia;1005;Headset;1;3240,95;2205,93;3240,95;1035,02
2022-08-31;Nordeste;Daniela;Manoela;5004;Monitor;4;1654,54;1004,12;6618,16;2601,68
2024-08-31;Norte;Ana;Manoela;7002;Smartphone;6;1810,98;1254,57;10865,88;3338,46
2023-05-31;Nordeste;Eduardo;Marisa;9001;Notebook;2;2185,98;1142,6;4371,96;2086,76
2024-10-31;Nordeste;Bruno;Manoela;3003;Placa de Vídeo NVidia;2;3411,29;2515,56;6822,58;1791,46
2024-08-31;Norte;Daniela;Felipe;9001;Notebook;8;3723,36;2682,26;29786,88;8328,8
2023-01-31;Nordeste;Fernanda;Manoela;1005;Headset;2;2449,1;1587,3;4898,2;1723,6
2025-04-30;Centro-Oeste;Ana;Antonia;7002;Smartphone;4;551,12;425,35;2204,48;503,08
2023-08-31;Sudeste;Daniela;Felipe;5004;Monitor;9;2678,06;1513,76;24102,54;10478,7
2023-12-31;Sul;Fernanda;Felipe;1005;Headset;8;2863,75;1605,5;22910,0;10066,0
2022-10-31;Sul;Ana;Marisa;2006;WebCam 4k;1;2131,75;1579,05;2131,75;552,7
2024-08-31;Centro-Oeste;Bruno;Manoela;5004;Monitor;2;3777,5;2212,46;7555,0;3130,08
2022-09-30;Sul;Eduardo;João;3003;Placa de Vídeo NVidia;6;2433,73;1476,55;14602,38;5743,08
2024-01-31;Sul;Fernanda;Antonia;1005;Headset;2;3789,48;2486,71;7578,96;2605,54
2024-08-31;Sudeste;Ana;Ciro;7002;Smartphone;1;4922,37;3041,52;4922,37;1880,85
2022-09-30;Sul;Ana;Marisa;2006;WebCam 4k;4;4139,46;2118,12;16557,84;8085,36
2023-08-31;Sudeste;Bruno;Marisa;1005;Headset;8;1830,74;1018,45;14645,92;6498,32
2023-04-30;Norte;Bruno;Manoela;1005;Headset;5;1867,1;950,1;9335,5;4585,0
2022-03-31;Sudeste;Ana;Manoela;3003;Placa de Vídeo NVidia;7;2499,0;1751,37;17493,0;5233,41
2023-04-30;Centro-Oeste;Fernanda;Manoela;5004;Monitor;7;4764,03;2462,19;33348,21;16112,88
2023-06-30;Norte;Carlos;Marisa;2006;WebCam 4k;2;776,84;437,1;1553,68;679,48
2022-10-31;Sudeste;Fernanda;Antonia;2006;WebCam 4k;9;3780,16;2413,43;34021,44;12300,57
2022-06-30;Norte;Carlos;João;3003;Placa de Vídeo NVidia;6;4094,93;3176,81;24569,58;5508,72
2024-07-31;Nordeste;Fernanda;Ciro;5004;Monitor;4;1622,13;896,78;6488,52;2901,4
2024-10-31;Norte;Ana;Manoela;9001;Notebook;4;3362,0;2090,29;13448,0;5086,84
2024-04-30;Norte;Daniela;Manoela;5004;Monitor;3;2401,71;1368,37;7205,13;3100,02
2025-03-31;Nordeste;Daniela;Antonia;1005;Headset;1;2173,97;1709,47;2173,97;464,5
2024-05-31;Centro-Oeste;Eduardo;Felipe;7002;Smartphone;7;2452,94;1706,65;17170,58;5224,03
2022-09-30;Sudeste;Carlos;Ciro;7002;Smartphone;3;2794,41;1576,13;8383,23;3654,84
2022-07-31;Norte;Ana;Antonia;5004;Monitor;1;2135,11;1099,03;2135,11;1036,08
2022-06-30;Norte;Daniela;Manoela;7002;Smartphone;8;4442,34;2351,14;35538,72;16729,6
2022-04-30;Nordeste;Bruno;Ciro;1005;Headset;3;1967,44;1058,48;5902,32;2726,88
2022-09-30;Nordeste;Daniela;Manoela;5004;Monitor;5;3829,56;2437,6;19147,8;6959,8
2023-09-30;Centro-Oeste;Bruno;Marisa;9001;Notebook;8;2688,84;1781,32;21510,72;7260,16
2023-10-31;Centro-Oeste;Fernanda;Ciro;2006;WebCam 4k;9;1910,77;1179,23;17196,93;6583,86
2025-01-31;Nordeste;Bruno;João;3003;Placa de Vídeo NVidia;3;3035,67;1995,65;9107,01;3120,06
2023-10-31;Sul;Bruno;Felipe;9001;Notebook;2;3633,58;2688,7;7267,16;1889,76
2023-11-30;Nordeste;Eduardo;Marisa;2006;WebCam 4k;6;4025,32;2817,99;24151,92;7243,98
2024-07-31;Centro-Oeste;Bruno;João;2006;WebCam 4k;1;1791,09;1151,94;1791,09;639,15
2024-10-31;Sul;Ana;João;1005;Headset;7;2791,01;2118,15;19537,07;4710,02
2023-09-30;Sul;Bruno;Manoela;5004;Monitor;7;3406,18;2136,74;23843,26;8886,08
2024-01-31;Norte;Bruno;Ciro;9001;Notebook;4;4702,56;3621,74;18810,24;4323,28
2025-08-31;Norte;Fernanda;Marisa;1005;Headset;3;747,99;447,11;2243,97;902,64
2022-07-31;Norte;Ana;Manoela;5004;Monitor;3;2535,26;1803,86;7605,78;2194,2
2024-11-30;Sul;Fernanda;Antonia;2006;WebCam 4k;7;1138,05;691,45;7966,35;3126,2
2024-11-30;Sul;Carlos;Marisa;7002;Smartphone;4;4244,19;2676,76;16976,76;6269,72
2024-01-31;Sul;Ana;João;7002;Smartphone;1;4459,52;3469,77;4459,52;989,75
2025-07-31;Sul;Daniela;Manoela;5004;Monitor;2;4382,75;3344,83;8765,5;2075,84
2023-12-31;Sudeste;Eduardo;Manoela;5004;Monitor;3;3612,26;2367,63;10836,78;3733,89
2024-09-30;Nordeste;Carlos;Ciro;5004;Monitor;3;4928,37;3138,27;14785,11;5370,3
2023-03-31;Sul;Eduardo;Manoela;7002;Smartphone;7;1924,32;1414,05;13470,24;3571,89
2023-04-30;Norte;Carlos;Ciro;5004;Monitor;5;2539,64;1284,66;12698,2;6274,9
2023-09-30;Nordeste;Carlos;Marisa;9001;Notebook;9;1910,39;1449,23;17193,51;4150,44
2023-11-30;Nordeste;Carlos;João;2006;WebCam 4k;8;3059,68;1809,61;24477,44;10000,56
2023-09-30;Centro-Oeste;Fernanda;Manoela;7002;Smartphone;1;2732,46;2051,85;2732,46;680,61
2022-04-30;Sudeste;Bruno;Manoela;7002;Smartphone;1;3787,4;2522,22;3787,4;1265,18
2024-06-30;Sudeste;Carlos;João;2006;WebCam 4k;5;505,46;285,03;2527,3;1102,15
2024-10-31;Nordeste;Fernanda;Antonia;7002;Smartphone;6;2443,61;1683,84;14661,66;4558,62
2024-03-31;Sul;Ana;Antonia;3003;Placa de Vídeo NVidia;3;1215,75;667,21;3647,25;1645,62
2024-01-31;Sul;Ana;Antonia;1005;Headset;1;927,95;502,9;927,95;425,05
2023-11-30;Norte;Ana;Marisa;3003;Placa de Vídeo NVidia;4;647,01;428,65;2588,04;873,44
2024-10-31;Nordeste;Bruno;Antonia;9001;Notebook;3;1550,42;958,34;4651,26;1776,24
2024-02-29;Sudeste;Carlos;Ciro;1005;Headset;9;791,11;516,84;7119,99;2468,43
2024-01-31;Sudeste;Daniela;Antonia;3003;Placa de Vídeo NVidia;7;1128,92;735,35;7902,44;2754,99
2025-06-30;Centro-Oeste;Carlos;Manoela;3003;Placa de Vídeo NVidia;3;4794,31;3486,02;14382,93;3924,87
2024-09-30;Sudeste;Eduardo;Ciro;7002;Smartphone;6;1064,91;717,97;6389,46;2081,64
2022-06-30;Centro-Oeste;Ana;Felipe;9001;Notebook;6;1207,08;915,84;7242,48;1747,44
2025-08-31;Sul;Bruno;Antonia;2006;WebCam 4k;7;3057,24;2249,6;21400,68;5653,48
2024-07-31;Centro-Oeste;Fernanda;Antonia;5004;Monitor;3;3874,32;2944,11;11622,96;2790,63
2024-10-31;Centro-Oeste;Ana;Felipe;9001;Notebook;6;4022,2;3101,57;24133,2;5523,78
2022-01-31;Nordeste;Fernanda;Ciro;5004;Monitor;8;1156,13;621,69;9249,04;4275,52
2022-08-31;Norte;Daniela;Felipe;1005;Headset;6;4420,84;2568,26;26525,04;11115,48
2023-05-31;Nordeste;Eduardo;Manoela;1005;Headset;4;2040,55;1436,46;8162,2;2416,36
2022-04-30;Centro-Oeste;Bruno;Felipe;2006;WebCam 4k;6;2950,84;2248,08;17705,04;4216,56
2022-09-30;Sul;Ana;Antonia;3003;Placa de Vídeo NVidia;8;4108,16;3261,28;32865,28;6775,04
2022-03-31;Nordeste;Carlos;Marisa;1005;Headset;7;1687,0;1192,6;11809,0;3460,8
2022-06-30;Sudeste;Ana;Ciro;5004;Monitor;4;2308,26;1318,76;9233,04;3958,0
2023-04-30;Centro-Oeste;Ana;Ciro;3003;Placa de Vídeo NVidia;4;1548,55;863,0;6194,2;2742,2
2023-03-31;Sudeste;Fernanda;Antonia;3003;Placa de Vídeo NVidia;4;1537,77;957,58;6151,08;2320,76
2022-02-28;Norte;Carlos;Felipe;5004;Monitor;1;3159,97;2118,76;3159,97;1041,21
2023-11-30;Centro-Oeste;Bruno;Antonia;3003;Placa de Vídeo NVidia;3;4197,8;3293,8;12593,4;2712,0
2025-10-31;Norte;Bruno;Antonia;7002;Smartphone;6;1721,36;939,27;10328,16;4692,54
2023-12-31;Centro-Oeste;Bruno;Manoela;5004;Monitor;7;3613,55;1908,88;25294,85;11932,69
2024-03-31;Norte;Daniela;Felipe;5004;Monitor;5;4724,25;3164,78;23621,25;7797,35
2024-05-31;Norte;Fernanda;Antonia;5004;Monitor;6;4965,6;3704,44;29793,6;7566,96
2023-04-30;Sudeste;Bruno;João;5004;Monitor;1;2961,36;1973,01;2961,36;988,35
2023-05-31;Nordeste;Ana;João;1005;Headset;9;882,2;591,96;7939,8;2612,16
2024-04-30;Sul;Carlos;Ciro;2006;WebCam 4k;5;3594,58;2496,78;17972,9;5489,0
2024-05-31;Norte;Fernanda;Marisa;3003;Placa de Vídeo NVidia;9;3854,06;2963,51;34686,54;8014,95
2024-11-30;Sudeste;Fernanda;João;1005;Headset;2;1916,26;972,93;3832,52;1886,66
2022-07-31;Sul;Daniela;Manoela;9001;Notebook;4;1394,88;927,6;5579,52;1869,12
2024-04-30;Nordeste;Daniela;Marisa;7002;Smartphone;6;1301,36;696,1;7808,16;3631,56
2024-02-29;Nordeste;Eduardo;Manoela;1005;Headset;6;2366,8;1486,06;14200,8;5284,44
2022-11-30;Sul;Ana;Manoela;7002;Smartphone;3;2102,93;1588,98;6308,79;1541,85
2022-04-30;Centro-Oeste;Fernanda;Felipe;2006;WebCam 4k;7;3751,47;2403,58;26260,29;9435,23
2025-07-31;Centro-Oeste;Eduardo;João;2006;WebCam 4k;9;2527,69;1868,7;22749,21;5930,91
2023-12-31;Nordeste;Fernanda;Ciro;1005;Headset;7;4924,39;2682,83;34470,73;15690,92
2022-05-31;Sul;Ana;Marisa;9001;Notebook;1;1263,35;899,83;1263,35;363,52
2022-11-30;Norte;Eduardo;Marisa;3003;Placa de Vídeo NVidia;2;4728,85;2373,7;9457,7;4710,3
2023-06-30;Sudeste;Bruno;Felipe;2006;WebCam 4k;3;1562,85;1102,58;4688,55;1380,81
2023-05-31;Sudeste;Carlos;João;3003;Placa de Vídeo NVidia;1;1646,37;863,38;1646,37;782,99
2025-05-31;Sudeste;Carlos;Manoela;3003;Placa de Vídeo NVidia;1;4800,97;3695,61;4800,97;1105,36
2022-01-31;Centro-Oeste;Daniela;João;1005;Headset;9;4445,96;2575,54;40013,64;16833,78
2024-04-30;Norte;Bruno;Manoela;9001;Notebook;9;2552,99;1867,5;22976,91;6169,41
2022-07-31;Sul;Carlos;Ciro;7002;Smartphone;6;3664,24;2883,12;21985,44;4686,72
2024-11-30;Nordeste;Carlos;Ciro;7002;Smartphone;3;1157,84;647,77;3473,52;1530,21
2023-05-31;Centro-Oeste;Eduardo;João;5004;Monitor;4;2998,36;1540,33;11993,44;5832,12
2024-02-29;Sul;Eduardo;Felipe;9001;Notebook;7;4121,16;3115,77;28848,12;7037,73
2022-04-30;Norte;Fernanda;Ciro;3003;Placa de Vídeo NVidia;4;3832,77;2203,09;15331,08;6518,72
2023-11-30;Norte;Carlos;Marisa;7002;Smartphone;9;4752,71;2614,31;42774,39;19245,6
2024-02-29;Sudeste;Fernanda;Marisa;7002;Smartphone;5;3793,21;2672,72;18966,05;5602,45
2024-01-31;Centro-Oeste;Daniela;Antonia;1005;Headset;3;2525,02;1441,23;7575,06;3251,37
2022-07-31;Sudeste;Ana;Marisa;1005;Headset;3;4943,89;3220,37;14831,67;5170,56
2022-02-28;Centro-Oeste;Fernanda;Ciro;1005;Headset;3;4606,42;3422,62;13819,26;3551,4
2022-08-31;Sul;Bruno;Ciro;3003;Placa de Vídeo NVidia;4;2039,64;1191,29;8158,56;3393,4
2023-03-31;Centro-Oeste;Eduardo;Marisa;9001;Notebook;6;4959,0;3481,28;29754,0;8866,32
2023-04-30;Nordeste;Fernanda;Ciro;1005;Headset;6;1026,18;723,65;6157,08;1815,18
2023-12-31;Sudeste;Fernanda;Manoela;2006;WebCam 4k;8;3389,11;1807,42;27112,88;12653,52
2025-02-28;Sudeste;Eduardo;Manoela;3003;Placa de Vídeo NVidia;4;2197,92;1147,33;8791,68;4202,36
2024-01-31;Norte;Eduardo;Manoela;2006;WebCam 4k;8;4960,45;3425,77;39683,6;12277,44
2022-11-30;Sul;Bruno;Ciro;5004;Monitor;6;1295,42;665,74;7772,52;3778,08
2022-02-28;Sul;Carlos;Marisa;1005;Headset;4;3005,52;1630,85;12022,08;5498,68
2025-03-31;Sudeste;Bruno;Manoela;7002;Smartphone;7;1773,2;1209,8;12412,4;3943,8
2023-04-30;Norte;Bruno;Ciro;1005;Headset;3;3759,53;2422,74;11278,59;4010,37
2022-06-30;Norte;Eduardo;Marisa;2006;WebCam 4k;1;2677,19;1383,4;2677,19;1293,79
2024-02-29;Sudeste;Carlos;João;5004;Monitor;4;4990,67;3919,21;19962,68;4285,84
2023-11-30;Sudeste;Eduardo;Felipe;9001;Notebook;6;4654,6;3120,73;27927,6;9203,22
2025-04-30;Sul;Fernanda;João;9001;Notebook;6;582,57;454,87;3495,42;766,2
2025-09-30;Sul;Fernanda;João;9001;Notebook;8;3213,52;2269,79;25708,16;7549,84
2024-04-30;Centro-Oeste;Fernanda;Felipe;7002;Smartphone;9;4443,35;2330,14;39990,15;19018,89
2022-08-31;Centro-Oeste;Fernanda;Antonia;2006;WebCam 4k;1;1193,11;801,89;1193,11;391,22
2023-06-30;Centro-Oeste;Daniela;Marisa;7002;Smartphone;9;2596,66;1925,71;23369,94;6038,55
2022-12-31;Nordeste;Ana;Felipe;3003;Placa de Vídeo NVidia;6;2074,35;1258,56;12446,1;4894,74
2022-12-31;Centro-Oeste;Ana;Ciro;2006;WebCam 4k;4;2966,74;1617,41;11866,96;5397,32
2023-03-31;Sul;Ana;Ciro;3003;Placa de Vídeo NVidia;5;2082,35;1515,1;10411,75;2836,25
2023-11-30;Norte;Daniela;Marisa;9001;Notebook;8;3866,31;2981,44;30930,48;7078,96
2025-06-30;Nordeste;Bruno;Felipe;5004;Monitor;4;541,16;420,23;2164,64;483,72
2022-07-31;Sul;Bruno;Antonia;9001;Notebook;8;3094,61;2389,19;24756,88;5643,36
2024-04-30;Centro-Oeste;Fernanda;Ciro;5004;Monitor;9;1725,3;1154,65;15527,7;5135,85
2022-08-31;Centro-Oeste;Fernanda;Manoela;9001;Notebook;9;4829,13;3839,55;43462,17;8906,22
2022-10-31;Sul;Ana;Manoela;7002;Smartphone;4;1733,03;923,73;6932,12;3237,2
2023-01-31;Sul;Fernanda;Marisa;7002;Smartphone;1;3883,94;2666,99;3883,94;1216,95
2024-11-30;Sudeste;Carlos;Antonia;5004;Monitor;3;4897,37;3045,79;14692,11;5554,74
2024-02-29;Centro-Oeste;Daniela;Manoela;2006;WebCam 4k;4;4728,99;2645,85;18915,96;8332,56
2024-12-31;Norte;Ana;Ciro;5004;Monitor;2;3660,46;2849,44;7320,92;1622,04
2023-12-31;Nordeste;Bruno;Antonia;3003;Placa de Vídeo NVidia;4;3357,04;2504,2;13428,16;3411,36
2025-07-31;Norte;Carlos;Marisa;3003;Placa de Vídeo NVidia;9;4141,06;3057,66;37269,54;9750,6
2023-07-31;Nordeste;Bruno;Felipe;7002;Smartphone;9;4420,12;2952,59;39781,08;13207,77
2023-12-31;Centro-Oeste;Carlos;Marisa;1005;Headset;1;4963,01;2671,3;4963,01;2291,71
2024-06-30;Sul;Ana;Antonia;7002;Smartphone;7;750,76;487,6;5255,32;1842,12
2024-05-31;Norte;Carlos;Antonia;3003;Placa de Vídeo NVidia;4;4296,15;2805,23;17184,6;5963,68
2024-10-31;Sudeste;Bruno;Marisa;3003;Placa de Vídeo NVidia;4;2650,63;2107,09;10602,52;2174,16
2024-06-30;Nordeste;Fernanda;Marisa;5004;Monitor;9;1713,21;973,36;15418,89;6658,65
2024-04-30;Nordeste;Daniela;Antonia;2006;WebCam 4k;2;1518,83;1099,54;3037,66;838,58
2022-10-31;Sul;Bruno;Marisa;7002;Smartphone;5;2413,02;1385,73;12065,1;5136,45
2022-09-30;Sul;Eduardo;Manoela;7002;Smartphone;6;4417,32;2857,48;26503,92;9359,04
2022-09-30;Nordeste;Eduardo;Felipe;1005;Headset;5;3482,65;2285,01;17413,25;5988,2
2023-08-31;Norte;Fernanda;João;1005;Headset;8;2941,77;2122,9;23534,16;6550,96
2023-04-30;Norte;Daniela;Manoela;3003;Placa de Vídeo NVidia;8;3695,04;2521,49;29560,32;9388,4
2024-12-31;Nordeste;Carlos;Antonia;3003;Placa de Vídeo NVidia;5;1988,37;1017,32;9941,85;4855,25
2024-06-30;Norte;Eduardo;Manoela;9001;Notebook;4;4806,61;3591,01;19226,44;4862,4
2025-09-30;Sul;Ana;João;1005;Headset;6;2321,17;1161,87;13927,02;6955,8
2024-04-30;Sudeste;Bruno;Ciro;9001;Notebook;1;3992,43;3192,24;3992,43;800,19
2025-07-31;Nordeste;Eduardo;Manoela;9001;Notebook;4;2035,84;1064,31;8143,36;3886,12
2024-09-30;Nordeste;Bruno;João;9001;Notebook;1;4153,84;2715,95;4153,84;1437,89
2025-01-31;Sul;Eduardo;Antonia;2006;WebCam 4k;1;4716,38;2391,27;4716,38;2325,11
2024-11-30;Sul;Daniela;Marisa;3003;Placa de Vídeo NVidia;8;3299,71;1662,88;26397,68;13094,64
2025-04-30;Sudeste;Daniela;Marisa;2006;WebCam 4k;8;1380,14;809,16;11041,12;4567,84
2023-08-31;Sul;Fernanda;João;2006;WebCam 4k;5;2333,67;1570,64;11668,35;3815,15
2024-11-30;Nordeste;Eduardo;Ciro;2006;WebCam 4k;7;4789,7;3262,93;33527,9;10687,39
2023-06-30;Sul;Eduardo;Antonia;5004;Monitor;4;4005,11;2937,58;16020,44;4270,12
2024-02-29;Sudeste;Daniela;Ciro;2006;WebCam 4k;8;4671,21;3304,21;37369,68;10936,0
2023-07-31;Centro-Oeste;Carlos;Ciro;3003;Placa de Vídeo NVidia;7;1397,34;893,44;9781,38;3527,3
2023-07-31;Norte;Carlos;Antonia;5004;Monitor;4;3927,83;2443,24;15711,32;5938,36
2024-01-31;Sul;Eduardo;Manoela;1005;Headset;8;740,71;412,17;5925,68;2628,32
2024-05-31;Centro-Oeste;Carlos;Marisa;3003;Placa de Vídeo NVidia;6;4487,31;2319,02;26923,86;13009,74
2024-04-30;Sul;Daniela;Felipe;9001;Notebook;2;3145,88;1749,1;6291,76;2793,56
2024-06-30;Sudeste;Carlos;João;9001;Notebook;1;4077,14;2826,98;4077,14;1250,16
2025-06-30;Nordeste;Bruno;Ciro;7002;Smartphone;1;4258,39;2666,63;4258,39;1591,76
2022-02-28;Centro-Oeste;Eduardo;Marisa;1005;Headset;2;3455,91;2231,31;6911,82;2449,2
2023-07-31;Nordeste;Daniela;Ciro;7002;Smartphone;7;3563,17;2165,25;24942,19;9785,44
2024-03-31;Norte;Fernanda;João;5004;Monitor;9;2821,63;1478,96;25394,67;12084,03
2023-02-28;Norte;Bruno;Antonia;5004;Monitor;3;1174,44;620,67;3523,32;1661,31
2025-10-31;Nordeste;Carlos;João;9001;Notebook;3;2800,88;1614,88;8402,64;3558,0
2023-10-31;Nordeste;Fernanda;Ciro;5004;Monitor;8;3023,85;2251,64;24190,8;6177,68
2025-05-31;Sudeste;Daniela;Antonia;2006;WebCam 4k;4;2402,02;1394,61;9608,08;4029,64
2024-02-29;Norte;Fernanda;Antonia;1005;Headset;6;4024,6;2038,07;24147,6;11919,18
2023-02-28;Nordeste;Carlos;João;9001;Notebook;7;783,17;483,74;5482,19;2096,01
2025-04-30;Centro-Oeste;Bruno;Ciro;5004;Monitor;6;811,36;420,22;4868,16;2346,84
2022-02-28;Centro-Oeste;Eduardo;Marisa;9001;Notebook;6;2077,11;1192,67;12462,66;5306,64
2024-03-31;Sudeste;Fernanda;João;3003;Placa de Vídeo NVidia;3;1567,55;864,86;4702,65;2108,07
2024-03-31;Centro-Oeste;Carlos;Antonia;1005;Headset;3;1632,92;1125,28;4898,76;1522,92
2022-01-31;Sul;Fernanda;Manoela;1005;Headset;1;2946,58;2109,09;2946,58;837,49
2022-07-31;Sul;Carlos;Marisa;9001;Notebook;7;3858,86;2287,88;27012,02;10996,86
2023-02-28;Norte;Carlos;João;9001;Notebook;3;1287,54;912,58;3862,62;1124,88
2023-05-31;Centro-Oeste;Fernanda;Felipe;2006;WebCam 4k;2;1332,92;904,34;2665,84;857,16
2022-04-30;Sudeste;Eduardo;João;1005;Headset;5;4528,95;2976,27;22644,75;7763,4
2023-09-30;Norte;Ana;Antonia;5004;Monitor;8;4785,5;2412,04;38284,0;18987,68
2023-08-31;Nordeste;Fernanda;Ciro;3003;Placa de Vídeo NVidia;4;4155,55;2736,79;16622,2;5675,04
2025-02-28;Norte;Carlos;Antonia;3003;Placa de Vídeo NVidia;3;3034,77;2309,28;9104,31;2176,47
2022-03-31;Nordeste;Fernanda;Antonia;3003;Placa de Vídeo NVidia;9;4709,13;3187,87;42382,17;13691,34
2022-10-31;Nordeste;Ana;João;1005;Headset;6;3286,82;2446,14;19720,92;5044,08
2022-10-31;Sul;Carlos;Felipe;5004;Monitor;9;2923,59;1826,8;26312,31;9871,11
2024-10-31;Sudeste;Fernanda;Marisa;5004;Monitor;6;3533,79;2570,41;21202,74;5780,28
2025-10-31;Centro-Oeste;Eduardo;Antonia;7002;Smartphone;8;2039,38;1133,51;16315,04;7246,96
2023-01-31;Norte;Eduardo;Antonia;9001;Notebook;3;2079,55;1513,72;6238,65;1697,49
2023-08-31;Nordeste;Carlos;Felipe;5004;Monitor;8;4926,14;3567,66;39409,12;10867,84
2023-04-30;Nordeste;Daniela;Felipe;7002;Smartphone;6;3153,83;2388,52;18922,98;4591,86
2023-11-30;Sudeste;Carlos;Manoela;9001;Notebook;3;987,41;788,8;2962,23;595,83
2023-04-30;Sudeste;Daniela;Manoela;9001;Notebook;7;1917,81;1205,47;13424,67;4986,38
2024-05-31;Norte;Daniela;Marisa;7002;Smartphone;3;3970,39;3020,75;11911,17;2848,92
2023-11-30;Norte;Bruno;Marisa;1005;Headset;4;3212,32;1973,17;12849,28;4956,6
2025-10-31;Sul;Bruno;Marisa;2006;WebCam 4k;7;1230,65;797,95;8614,55;3028,9
2024-12-31;Sudeste;Carlos;Felipe;9001;Notebook;9;2379,64;1818,55;21416,76;5049,81
2022-02-28;Sudeste;Fernanda;Marisa;9001;Notebook;3;3428,33;2488,09;10284,99;2820,72
2025-09-30;Sudeste;Eduardo;Marisa;9001;Notebook;1;3359,23;1893,18;3359,23;1466,05
2025-08-31;Sul;Carlos;Marisa;1005;Headset;7;3745,22;2716,99;26216,54;7197,61
2024-02-29;Sudeste;Carlos;Ciro;1005;Headset;2;1464,23;794,66;2928,46;1339,14
2023-01-31;Centro-Oeste;Eduardo;Marisa;1005;Headset;1;3760,62;2979,84;3760,62;780,78
2025-03-31;Sul;Fernanda;Antonia;1005;Headset;2;3555,02;2286,11;7110,04;2537,82
2023-07-31;Sudeste;Eduardo;Antonia;1005;Headset;5;4263,43;3252,56;21317,15;5054,35
2022-02-28;Sudeste;Daniela;João;7002;Smartphone;9;3311,59;2405,78;29804,31;8152,29
2022-12-31;Sul;Daniela;Antonia;2006;WebCam 4k;8;1883,87;1303,15;15070,96;4645,76
2025-02-28;Sul;Ana;Antonia;9001;Notebook;5;1731,68;1058,11;8658,4;3367,85
2025-07-31;Sul;Eduardo;Antonia;1005;Headset;2;1482,88;830,77;2965,76;1304,22
2023-05-31;Sudeste;Ana;Manoela;3003;Placa de Vídeo NVidia;2;3211,26;2078,32;6422,52;2265,88
2023-04-30;Sul;Daniela;Antonia;2006;WebCam 4k;1;4334,38;2849,94;4334,38;1484,44
2025-05-31;Nordeste;Ana;Ciro;2006;WebCam 4k;6;1897,26;1233,16;11383,56;3984,6
2023-01-31;Centro-Oeste;Daniela;Felipe;7002;Smartphone;2;4470,35;3102,3;8940,7;2736,1
2023-06-30;Nordeste;Fernanda;Felipe;1005;Headset;2;3827,89;1914,74;7655,78;3826,3
2022-01-31;Norte;Carlos;Manoela;9001;Notebook;8;959,33;538,72;7674,64;3364,88
2023-11-30;Nordeste;Eduardo;Manoela;2006;WebCam 4k;9;2458,36;1560,64;22125,24;8079,48
2024-02-29;Sudeste;Ana;Marisa;7002;Smartphone;3;2692,47;2028,48;8077,41;1991,97
2023-11-30;Norte;Carlos;Marisa;5004;Monitor;1;2073,52;1173,3;2073,52;900,22
2024-02-29;Centro-Oeste;Fernanda;Marisa;2006;WebCam 4k;5;3842,38;2270,66;19211,9;7858,6
2022-12-31;Norte;Daniela;Marisa;9001;Notebook;6;4005,92;2721,16;24035,52;7708,56
2025-06-30;Norte;Ana;João;3003;Placa de Vídeo NVidia;1;4706,82;2524,44;4706,82;2182,38
2024-08-31;Norte;Daniela;Antonia;2006;WebCam 4k;6;2377,55;1220,61;14265,3;6941,64
2025-03-31;Sudeste;Bruno;João;9001;Notebook;7;618,25;471,87;4327,75;1024,66
2024-02-29;Sudeste;Daniela;Antonia;5004;Monitor;9;4174,92;2583,01;37574,28;14327,19
2023-11-30;Nordeste;Ana;Felipe;5004;Monitor;4;4747,22;2889,31;18988,88;7431,64
2023-07-31;Sudeste;Bruno;Felipe;7002;Smartphone;4;4476,08;2825,32;17904,32;6603,04
2022-10-31;Nordeste;Bruno;Marisa;3003;Placa de Vídeo NVidia;3;2141,71;1661,88;6425,13;1439,49
2024-11-30;Sul;Daniela;Antonia;3003;Placa de Vídeo NVidia;2;4893,7;2805,98;9787,4;4175,44
2024-05-31;Centro-Oeste;Carlos;Felipe;9001;Notebook;1;2696,55;1449,84;2696,55;1246,71
2025-04-30;Norte;Ana;João;9001;Notebook;6;935,12;661,11;5610,72;1644,06
2025-06-30;Sudeste;Bruno;Marisa;7002;Smartphone;9;1426,6;848,63;12839,4;5201,73
2024-03-31;Norte;Eduardo;Felipe;9001;Notebook;5;2351,63;1832,42;11758,15;2596,05
2023-06-30;Norte;Bruno;Marisa;9001;Notebook;6;3567,9;2664,23;21407,4;5422,02
2024-09-30;Nordeste;Carlos;Felipe;3003;Placa de Vídeo NVidia;8;2160,72;1405,88;17285,76;6038,72
2024-02-29;Centro-Oeste;Fernanda;Marisa;9001;Notebook;3;4140,2;2577,31;12420,6;4688,67
2022-02-28;Sul;Carlos;João;3003;Placa de Vídeo NVidia;8;1997,96;1058,25;15983,68;7517,68
2022-07-31;Sudeste;Carlos;Manoela;1005;Headset;9;3468,86;2676,61;31219,74;7130,25
2022-03-31;Norte;Bruno;Manoela;9001;Notebook;8;4578,09;2633,94;36624,72;15553,2
2025-07-31;Sudeste;Carlos;Antonia;7002;Smartphone;9;2312,36;1374,8;20811,24;8438,04
2023-05-31;Sul;Carlos;Antonia;2006;WebCam 4k;9;3863,81;2099,98;34774,29;15874,47
2024-06-30;Nordeste;Eduardo;Marisa;1005;Headset;5;3578,77;2251,24;17893,85;6637,65
2023-09-30;Sul;Ana;Antonia;2006;WebCam 4k;9;3601,29;2266,43;32411,61;12013,74
2023-07-31;Sul;Fernanda;Marisa;1005;Headset;7;765,28;526,26;5356,96;1673,14
2025-10-31;Norte;Fernanda;Marisa;2006;WebCam 4k;1;1346,43;996,39;1346,43;350,04
2024-08-31;Norte;Carlos;Ciro;9001;Notebook;1;4951,92;3821,92;4951,92;1130,0
2022-02-28;Sul;Daniela;Antonia;1005;Headset;9;1998,09;1409,24;17982,81;5299,65
2022-05-31;Sul;Daniela;João;2006;WebCam 4k;1;2487,42;1885,83;2487,42;601,59
2025-02-28;Norte;Carlos;Ciro;2006;WebCam 4k;4;3398,2;2150,72;13592,8;4989,92
2022-12-31;Norte;Ana;Marisa;1005;Headset;5;2247,32;1555,11;11236,6;3461,05
2022-07-31;Sul;Ana;Felipe;3003;Placa de Vídeo NVidia;2;4158,87;2572,3;8317,74;3173,14
2022-06-30;Nordeste;Fernanda;Marisa;1005;Headset;9;2636,13;1472,74;23725,17;10470,51
2022-06-30;Nordeste;Bruno;Felipe;9001;Notebook;8;2085,82;1152,0;16686,56;7470,56
2024-05-31;Sudeste;Fernanda;Marisa;5004;Monitor;6;4306,05;3222,61;25836,3;6500,64
2022-06-30;Norte;Daniela;Felipe;9001;Notebook;7;1875,4;1075,46;13127,8;5599,58
2025-07-31;Sudeste;Carlos;Marisa;3003;Placa de Vídeo NVidia;6;949,25;647,63;5695,5;1809,72
2024-06-30;Sul;Fernanda;João;1005;Headset;9;1664,23;949,82;14978,07;6429,69
2024-08-31;Centro-Oeste;Ana;Marisa;9001;Notebook;7;3789,87;2848,45;26529,09;6589,94
2023-11-30;Sul;Carlos;Antonia;9001;Notebook;5;4764,26;2715,67;23821,3;10242,95
2023-12-31;Nordeste;Daniela;Ciro;1005;Headset;1;1019,75;592,18;1019,75;427,57
2023-05-31;Sudeste;Eduardo;Ciro;2006;WebCam 4k;7;4028,19;2276,53;28197,33;12261,62
2022-07-31;Sudeste;Bruno;João;7002;Smartphone;5;737,78;401,64;3688,9;1680,7
2022-01-31;Centro-Oeste;Fernanda;Antonia;9001;Notebook;8;2148,82;1229,88;17190,56;7351,52
2022-10-31;Nordeste;Bruno;João;5004;Monitor;7;4917,8;3372,89;34424,6;10814,37
2025-05-31;Sul;Ana;Manoela;5004;Monitor;8;725,68;458,45;5805,44;2137,84
2025-08-31;Centro-Oeste;Bruno;Ciro;2006;WebCam 4k;8;1719,14;1138,81;13753,12;4642,64
2025-07-31;Norte;Carlos;Marisa;3003;Placa de Vídeo NVidia;1;3130,67;1992,8;3130,67;1137,87
2022-11-30;Sul;Bruno;Manoela;1005;Headset;2;728,52;514,11;1457,04;428,82
2023-04-30;Norte;Eduardo;Manoela;3003;Placa de Vídeo NVidia;7;4587,8;2775,64;32114,6;12685,12
2023-05-31;Sudeste;Fernanda;Manoela;3003;Placa de Vídeo NVidia;1;1124,75;743,11;1124,75;381,64
2024-08-31;Nordeste;Fernanda;Antonia;7002;Smartphone;2;3525,39;2809,87;7050,78;1431,04
2024-03-31;Sul;Ana;Felipe;7002;Smartphone;7;3705,66;1972,28;25939,62;12133,66
2023-02-28;Centro-Oeste;Carlos;João;9001;Notebook;7;4467,14;2377,84;31269,98;14625,1
2023-09-30;Sul;Ana;Manoela;9001;Notebook;4;4546,89;2822,1;18187,56;6899,16
2025-08-31;Centro-Oeste;Ana;João;2006;WebCam 4k;3;4374,83;3428,29;13124,49;2839,62
2025-05-31;Centro-Oeste;Ana;Manoela;1005;Headset;2;3749,99;2007,84;7499,98;3484,3
2024-05-31;Norte;Ana;Manoela;7002;Smartphone;9;2384,31;1730,54;21458,79;5883,93
2024-11-30;Sul;Fernanda;Ciro;3003;Placa de Vídeo NVidia;6;1977,4;1463,03;11864,4;3086,22
2023-09-30;Nordeste;Eduardo;Marisa;1005;Headset;4;3844,63;2865,65;15378,52;3915,92
2022-04-30;Nordeste;Daniela;João;1005;Headset;5;4506,12;2513,65;22530,6;9962,35
2025-01-31;Sul;Bruno;Ciro;2006;WebCam 4k;3;1248,61;716,16;3745,83;1597,35
2022-05-31;Norte;Carlos;Manoela;2006;WebCam 4k;9;4954,16;3141,63;44587,44;16312,77
2024-09-30;Sudeste;Fernanda;Marisa;5004;Monitor;2;4092,67;2740,75;8185,34;2703,84
2025-07-31;Sudeste;Bruno;Ciro;1005;Headset;3;2201,16;1489,54;6603,48;2134,86
2024-04-30;Sul;Daniela;João;7002;Smartphone;4;4478,85;2643,33;17915,4;7342,08
2025-05-31;Sudeste;Fernanda;Marisa;3003;Placa de Vídeo NVidia;7;515,01;269,34;3605,07;1719,69
2024-08-31;Sudeste;Eduardo;Marisa;1005;Headset;1;1446,27;1077,31;1446,27;368,96
2024-09-30;Norte;Daniela;Felipe;1005;Headset;4;1483,81;1173,31;5935,24;1242,0
2025-10-31;Sudeste;Eduardo;João;7002;Smartphone;8;3391,55;2622,2;27132,4;6154,8
2022-07-31;Norte;Fernanda;Ciro;7002;Smartphone;1;916,08;571,53;916,08;344,55
2024-05-31;Sudeste;Eduardo;João;2006;WebCam 4k;2;4746,17;3758,59;9492,34;1975,16
2023-08-31;Nordeste;Bruno;Manoela;2006;WebCam 4k;6;1634,01;1066,54;9804,06;3404,82
2025-08-31;Sudeste;Ana;Marisa;2006;WebCam 4k;3;1831,5;1106,77;5494,5;2174,19
2025-03-31;Nordeste;Daniela;João;3003;Placa de Vídeo NVidia;9;3534,45;2425,73;31810,05;9978,48
2023-09-30;Nordeste;Daniela;Ciro;9001;Notebook;3;970,09;589,72;2910,27;1141,11
2024-03-31;Norte;Carlos;João;9001;Notebook;6;765,1;529,16;4590,6;1415,64
2022-03-31;Sudeste;Daniela;Felipe;2006;WebCam 4k;2;1778,64;1336,5;3557,28;884,28
2024-11-30;Sul;Fernanda;Felipe;7002;Smartphone;2;3314,28;1884,34;6628,56;2859,88
2023-03-31;Sul;Ana;Ciro;3003;Placa de Vídeo NVidia;5;787,75;617,6;3938,75;850,75
2025-09-30;Nordeste;Carlos;Manoela;1005;Headset;2;3174,94;1696,76;6349,88;2956,36
2023-01-31;Centro-Oeste;Carlos;Ciro;9001;Notebook;2;4529,49;2284,53;9058,98;4489,92
2024-11-30;Sudeste;Bruno;Manoela;1005;Headset;4;796,17;505,73;3184,68;1161,76
2024-11-30;Nordeste;Eduardo;Marisa;9001;Notebook;9;4991,55;2795,21;44923,95;19767,06
2024-04-30;Norte;Carlos;Ciro;3003;Placa de Vídeo NVidia;2;4627,64;2387,82;9255,28;4479,64
2024-12-31;Nordeste;Fernanda;Felipe;9001;Notebook;5;3816,27;2595,27;19081,35;6105,0
2022-03-31;Norte;Carlos;Ciro;2006;WebCam 4k;9;4923,2;3537,9;44308,8;12467,7
2024-06-30;Norte;Eduardo;João;1005;Headset;1;2975,11;2275,27;2975,11;699,84
2024-12-31;Centro-Oeste;Ana;Felipe;1005;Headset;7;4989,24;3355,33;34924,68;11437,37
2022-02-28;Sul;Fernanda;Felipe;2006;WebCam 4k;4;4311,7;3236,76;17246,8;4299,76
2024-07-31;Norte;Bruno;Marisa;7002;Smartphone;2;4761,34;3457,69;9522,68;2607,3
2024-08-31;Nordeste;Fernanda;Manoela;9001;Notebook;3;1333,14;1000,34;3999,42;998,4
2022-03-31;Sul;Carlos;Felipe;1005;Headset;4;4009,73;2377,5;16038,92;6528,92
2025-06-30;Sudeste;Ana;Manoela;3003;Placa de Vídeo NVidia;9;2784,6;1837,96;25061,4;8519,76
2022-03-31;Sul;Fernanda;Felipe;9001;Notebook;3;3952,68;3079,98;11858,04;2618,1
2024-11-30;Centro-Oeste;Carlos;Manoela;7002;Smartphone;6;3757,49;2672,97;22544,94;6507,12
2023-05-31;Centro-Oeste;Fernanda;Manoela;2006;WebCam 4k;1;3523,15;1860,74;3523,15;1662,41
2025-08-31;Norte;Daniela;João;7002;Smartphone;7;1850,56;950,41;12953,92;6301,05
2023-07-31;Sul;Daniela;Marisa;3003;Placa de Vídeo NVidia;8;1055,08;612,97;8440,64;3536,88
2023-12-31;Nordeste;Fernanda;Felipe;1005;Headset;6;1593,55;1036,36;9561,3;3343,14
2025-10-31;Norte;Fernanda;João;1005;Headset;4;3811,69;2285,91;15246,76;6103,12
2023-12-31;Sul;Eduardo;Ciro;5004;Monitor;9;4843,28;2946,69;43589,52;17069,31
2022-09-30;Centro-Oeste;Ana;Marisa;5004;Monitor;3;3529,59;2267,08;10588,77;3787,53
2025-08-31;Sudeste;Bruno;Marisa;3003;Placa de Vídeo NVidia;9;4330,54;2914,46;38974,86;12744,72
2025-10-31;Centro-Oeste;Bruno;Manoela;5004;Monitor;8;2846,93;1542,41;22775,44;10436,16
2024-09-30;Norte;Bruno;Antonia;1005;Headset;2;2819,51;1802,32;5639,02;2034,38
2024-09-30;Nordeste;Daniela;Ciro;7002;Smartphone;3;4698,94;2756,6;14096,82;5827,02
2023-06-30;Sudeste;Ana;Ciro;2006;WebCam 4k;3;601,57;403,32;1804,71;594,75
2022-05-31;Sudeste;Bruno;Manoela;1005;Headset;7;825,37;560,46;5777,59;1854,37
2023-02-28;Sudeste;Eduardo;Manoela;1005;Headset;4;1482,81;867,18;5931,24;2462,52
2022-05-31;Nordeste;Bruno;Manoela;2006;WebCam 4k;2;4749,72;3569,76;9499,44;2359,92
2024-07-31;Sudeste;Daniela;Marisa;7002;Smartphone;3;1593,56;822,17;4780,68;2314,17
2025-04-30;Sudeste;Fernanda;Ciro;2006;WebCam 4k;7;1005,69;683,73;7039,83;2253,72
2023-09-30;Nordeste;Ana;Antonia;7002;Smartphone;4;3883,66;2709,08;15534,64;4698,32
2024-09-30;Sudeste;Fernanda;Ciro;1005;Headset;1;1935,1;1469,01;1935,1;466,09
2023-03-31;Nordeste;Bruno;Ciro;2006;WebCam 4k;8;645,21;362,05;5161,68;2265,28
2022-09-30;Sudeste;Carlos;Marisa;7002;Smartphone;6;3165,7;1996,82;18994,2;7013,28
2023-02-28;Nordeste;Ana;Manoela;3003;Placa de Vídeo NVidia;8;3768,84;1942,81;30150,72;14608,24
2023-09-30;Centro-Oeste;Ana;Manoela;2006;WebCam 4k;7;786,2;604,67;5503,4;1270,71
2024-04-30;Centro-Oeste;Ana;Manoela;2006;WebCam 4k;8;2056,36;1406,51;16450,88;5198,8
2022-01-31;Sul;Eduardo;Manoela;5004;Monitor;3;517,89;388,55;1553,67;388,02
2025-08-31;Sudeste;Bruno;Manoela;7002;Smartphone;4;1258,56;645,27;5034,24;2453,16
2022-04-30;Sudeste;Carlos;Ciro;9001;Notebook;1;4815,15;3483,58;4815,15;1331,57
2022-04-30;Norte;Fernanda;Felipe;5004;Monitor;2;4822,47;3832,11;9644,94;1980,72
2025-08-31;Nordeste;Ana;Ciro;2006;WebCam 4k;1;2078,17;1592,4;2078,17;485,77
2024-06-30;Centro-Oeste;Bruno;Marisa;9001;Notebook;5;4723,02;3484,2;23615,1;6194,1
2022-06-30;Sudeste;Carlos;Ciro;2006;WebCam 4k;1;832,75;486,46;832,75;346,29
2024-02-29;Sul;Fernanda;João;9001;Notebook;3;2011,71;1448,88;6035,13;1688,49
2022-02-28;Norte;Ana;Felipe;1005;Headset;2;4962,09;2566,96;9924,18;4790,26
2025-05-31;Nordeste;Eduardo;Antonia;3003;Placa de Vídeo NVidia;7;2007,84;1362,72;14054,88;4515,84
2022-12-31;Sudeste;Daniela;Manoela;9001;Notebook;6;1440,51;1103,59;8643,06;2021,52
2024-05-31;Sul;Eduardo;João;3003;Placa de Vídeo NVidia;6;4097,32;2788,27;24583,92;7854,3
2024-11-30;Sudeste;Fernanda;João;9001;Notebook;3;2783,6;2162,75;8350,8;1862,55
2025-09-30;Sul;Daniela;Manoela;5004;Monitor;9;2881,98;2096,03;25937,82;7073,55
2022-03-31;Norte;Eduardo;Manoela;9001;Notebook;7;4632,83;3662,36;32429,81;6793,29
2023-05-31;Nordeste;Daniela;Ciro;7002;Smartphone;7;511,17;376,29;3578,19;944,16
2024-03-31;Norte;Eduardo;Antonia;1005;Headset;5;2053,12;1228,9;10265,6;4121,1
2025-09-30;Sudeste;Daniela;Manoela;1005;Headset;5;3108,58;1834,98;15542,9;6368,0
2025-07-31;Sudeste;Ana;Antonia;5004;Monitor;4;1995,28;1554,65;7981,12;1762,52
2025-02-28;Norte;Fernanda;Manoela;2006;WebCam 4k;8;2863,38;1626,54;22907,04;9894,72
2024-01-31;Sudeste;Ana;Felipe;9001;Notebook;9;2958,06;1931,45;26622,54;9239,49
2024-12-31;Sudeste;Eduardo;Marisa;9001;Notebook;7;3720,56;2836,91;26043,92;6185,55
2023-01-31;Sudeste;Fernanda;Antonia;9001;Notebook;3;4670,46;3072,99;14011,38;4792,41
2023-06-30;Sudeste;Bruno;Antonia;1005;Headset;7;3352,32;2383,71;23466,24;6780,27
2023-03-31;Sul;Daniela;Felipe;5004;Monitor;2;2560,16;1711,49;5120,32;1697,34
2023-11-30;Nordeste;Eduardo;Marisa;9001;Notebook;8;550,12;308,36;4400,96;1934,08
2024-02-29;Centro-Oeste;Daniela;Marisa;1005;Headset;6;1267,53;965,34;7605,18;1813,14
2023-12-31;Norte;Fernanda;Antonia;2006;WebCam 4k;3;3494,49;2490,13;10483,47;3013,08
2025-06-30;Sudeste;Carlos;Felipe;1005;Headset;7;599,34;442,7;4195,38;1096,48
2022-05-31;Centro-Oeste;Carlos;João;9001;Notebook;4;770,94;433,82;3083,76;1348,48
2023-04-30;Sudeste;Eduardo;Antonia;5004;Monitor;7;1106,83;856,46;7747,81;1752,59
2022-12-31;Sudeste;Fernanda;Marisa;2006;WebCam 4k;5;1182,59;595,75;5912,95;2934,2
2022-10-31;Nordeste;Daniela;Manoela;5004;Monitor;7;3079,39;1887,05;21555,73;8346,38
2022-07-31;Nordeste;Eduardo;Manoela;9001;Notebook;2;827,87;468,8;1655,74;718,14
2025-04-30;Nordeste;Fernanda;Manoela;9001;Notebook;1;530,13;359,91;530,13;170,22
2023-01-31;Sudeste;Bruno;Ciro;9001;Notebook;2;1462,1;772,43;2924,2;1379,34
2023-05-31;Norte;Ana;Marisa;2006;WebCam 4k;9;4570,06;3251,2;41130,54;11869,74
2022-11-30;Nordeste;Bruno;Antonia;1005;Headset;1;4917,24;2742,79;4917,24;2174,45
2025-07-31;Norte;Carlos;Ciro;7002;Smartphone;3;898,24;618,32;2694,72;839,76
2025-05-31;Norte;Daniela;Antonia;3003;Placa de Vídeo NVidia;6;647,57;439,23;3885,42;1250,04
2023-01-31;Centro-Oeste;Bruno;Antonia;9001;Notebook;2;4369,14;2444,78;8738,28;3848,72
2024-11-30;Centro-Oeste;Eduardo;Manoela;9001;Notebook;2;4963,87;3365,54;9927,74;3196,66
2023-10-31;Nordeste;Daniela;Felipe;5004;Monitor;5;4097,9;2486,39;20489,5;8057,55
2022-06-30;Nordeste;Ana;Ciro;7002;Smartphone;1;824,65;537,46;824,65;287,19
2023-07-31;Centro-Oeste;Fernanda;Felipe;3003;Placa de Vídeo NVidia;8;3156,79;2376,98;25254,32;6238,48
2023-01-31;Centro-Oeste;Carlos;Antonia;3003;Placa de Vídeo NVidia;9;2220,42;1572,29;19983,78;5833,17
2025-07-31;Norte;Daniela;Antonia;3003;Placa de Vídeo NVidia;9;3299,25;1792,3;29693,25;13562,55
2025-06-30;Norte;Ana;João;5004;Monitor;6;3017,28;1880,48;18103,68;6820,8
2023-04-30;Sul;Bruno;Ciro;5004;Monitor;1;4515,77;2916,23;4515,77;1599,54
2024-03-31;Sudeste;Ana;Manoela;2006;WebCam 4k;1;4918,37;2979,94;4918,37;1938,43
2023-10-31;Sul;Daniela;Marisa;7002;Smartphone;1;2293,31;1652,22;2293,31;641,09
2024-12-31;Norte;Bruno;Ciro;1005;Headset;4;2204,44;1583,31;8817,76;2484,52
2025-01-31;Nordeste;Ana;João;3003;Placa de Vídeo NVidia;4;1141,16;667,07;4564,64;1896,36
2024-11-30;Norte;Ana;Felipe;1005;Headset;9;1653,14;1239,15;14878,26;3725,91
2025-03-31;Centro-Oeste;Fernanda;Marisa;3003;Placa de Vídeo NVidia;8;4941,21;3377,26;39529,68;12511,6
2024-02-29;Nordeste;Fernanda;Ciro;7002;Smartphone;1;1768,34;1269,19;1768,34;499,15
2025-05-31;Sudeste;Eduardo;Felipe;3003;Placa de Vídeo NVidia;7;1192,35;697,0;8346,45;3467,45
2023-05-31;Centro-Oeste;Bruno;João;2006;WebCam 4k;7;3770,44;2708,07;26393,08;7436,59
2024-10-31;Centro-Oeste;Bruno;Felipe;2006;WebCam 4k;8;865,65;455,33;6925,2;3282,56
2024-11-30;Centro-Oeste;Daniela;Antonia;3003;Placa de Vídeo NVidia;3;1227,13;672,63;3681,39;1663,5
2023-01-31;Sul;Ana;João;5004;Monitor;2;2411,36;1629,02;4822,72;1564,68
2025-05-31;Centro-Oeste;Carlos;Ciro;9001;Notebook;7;3727,28;2450,03;26090,96;8940,75
2024-06-30;Centro-Oeste;Ana;Ciro;1005;Headset;2;2908,0;2273,17;5816,0;1269,66
2024-12-31;Centro-Oeste;Carlos;Manoela;1005;Headset;2;2642,87;1849,73;5285,74;1586,28
2025-01-31;Sul;Fernanda;João;2006;WebCam 4k;2;2170,78;1296,77;4341,56;1748,02
2024-01-31;Sudeste;Bruno;João;3003;Placa de Vídeo NVidia;6;2415,98;1502,91;14495,88;5478,42
2022-11-30;Sudeste;Daniela;Antonia;7002;Smartphone;5;1461,36;805,31;7306,8;3280,25
2024-02-29;Sudeste;Eduardo;Antonia;5004;Monitor;5;2710,86;2032,36;13554,3;3392,5
2023-12-31;Sul;Ana;Marisa;3003;Placa de Vídeo NVidia;3;1079,87;677,75;3239,61;1206,36
2022-03-31;Norte;Ana;Manoela;7002;Smartphone;2;689,58;462,23;1379,16;454,7
2024-10-31;Nordeste;Bruno;Manoela;3003;Placa de Vídeo NVidia;7;2727,54;1694,07;19092,78;7234,29
2024-11-30;Centro-Oeste;Fernanda;Marisa;2006;WebCam 4k;1;1234,02;938,13;1234,02;295,89
2022-09-30;Sudeste;Carlos;Felipe;1005;Headset;9;1771,85;1353,89;15946,65;3761,64
2025-04-30;Centro-Oeste;Daniela;Antonia;2006;WebCam 4k;6;4770,82;2494,58;28624,92;13657,44
2025-02-28;Centro-Oeste;Ana;Felipe;3003;Placa de Vídeo NVidia;7;4689,83;2442,23;32828,81;15733,2
2024-01-31;Centro-Oeste;Carlos;Felipe;2006;WebCam 4k;3;3659,16;2773,9;10977,48;2655,78
2024-10-31;Norte;Daniela;Marisa;7002;Smartphone;9;512,62;380,08;4613,58;1192,86
2023-04-30;Sul;Eduardo;Manoela;9001;Notebook;3;3880,4;2262,58;11641,2;4853,46
2025-10-31;Nordeste;Ana;Antonia;5004;Monitor;4;3626,75;2526,01;14507,0;4402,96
2022-05-31;Nordeste;Ana;João;7002;Smartphone;2;1068,03;584,36;2136,06;967,34
2025-08-31;Nordeste;Eduardo;Manoela;5004;Monitor;5;2291,49;1402,7;11457,45;4443,95
2024-03-31;Nordeste;Carlos;Felipe;2006;WebCam 4k;9;3929,89;2892,52;35369,01;9336,33
2024-03-31;Sul;Bruno;Antonia;2006;WebCam 4k;8;2613,74;1654,68;20909,92;7672,48
2022-02-28;Nordeste;Carlos;Felipe;7002;Smartphone;9;4916,06;2539,24;44244,54;21391,38
2023-12-31;Sul;Eduardo;Manoela;2006;WebCam 4k;5;2611,21;1513,73;13056,05;5487,4
2023-07-31;Centro-Oeste;Ana;Felipe;7002;Smartphone;1;582,49;385,18;582,49;197,31
2024-05-31;Sul;Bruno;Antonia;5004;Monitor;7;823,33;435,41;5763,31;2715,44
2025-05-31;Sul;Fernanda;Antonia;9001;Notebook;4;3332,32;2284,21;13329,28;4192,44
2023-04-30;Nordeste;Carlos;Marisa;7002;Smartphone;9;2051,77;1358,76;18465,93;6237,09
2022-06-30;Sul;Ana;Felipe;7002;Smartphone;5;587,77;412,58;2938,85;875,95
2023-06-30;Sudeste;Fernanda;Felipe;1005;Headset;9;1901,97;1490,9;17117,73;3699,63
2025-02-28;Centro-Oeste;Ana;Marisa;1005;Headset;1;4732,81;2367,82;4732,81;2364,99
2022-03-31;Nordeste;Daniela;Ciro;2006;WebCam 4k;4;4728,48;3250,85;18913,92;5910,52
2022-08-31;Nordeste;Ana;Manoela;5004;Monitor;9;2311,14;1256,15;20800,26;9494,91
2024-10-31;Centro-Oeste;Ana;Marisa;3003;Placa de Vídeo NVidia;2;3615,67;1853,37;7231,34;3524,6
2022-11-30;Sul;Fernanda;Marisa;3003;Placa de Vídeo NVidia;8;865,59;619,08;6924,72;1972,08
2024-04-30;Sul;Fernanda;Antonia;3003;Placa de Vídeo NVidia;6;1653,35;978,29;9920,1;4050,36
2024-07-31;Centro-Oeste;Carlos;Manoela;9001;Notebook;6;4835,78;3144,48;29014,68;10147,8
2022-03-31;Sudeste;Eduardo;Felipe;7002;Smartphone;6;1986,6;1053,34;11919,6;5599,56
2025-04-30;Sul;Eduardo;Ciro;3003;Placa de Vídeo NVidia;1;3276,87;2048,46;3276,87;1228,41
2024-01-31;Sudeste;Ana;Ciro;2006;WebCam 4k;2;655,69;360,39;1311,38;590,6
2022-10-31;Sudeste;Carlos;Marisa;5004;Monitor;5;796,94;515,62;3984,7;1406,6
2023-07-31;Nordeste;Daniela;Antonia;3003;Placa de Vídeo NVidia;5;3700,33;2546,12;18501,65;5771,05
2024-02-29;Sul;Fernanda;Felipe;3003;Placa de Vídeo NVidia;5;687,18;377,34;3435,9;1549,2
2023-04-30;Sudeste;Fernanda;João;2006;WebCam 4k;3;576,91;411,85;1730,73;495,18
2024-04-30;Norte;Ana;Ciro;9001;Notebook;7;3838,35;1923,39;26868,45;13404,72
2025-04-30;Norte;Carlos;Marisa;5004;Monitor;9;3816,09;1950,38;34344,81;16791,39
2022-11-30;Nordeste;Daniela;Ciro;5004;Monitor;4;1777,11;998,66;7108,44;3113,8
2023-08-31;Norte;Eduardo;Ciro;7002;Smartphone;5;4541,58;3542,82;22707,9;4993,8
2024-04-30;Sul;Daniela;Felipe;7002;Smartphone;1;3275,39;2496,32;3275,39;779,07
2023-07-31;Sul;Fernanda;Ciro;2006;WebCam 4k;1;711,31;508,88;711,31;202,43
2022-04-30;Sul;Daniela;Antonia;7002;Smartphone;2;2235,94;1137,33;4471,88;2197,22
2024-12-31;Nordeste;Eduardo;Felipe;5004;Monitor;5;724,48;374,11;3622,4;1751,85
2024-09-30;Nordeste;Bruno;Felipe;7002;Smartphone;9;2489,68;1597,83;22407,12;8026,65
2023-03-31;Nordeste;Bruno;Manoela;9001;Notebook;9;1047,83;831,61;9430,47;1945,98
2022-03-31;Sul;Eduardo;Antonia;2006;WebCam 4k;1;4396,11;3281,38;4396,11;1114,73
2024-06-30;Sudeste;Daniela;João;2006;WebCam 4k;5;3986,07;2930,15;19930,35;5279,6
2024-11-30;Centro-Oeste;Fernanda;Ciro;7002;Smartphone;4;998,65;517,5;3994,6;1924,6
2025-05-31;Centro-Oeste;Carlos;Marisa;1005;Headset;4;4962,62;2636,21;19850,48;9305,64
2024-01-31;Sudeste;Bruno;Antonia;2006;WebCam 4k;1;559,44;300,23;559,44;259,21
2023-07-31;Nordeste;Bruno;Marisa;7002;Smartphone;8;2363,65;1459,66;18909,2;7231,92
2025-06-30;Centro-Oeste;Eduardo;Antonia;2006;WebCam 4k;9;796,55;509,81;7168,95;2580,66
2025-09-30;Norte;Fernanda;João;3003;Placa de Vídeo NVidia;9;3276,62;2238,27;29489,58;9345,15
2022-10-31;Centro-Oeste;Eduardo;João;3003;Placa de Vídeo NVidia;6;1965,59;1138,0;11793,54;4965,54
2022-12-31;Sul;Eduardo;Marisa;1005;Headset;6;4709,03;2660,2;28254,18;12292,98
2023-05-31;Sudeste;Ana;Ciro;7002;Smartphone;1;4212,22;2372,1;4212,22;1840,12
2024-03-31;Nordeste;Bruno;João;5004;Monitor;3;745,06;385,97;2235,18;1077,27
2025-03-31;Sul;Bruno;Marisa;2006;WebCam 4k;5;2689,47;2053,81;13447,35;3178,3
2025-03-31;Norte;Carlos;Felipe;5004;Monitor;1;2800,14;1974,27;2800,14;825,87
2025-03-31;Nordeste;Fernanda;Felipe;5004;Monitor;3;4792,69;2829,56;14378,07;5889,39
2023-02-28;Norte;Daniela;Felipe;2006;WebCam 4k;2;1044,95;667,87;2089,9;754,16
2025-08-31;Norte;Fernanda;Antonia;1005;Headset;4;3837,75;2762,14;15351,0;4302,44
2024-09-30;Centro-Oeste;Carlos;Marisa;5004;Monitor;6;3752,45;2803,38;22514,7;5694,42
2023-01-31;Centro-Oeste;Eduardo;Manoela;7002;Smartphone;6;3194,4;2047,85;19166,4;6879,3
2024-04-30;Centro-Oeste;Fernanda;Felipe;5004;Monitor;4;1986,53;1069,87;7946,12;3666,64
2023-12-31;Nordeste;Ana;Marisa;7002;Smartphone;4;1909,11;1259,79;7636,44;2597,28
2023-09-30;Sul;Daniela;João;1005;Headset;8;1422,77;1093,25;11382,16;2636,16
2022-09-30;Sudeste;Bruno;Manoela;5004;Monitor;8;2742,33;2104,91;21938,64;5099,36
2024-11-30;Norte;Fernanda;Felipe;7002;Smartphone;4;2005,71;1022,14;8022,84;3934,28
2022-09-30;Sudeste;Eduardo;João;7002;Smartphone;2;1661,15;1274,49;3322,3;773,32
2025-06-30;Centro-Oeste;Eduardo;Felipe;9001;Notebook;1;3130,9;1901,44;3130,9;1229,46
2022-04-30;Nordeste;Fernanda;João;9001;Notebook;4;4679,21;2716,52;18716,84;7850,76
2024-06-30;Centro-Oeste;Eduardo;Felipe;2006;WebCam 4k;9;3771,37;2758,07;33942,33;9119,7
2022-08-31;Sul;Fernanda;Marisa;9001;Notebook;2;4442,52;2588,96;8885,04;3707,12
2022-12-31;Norte;Bruno;Marisa;5004;Monitor;2;1155,14;893,09;2310,28;524,1
2024-07-31;Sul;Eduardo;Manoela;5004;Monitor;7;2532,41;1925,58;17726,87;4247,81
2023-07-31;Centro-Oeste;Eduardo;Ciro;1005;Headset;2;2883,15;1592,49;5766,3;2581,32
2023-03-31;Sudeste;Bruno;João;1005;Headset;4;3782,78;2501,5;15131,12;5125,12
2022-05-31;Sudeste;Bruno;Antonia;3003;Placa de Vídeo NVidia;2;4242,32;2727,14;8484,64;3030,36
2022-12-31;Nordeste;Carlos;Antonia;5004;Monitor;9;2999,72;2310,58;26997,48;6202,26
2023-11-30;Nordeste;Ana;Marisa;3003;Placa de Vídeo NVidia;4;4726,63;3415,57;18906,52;5244,24
2023-07-31;Sudeste;Fernanda;Marisa;1005;Headset;1;2178,35;1706,65;2178,35;471,7
2024-09-30;Nordeste;Eduardo;Ciro;2006;WebCam 4k;8;3561,2;1829,03;28489,6;13857,36
2024-06-30;Centro-Oeste;Bruno;Manoela;5004;Monitor;9;1019,12;712,3;9172,08;2761,38
2023-04-30;Norte;Fernanda;Manoela;1005;Headset;8;2068,98;1351,91;16551,84;5736,56
2022-12-31;Nordeste;Fernanda;Marisa;3003;Placa de Vídeo NVidia;4;1484,95;856,4;5939,8;2514,2
2023-05-31;Norte;Ana;Marisa;7002;Smartphone;5;3280,28;2129,41;16401,4;5754,35
2025-08-31;Nordeste;Eduardo;Ciro;2006;WebCam 4k;5;3591,45;2293,93;17957,25;6487,6
2024-05-31;Centro-Oeste;Ana;Antonia;9001;Notebook;3;3004,62;2004,9;9013,86;2999,16
2023-02-28;Nordeste;Daniela;Ciro;7002;Smartphone;6;1751,34;1240,52;10508,04;3064,92
2022-01-31;Sul;Fernanda;João;7002;Smartphone;8;1828,24;1240,87;14625,92;4698,96
2025-01-31;Sul;Daniela;Felipe;2006;WebCam 4k;4;955,37;593,6;3821,48;1447,08
2024-02-29;Norte;Eduardo;João;3003;Placa de Vídeo NVidia;4;4471,5;3392,38;17886,0;4316,48
2024-04-30;Sul;Eduardo;Marisa;7002;Smartphone;4;1967,71;1129,45;7870,84;3353,04
2022-01-31;Norte;Fernanda;Antonia;3003;Placa de Vídeo NVidia;9;2865,7;2278,61;25791,3;5283,81
2025-03-31;Sudeste;Bruno;Marisa;2006;WebCam 4k;1;1160,09;695,7;1160,09;464,39
2025-01-31;Norte;Bruno;João;1005;Headset;7;4031,32;2883,94;28219,24;8031,66
2022-09-30;Sudeste;Carlos;João;7002;Smartphone;9;2528,08;1565,38;22752,72;8664,3
2022-07-31;Sudeste;Eduardo;Ciro;1005;Headset;9;4699,71;3526,0;42297,39;10563,39
2022-03-31;Sudeste;Carlos;Felipe;3003;Placa de Vídeo NVidia;4;577,62;314,39;2310,48;1052,92
2023-10-31;Sudeste;Daniela;Felipe;7002;Smartphone;7;1431,63;907,84;10021,41;3666,53
2022-12-31;Sudeste;Eduardo;Manoela;9001;Notebook;1;3767,25;2503,43;3767,25;1263,82
2025-10-31;Sudeste;Ana;Felipe;1005;Headset;8;4841,57;2549,65;38732,56;18335,36
2023-07-31;Nordeste;Eduardo;Ciro;7002;Smartphone;1;2621,37;2044,99;2621,37;576,38
2023-03-31;Norte;Eduardo;Ciro;7002;Smartphone;6;3115,01;1612,7;18690,06;9013,86
2022-03-31;Sudeste;Daniela;Manoela;7002;Smartphone;8;3514,65;2220,21;28117,2;10355,52
2024-09-30;Sul;Carlos;Felipe;5004;Monitor;9;575,09;297,96;5175,81;2494,17
2024-05-31;Sudeste;Eduardo;Manoela;2006;WebCam 4k;6;3211,88;1769,6;19271,28;8653,68
2025-03-31;Sul;Carlos;Felipe;9001;Notebook;4;3885,08;2136,58;15540,32;6994,0
2025-01-31;Sudeste;Fernanda;Marisa;9001;Notebook;9;1025,53;789,06;9229,77;2128,23
2022-10-31;Nordeste;Ana;Felipe;5004;Monitor;2;2252,31;1351,48;4504,62;1801,66
2022-12-31;Sul;Fernanda;João;9001;Notebook;5;4981,84;2752,68;24909,2;11145,8
2025-06-30;Centro-Oeste;Eduardo;Marisa;2006;WebCam 4k;2;783,1;453,54;1566,2;659,12
2023-05-31;Nordeste;Fernanda;Marisa;2006;WebCam 4k;3;4225,51;2180,37;12676,53;6135,42
2025-07-31;Sul;Bruno;Antonia;3003;Placa de Vídeo NVidia;8;1384,15;973,16;11073,2;3287,92
2025-09-30;Norte;Carlos;Marisa;2006;WebCam 4k;6;1867,2;1022,49;11203,2;5068,26
2025-02-28;Nordeste;Bruno;Felipe;5004;Monitor;8;4017,55;2581,18;32140,4;11490,96
2025-09-30;Sul;Eduardo;Marisa;2006;WebCam 4k;3;3579,53;1819,48;10738,59;5280,15
2023-01-31;Norte;Eduardo;Antonia;5004;Monitor;1;1779,16;1220,31;1779,16;558,85
2022-06-30;Norte;Daniela;Manoela;1005;Headset;1;4313,26;2444,87;4313,26;1868,39
2024-10-31;Sudeste;Fernanda;Marisa;2006;WebCam 4k;1;2537,42;2028,02;2537,42;509,4
2023-09-30;Nordeste;Bruno;Manoela;1005;Headset;3;4229,8;3131,76;12689,4;3294,12
2023-08-31;Norte;Ana;Antonia;5004;Monitor;8;4449,34;2951,32;35594,72;11984,16
2022-09-30;Sul;Daniela;Manoela;9001;Notebook;3;2817,5;1548,71;8452,5;3806,37
2022-07-31;Sudeste;Daniela;Marisa;9001;Notebook;9;2300,0;1494,65;20700,0;7248,15
2022-06-30;Norte;Eduardo;Marisa;9001;Notebook;9;3055,79;2299,07;27502,11;6810,48
2022-12-31;Sul;Daniela;Ciro;2006;WebCam 4k;7;3970,77;1994,03;27795,39;13837,18
2022-04-30;Nordeste;Fernanda;Antonia;5004;Monitor;2;3427,92;1881,9;6855,84;3092,04
2023-07-31;Centro-Oeste;Fernanda;João;3003;Placa de Vídeo NVidia;7;2319,3;1445,15;16235,1;6119,05
2025-02-28;Sul;Eduardo;Felipe;3003;Placa de Vídeo NVidia;1;2584,72;1459,22;2584,72;1125,5
2022-03-31;Sudeste;Carlos;João;5004;Monitor;2;975,76;751,64;1951,52;448,24
2023-01-31;Norte;Fernanda;Felipe;3003;Placa de Vídeo NVidia;5;570,75;339,59;2853,75;1155,8
2025-02-28;Norte;Eduardo;Marisa;2006;WebCam 4k;7;668,69;344,68;4680,83;2268,07
2023-08-31;Sudeste;Daniela;Manoela;5004;Monitor;3;3859,19;2859,94;11577,57;2997,75
2025-04-30;Norte;Fernanda;Marisa;9001;Notebook;4;4629,54;2677,46;18518,16;7808,32
2023-05-31;Norte;Ana;Ciro;2006;WebCam 4k;5;3362,48;2678,18;16812,4;3421,5
2022-06-30;Nordeste;Eduardo;Felipe;3003;Placa de Vídeo NVidia;3;1477,09;1176,64;4431,27;901,35
2022-07-31;Norte;Carlos;Ciro;2006;WebCam 4k;5;3887,68;2084,3;19438,4;9016,9
2024-02-29;Norte;Eduardo;Felipe;1005;Headset;6;4317,28;3429,09;25903,68;5329,14
2024-10-31;Centro-Oeste;Eduardo;Felipe;1005;Headset;9;2357,42;1496,13;21216,78;7751,61
2022-02-28;Sul;Bruno;João;9001;Notebook;6;4195,64;2513,75;25173,84;10091,34
2022-11-30;Centro-Oeste;Daniela;Antonia;3003;Placa de Vídeo NVidia;2;2049,09;1137,76;4098,18;1822,66
2022-02-28;Sul;Daniela;Marisa;2006;WebCam 4k;1;1210,18;669,07;1210,18;541,11
2025-03-31;Sul;Carlos;Ciro;5004;Monitor;4;4798,39;3527,75;19193,56;5082,56
2022-11-30;Sudeste;Eduardo;Ciro;1005;Headset;9;4888,42;3123,24;43995,78;15886,62
2024-01-31;Sudeste;Ana;Antonia;9001;Notebook;6;2674,63;1834,74;16047,78;5039,34
2022-07-31;Nordeste;Ana;Felipe;7002;Smartphone;6;1876,88;1038,42;11261,28;5030,76
2022-06-30;Sudeste;Bruno;Antonia;3003;Placa de Vídeo NVidia;8;1477,28;986,09;11818,24;3929,52
2022-10-31;Centro-Oeste;Eduardo;Ciro;9001;Notebook;2;1570,96;1088,64;3141,92;964,64
2025-04-30;Nordeste;Bruno;Ciro;9001;Notebook;2;1340,45;756,83;2680,9;1167,24
2022-12-31;Norte;Carlos;Marisa;9001;Notebook;4;3696,93;2341,36;14787,72;5422,28
2023-07-31;Centro-Oeste;Daniela;Antonia;9001;Notebook;2;3146,2;1668,69;6292,4;2955,02
2022-06-30;Centro-Oeste;Carlos;Marisa;3003;Placa de Vídeo NVidia;6;1533,72;1150,58;9202,32;2298,84
2024-11-30;Nordeste;Ana;Felipe;9001;Notebook;6;1087,81;589,6;6526,86;2989,26
2023-04-30;Norte;Fernanda;Marisa;3003;Placa de Vídeo NVidia;5;2749,77;1642,16;13748,85;5538,05
2022-04-30;Centro-Oeste;Eduardo;Marisa;5004;Monitor;9;1888,34;1481,86;16995,06;3658,32
2025-06-30;Norte;Eduardo;João;5004;Monitor;3;4426,07;2606,63;13278,21;5458,32
2025-01-31;Centro-Oeste;Ana;Manoela;2006;WebCam 4k;6;1281,31;878,91;7687,86;2414,4
2022-08-31;Sudeste;Carlos;Manoela;2006;WebCam 4k;5;2489,55;1620,41;12447,75;4345,7
2022-02-28;Nordeste;Daniela;Marisa;5004;Monitor;1;534,28;369,69;534,28;164,59
2022-10-31;Sudeste;Daniela;Antonia;3003;Placa de Vídeo NVidia;2;3460,63;2224,56;6921,26;2472,14
2025-05-31;Nordeste;Eduardo;Felipe;7002;Smartphone;3;4742,15;3487,07;14226,45;3765,24
2023-06-30;Nordeste;Fernanda;Ciro;3003;Placa de Vídeo NVidia;7;1876,95;1432,27;13138,65;3112,76
2023-10-31;Nordeste;Carlos;Manoela;5004;Monitor;9;4489,03;3454,15;40401,27;9313,92
2023-06-30;Sudeste;Ana;Antonia;5004;Monitor;8;4380,73;2865,46;35045,84;12122,16
2024-06-30;Sudeste;Ana;João;5004;Monitor;6;3473,54;2138,34;20841,24;8011,2
2022-08-31;Centro-Oeste;Daniela;João;1005;Headset;5;3394,82;1712,56;16974,1;8411,3
2025-08-31;Centro-Oeste;Bruno;Antonia;5004;Monitor;6;3166,3;2102,2;18997,8;6384,6
2024-02-29;Norte;Eduardo;Felipe;3003;Placa de Vídeo NVidia;5;3166,63;2090,5;15833,15;5380,65
2025-10-31;Sudeste;Fernanda;Antonia;3003;Placa de Vídeo NVidia;1;2021,67;1132,72;2021,67;888,95
2023-10-31;Nordeste;Daniela;Felipe;9001;Notebook;4;4350,5;3334,86;17402,0;4062,56
2024-11-30;Nordeste;Eduardo;Ciro;3003;Placa de Vídeo NVidia;5;1611,17;1015,31;8055,85;2979,3
2022-11-30;Norte;Bruno;Felipe;9001;Notebook;9;1062,9;641,61;9566,1;3791,61
2025-02-28;Centro-Oeste;Ana;Marisa;3003;Placa de Vídeo NVidia;7;3897,42;2182,17;27281,94;12006,75
2025-04-30;Sudeste;Carlos;Ciro;3003;Placa de Vídeo NVidia;6;3379,5;2325,14;20277,0;6326,16
2025-07-31;Sudeste;Carlos;Antonia;5004;Monitor;3;2116,66;1350,84;6349,98;2297,46
2023-02-28;Nordeste;Eduardo;João;7002;Smartphone;1;3260,91;2490,97;3260,91;769,94
2022-02-28;Sudeste;Ana;Manoela;1005;Headset;7;1200,13;748,62;8400,91;3160,57
2023-08-31;Sudeste;Bruno;Felipe;3003;Placa de Vídeo NVidia;2;1781,36;995,35;3562,72;1572,02
2023-08-31;Norte;Bruno;Ciro;2006;WebCam 4k;9;3782,39;2395,0;34041,51;12486,51
2025-06-30;Sudeste;Fernanda;João;9001;Notebook;6;1930,84;1238,03;11585,04;4156,86
2025-09-30;Nordeste;Bruno;Felipe;7002;Smartphone;5;2205,83;1747,81;11029,15;2290,1
2023-09-30;Norte;Eduardo;Ciro;5004;Monitor;4;1672,33;1329,27;6689,32;1372,24
2024-11-30;Sudeste;Carlos;João;1005;Headset;8;3501,7;2756,14;28013,6;5964,48
2024-08-31;Sudeste;Eduardo;Antonia;1005;Headset;1;2267,9;1685,45;2267,9;582,45
2023-08-31;Sudeste;Fernanda;João;2006;WebCam 4k;7;2145,97;1077,44;15021,79;7479,71
2024-04-30;Sudeste;Ana;Felipe;5004;Monitor;9;4640,52;2646,31;41764,68;17947,89
2025-02-28;Norte;Carlos;Felipe;5004;Monitor;8;4005,55;2896,34;32044,4;8873,68
2024-08-31;Sudeste;Fernanda;Antonia;2006;WebCam 4k;9;4783,07;2668,56;43047,63;19030,59
2022-01-31;Sul;Bruno;Felipe;3003;Placa de Vídeo NVidia;6;4198,39;2856,03;25190,34;8054,16
2025-04-30;Sudeste;Daniela;Felipe;3003;Placa de Vídeo NVidia;1;4173,19;2783,73;4173,19;1389,46
2024-02-29;Nordeste;Daniela;Ciro;2006;WebCam 4k;5;1198,09;845,73;5990,45;1761,8
2024-07-31;Sudeste;Fernanda;Antonia;5004;Monitor;1;1017,91;607,27;1017,91;410,64
2023-07-31;Sul;Fernanda;Antonia;7002;Smartphone;6;3885,9;3089,66;23315,4;4777,44
2022-04-30;Nordeste;Fernanda;Marisa;7002;Smartphone;1;3025,21;2004,27;3025,21;1020,94
2025-08-31;Sudeste;Eduardo;Ciro;2006;WebCam 4k;1;1649,87;1019,84;1649,87;630,03
2024-11-30;Norte;Carlos;Ciro;3003;Placa de Vídeo NVidia;2;1015,34;660,29;2030,68;710,1
2023-06-30;Sul;Ana;Felipe;3003;Placa de Vídeo NVidia;3;4766,63;3079,85;14299,89;5060,34
2024-09-30;Nordeste;Eduardo;Manoela;3003;Placa de Vídeo NVidia;5;1200,38;660,03;6001,9;2701,75
2022-09-30;Norte;Daniela;Antonia;1005;Headset;1;2433,63;1293,57;2433,63;1140,06
2024-01-31;Sul;Eduardo;Antonia;7002;Smartphone;1;2405,7;1651,66;2405,7;754,04
2024-03-31;Sul;Eduardo;Antonia;1005;Headset;6;2379,09;1586,26;14274,54;4756,98
2025-08-31;Centro-Oeste;Ana;Manoela;2006;WebCam 4k;2;1121,19;579,08;2242,38;1084,22
2023-02-28;Sul;Ana;Antonia;9001;Notebook;5;2920,51;2070,81;14602,55;4248,5
2022-07-31;Sudeste;Ana;Ciro;1005;Headset;4;3260,14;2192,85;13040,56;4269,16
2023-07-31;Nordeste;Daniela;Marisa;3003;Placa de Vídeo NVidia;7;4615,38;2413,4;32307,66;15413,86
2024-08-31;Sudeste;Carlos;Manoela;1005;Headset;6;1603,82;1175,94;9622,92;2567,28
2024-05-31;Centro-Oeste;Carlos;Ciro;2006;WebCam 4k;7;2300,58;1447,86;16104,06;5969,04
2024-02-29;Norte;Eduardo;João;5004;Monitor;2;3890,91;2258,4;7781,82;3265,02
2022-09-30;Sudeste;Bruno;Felipe;1005;Headset;6;1517,69;948,61;9106,14;3414,48
2022-07-31;Sudeste;Bruno;Manoela;5004;Monitor;6;969,64;694,51;5817,84;1650,78
2025-02-28;Norte;Fernanda;Manoela;5004;Monitor;9;834,48;660,31;7510,32;1567,53
2024-04-30;Norte;Daniela;João;5004;Monitor;9;931,08;549,42;8379,72;3434,94
2023-05-31;Sudeste;Fernanda;Antonia;5004;Monitor;1;4334,8;3078,09;4334,8;1256,71
2024-06-30;Nordeste;Ana;João;7002;Smartphone;7;3616,07;2328,98;25312,49;9009,63
2025-06-30;Sudeste;Daniela;Felipe;7002;Smartphone;1;4797,44;3679,91;4797,44;1117,53
2023-11-30;Nordeste;Eduardo;Ciro;2006;WebCam 4k;7;3154,15;1782,13;22079,05;9604,14
2023-08-31;Sul;Fernanda;Antonia;2006;WebCam 4k;7;3204,75;2395,2;22433,25;5666,85
2022-03-31;Sudeste;Ana;Manoela;3003;Placa de Vídeo NVidia;9;3999,46;2780,93;35995,14;10966,77
2023-06-30;Norte;Eduardo;Manoela;9001;Notebook;9;721,35;404,72;6492,15;2849,67
2025-08-31;Norte;Ana;João;1005;Headset;8;1690,31;1294,91;13522,48;3163,2
2022-02-28;Sudeste;Fernanda;João;5004;Monitor;8;1499,04;855,73;11992,32;5146,48
2022-06-30;Centro-Oeste;Fernanda;Marisa;2006;WebCam 4k;6;3102,34;1781,53;18614,04;7924,86
2023-04-30;Centro-Oeste;Bruno;Marisa;1005;Headset;2;3315,56;2053,96;6631,12;2523,2
2023-12-31;Sul;Daniela;Manoela;3003;Placa de Vídeo NVidia;4;3348,6;2389,45;13394,4;3836,6
2024-03-31;Sudeste;Bruno;Antonia;2006;WebCam 4k;2;3028,44;1778,59;6056,88;2499,7
2023-07-31;Norte;Eduardo;Antonia;1005;Headset;9;4011,69;2130,1;36105,21;16934,31
2022-03-31;Centro-Oeste;Ana;Felipe;1005;Headset;5;3323,04;2041,26;16615,2;6408,9
2023-06-30;Sul;Bruno;Manoela;3003;Placa de Vídeo NVidia;8;4099,71;2927,18;32797,68;9380,24
2025-06-30;Centro-Oeste;Ana;João;7002;Smartphone;6;4936,29;2771,49;29617,74;12988,8
2024-05-31;Sul;Daniela;Felipe;2006;WebCam 4k;1;3753,51;2901,33;3753,51;852,18
2024-08-31;Nordeste;Bruno;Manoela;9001;Notebook;2;4684,33;3440,77;9368,66;2487,12
2022-05-31;Norte;Fernanda;Marisa;3003;Placa de Vídeo NVidia;9;3862,04;2588,77;34758,36;11459,43
2025-06-30;Sudeste;Ana;Felipe;9001;Notebook;2;3902,14;2818,27;7804,28;2167,74
2024-08-31;Sul;Fernanda;Felipe;7002;Smartphone;2;3704,08;2181,42;7408,16;3045,32
2022-10-31;Centro-Oeste;Fernanda;João;1005;Headset;8;4772,4;3504,3;38179,2;10144,8
2024-11-30;Sudeste;Daniela;João;5004;Monitor;3;4014,44;2173,23;12043,32;5523,63
2022-10-31;Sul;Daniela;Felipe;7002;Smartphone;5;1983,66;1199,66;9918,3;3920,0
2022-04-30;Sul;Fernanda;Felipe;7002;Smartphone;7;4192,89;2755,51;29350,23;10061,66
2025-06-30;Centro-Oeste;Daniela;João;5004;Monitor;4;1938,72;1249,4;7754,88;2757,28
2025-06-30;Nordeste;Ana;João;5004;Monitor;9;4633,5;3658,12;41701,5;8778,42
2022-06-30;Norte;Ana;João;3003;Placa de Vídeo NVidia;4;899,62;466,3;3598,48;1733,28
2022-05-31;Nordeste;Daniela;Antonia;5004;Monitor;7;1747,93;1201,23;12235,51;3826,9
2025-08-31;Norte;Daniela;Ciro;2006;WebCam 4k;2;3319,87;1819,65;6639,74;3000,44
2022-07-31;Sul;Carlos;Marisa;1005;Headset;2;4190,18;2990,87;8380,36;2398,62
2022-02-28;Sudeste;Carlos;Antonia;1005;Headset;6;4024,32;2871,47;24145,92;6917,1
2025-05-31;Centro-Oeste;Daniela;Manoela;7002;Smartphone;7;1808,32;1187,13;12658,24;4348,33
2022-01-31;Sul;Eduardo;João;3003;Placa de Vídeo NVidia;9;909,74;706,27;8187,66;1831,23
2025-06-30;Sul;Daniela;Marisa;2006;WebCam 4k;6;1337,07;724,46;8022,42;3675,66
2023-04-30;Centro-Oeste;Carlos;Ciro;1005;Headset;7;2575,13;2003,54;18025,91;4001,13
2024-03-31;Sul;Bruno;João;1005;Headset;4;2048,7;1157,41;8194,8;3565,16
2023-07-31;Sul;Bruno;Manoela;7002;Smartphone;7;1878,0;1073,1;13146,0;5634,3
2023-04-30;Nordeste;Eduardo;Marisa;1005;Headset;1;4744,4;2653,72;4744,4;2090,68
2024-02-29;Sul;Eduardo;Marisa;1005;Headset;1;2010,03;1297,6;2010,03;712,43
2023-02-28;Nordeste;Bruno;Marisa;5004;Monitor;5;4865,12;2764,7;24325,6;10502,1
2022-02-28;Sul;Carlos;Ciro;9001;Notebook;1;1297,34;665,29;1297,34;632,05
2023-01-31;Sudeste;Ana;Felipe;9001;Notebook;1;2837,96;2080,5;2837,96;757,46
2023-07-31;Nordeste;Ana;Manoela;5004;Monitor;7;3420,84;1865,75;23945,88;10885,63
2023-06-30;Centro-Oeste;Carlos;Manoela;3003;Placa de Vídeo NVidia;3;4315,04;2568,77;12945,12;5238,81
2022-01-31;Nordeste;Bruno;Felipe;5004;Monitor;3;3539,41;1868,28;10618,23;5013,39
2022-09-30;Centro-Oeste;Carlos;João;1005;Headset;8;1674,7;993,84;13397,6;5446,88
2022-11-30;Sul;Daniela;Felipe;1005;Headset;1;1016,13;669,79;1016,13;346,34
2024-06-30;Sul;Ana;Manoela;3003;Placa de Vídeo NVidia;3;1901,48;1137,04;5704,44;2293,32
2022-11-30;Norte;Fernanda;Felipe;9001;Notebook;3;3821,9;2565,37;11465,7;3769,59
2024-03-31;Norte;Ana;Marisa;5004;Monitor;3;4468,16;2490,77;13404,48;5932,17
2023-05-31;Centro-Oeste;Fernanda;Manoela;1005;Headset;4;4724,45;3099,35;18897,8;6500,4
2023-12-31;Sudeste;Ana;Felipe;9001;Notebook;4;1773,41;1255,79;7093,64;2070,48
2023-06-30;Norte;Bruno;Manoela;7002;Smartphone;8;3141,92;1843,1;25135,36;10390,56
2025-07-31;Sul;Eduardo;Marisa;5004;Monitor;2;2425,62;1433,26;4851,24;1984,72
2025-07-31;Sudeste;Carlos;Manoela;3003;Placa de Vídeo NVidia;3;3338,74;2193,06;10016,22;3437,04
2023-08-31;Sul;Carlos;Felipe;7002;Smartphone;8;3582,51;2010,1;28660,08;12579,28
2023-09-30;Norte;Fernanda;Ciro;1005;Headset;9;827,92;461,71;7451,28;3295,89
2023-02-28;Sudeste;Daniela;Manoela;9001;Notebook;9;1517,71;1023,78;13659,39;4445,37
2022-06-30;Sudeste;Fernanda;Ciro;2006;WebCam 4k;8;2287,83;1664,53;18302,64;4986,4
2023-04-30;Norte;Eduardo;Ciro;1005;Headset;2;4358,78;2590,98;8717,56;3535,6
2024-06-30;Nordeste;Bruno;Marisa;5004;Monitor;6;2786,43;2130,7;16718,58;3934,38
2023-04-30;Sul;Fernanda;Manoela;2006;WebCam 4k;1;3661,3;2067,19;3661,3;1594,11
2024-07-31;Norte;Eduardo;Marisa;3003;Placa de Vídeo NVidia;5;4179,38;2961,12;20896,9;6091,3
2024-10-31;Norte;Fernanda;Manoela;2006;WebCam 4k;6;3311,7;2148,89;19870,2;6976,86
2023-08-31;Norte;Eduardo;Antonia;9001;Notebook;4;4537,03;3330,42;18148,12;4826,44
2022-03-31;Sudeste;Fernanda;Ciro;7002;Smartphone;8;1707,16;883,29;13657,28;6590,96
2025-06-30;Sudeste;Daniela;Marisa;3003;Placa de Vídeo NVidia;2;2788,11;1676,06;5576,22;2224,1
2024-03-31;Centro-Oeste;Fernanda;João;1005;Headset;3;1597,69;1184,94;4793,07;1238,25
2022-04-30;Nordeste;Carlos;Marisa;9001;Notebook;2;3149,74;1827,45;6299,48;2644,58
2022-09-30;Centro-Oeste;Fernanda;João;1005;Headset;9;3053,61;2287,8;27482,49;6892,29
2024-05-31;Centro-Oeste;Ana;Ciro;2006;WebCam 4k;2;1648,03;986,36;3296,06;1323,34
2023-07-31;Norte;Daniela;Antonia;5004;Monitor;6;2251,18;1389,11;13507,08;5172,42
2023-07-31;Centro-Oeste;Eduardo;João;9001;Notebook;9;1583,5;1232,0;14251,5;3163,5
2023-12-31;Norte;Eduardo;Ciro;7002;Smartphone;2;1640,07;995,3;3280,14;1289,54
2022-07-31;Norte;Ana;Felipe;1005;Headset;4;2016,79;1602,49;8067,16;1657,2
2022-12-31;Centro-Oeste;Daniela;Ciro;5004;Monitor;1;2086,28;1167,7;2086,28;918,58
2023-12-31;Sul;Eduardo;Marisa;7002;Smartphone;5;4390,44;2891,31;21952,2;7495,65
2023-11-30;Sul;Eduardo;Ciro;5004;Monitor;9;704,02;491,99;6336,18;1908,27
2022-10-31;Sudeste;Carlos;João;2006;WebCam 4k;3;1331,54;723,16;3994,62;1825,14
2024-12-31;Centro-Oeste;Bruno;Felipe;1005;Headset;1;638,92;497,65;638,92;141,27
2022-10-31;Centro-Oeste;Ana;Marisa;7002;Smartphone;6;4581,81;3141,96;27490,86;8639,1
2023-05-31;Norte;Carlos;Felipe;1005;Headset;1;4582,48;2793,05;4582,48;1789,43
2024-10-31;Sudeste;Bruno;Ciro;1005;Headset;1;3015,87;2282,8;3015,87;733,07
2024-08-31;Sudeste;Carlos;Felipe;2006;WebCam 4k;4;1294,65;833,56;5178,6;1844,36
2025-01-31;Nordeste;Carlos;Ciro;5004;Monitor;4;4379,01;2318,87;17516,04;8240,56
2025-01-31;Norte;Carlos;João;3003;Placa de Vídeo NVidia;9;4016,77;2892,53;36150,93;10118,16
2024-01-31;Norte;Eduardo;Manoela;3003;Placa de Vídeo NVidia;4;2771,75;1841,83;11087,0;3719,68
2024-10-31;Nordeste;Fernanda;Marisa;7002;Smartphone;7;2587,54;1579,51;18112,78;7056,21
2024-12-31;Nordeste;Carlos;Ciro;5004;Monitor;1;4989,61;3262,26;4989,61;1727,35
2025-08-31;Centro-Oeste;Eduardo;Marisa;3003;Placa de Vídeo NVidia;6;1782,81;1359,79;10696,86;2538,12
2023-10-31;Norte;Carlos;Marisa;7002;Smartphone;6;4912,76;3662,37;29476,56;7502,34
2023-12-31;Sudeste;Bruno;Felipe;2006;WebCam 4k;4;2888,05;2102,12;11552,2;3143,72
2024-11-30;Sudeste;Ana;Marisa;7002;Smartphone;9;4119,61;2137,73;37076,49;17836,92
2022-08-31;Sudeste;Bruno;Felipe;1005;Headset;7;2401,3;1551,79;16809,1;5946,57
2023-02-28;Norte;Ana;João;1005;Headset;5;2016,43;1370,06;10082,15;3231,85
2022-12-31;Sul;Fernanda;João;2006;WebCam 4k;2;3073,67;2233,21;6147,34;1680,92
2023-08-31;Centro-Oeste;Daniela;Manoela;5004;Monitor;8;2338,51;1788,22;18708,08;4402,32
2025-09-30;Centro-Oeste;Bruno;Felipe;9001;Notebook;7;3032,7;1656,93;21228,9;9630,39
2023-05-31;Sudeste;Carlos;João;7002;Smartphone;9;3342,04;1784,0;30078,36;14022,36
2024-12-31;Centro-Oeste;Bruno;Marisa;1005;Headset;5;3325,2;2481,76;16626,0;4217,2
2025-06-30;Nordeste;Bruno;Marisa;9001;Notebook;2;4821,83;3561,22;9643,66;2521,22
2022-11-30;Centro-Oeste;Fernanda;Ciro;7002;Smartphone;2;1408,79;922,5;2817,58;972,58
2022-06-30;Nordeste;Ana;Felipe;2006;WebCam 4k;8;2185,53;1517,85;17484,24;5341,44
2023-12-31;Centro-Oeste;Carlos;João;7002;Smartphone;7;3316,59;2577,64;23216,13;5172,65
2023-03-31;Norte;Daniela;Felipe;9001;Notebook;1;4844,7;3253,05;4844,7;1591,65
2023-01-31;Centro-Oeste;Carlos;Ciro;5004;Monitor;4;4577,73;3380,07;18310,92;4790,64
2022-03-31;Norte;Ana;Marisa;9001;Notebook;7;4236,19;2420,79;29653,33;12707,8
2024-02-29;Nordeste;Daniela;Felipe;2006;WebCam 4k;2;1451,82;1035,78;2903,64;832,08
2024-12-31;Sudeste;Ana;Felipe;1005;Headset;1;1139,87;824,49;1139,87;315,38
2023-09-30;Centro-Oeste;Fernanda;Marisa;1005;Headset;1;2004,04;1451,17;2004,04;552,87
2025-09-30;Centro-Oeste;Daniela;Ciro;1005;Headset;1;1958,56;1395,46;1958,56;563,1
2022-03-31;Norte;Ana;Antonia;2006;WebCam 4k;9;4535,58;3425,87;40820,22;9987,39
2022-08-31;Centro-Oeste;Daniela;Marisa;1005;Headset;8;663,68;390,65;5309,44;2184,24
2022-06-30;Nordeste;Fernanda;João;1005;Headset;5;586,38;325,59;2931,9;1303,95
2023-12-31;Centro-Oeste;Eduardo;Ciro;3003;Placa de Vídeo NVidia;4;2028,44;1108,19;8113,76;3681,0
2024-11-30;Sul;Eduardo;João;5004;Monitor;1;3644,17;2250,21;3644,17;1393,96
2025-02-28;Norte;Carlos;Marisa;9001;Notebook;7;1922,67;1267,68;13458,69;4584,93
2024-07-31;Sul;Fernanda;Felipe;7002;Smartphone;6;4757,07;2723,25;28542,42;12202,92
2022-04-30;Norte;Ana;Manoela;3003;Placa de Vídeo NVidia;7;4554,13;3617,29;31878,91;6557,88
2022-02-28;Norte;Fernanda;João;2006;WebCam 4k;7;1394,96;948,42;9764,72;3125,78
2022-11-30;Norte;Bruno;Ciro;5004;Monitor;3;578,14;434,83;1734,42;429,93
2024-10-31;Norte;Fernanda;Felipe;3003;Placa de Vídeo NVidia;3;2877,57;2218,45;8632,71;1977,36
2023-08-31;Norte;Bruno;Felipe;7002;Smartphone;1;757,02;421,54;757,02;335,48
2023-04-30;Sul;Eduardo;Marisa;5004;Monitor;6;3156,1;2058,32;18936,6;6586,68
2022-11-30;Nordeste;Daniela;Marisa;5004;Monitor;6;1177,95;653,82;7067,7;3144,78
2025-02-28;Sul;Eduardo;Felipe;1005;Headset;1;2693,03;1790,62;2693,03;902,41
2025-09-30;Sul;Daniela;Marisa;1005;Headset;6;4222,3;2531,8;25333,8;10143,0
2024-03-31;Nordeste;Daniela;João;1005;Headset;3;1630,76;955,32;4892,28;2026,32
2023-11-30;Nordeste;Carlos;Ciro;5004;Monitor;9;2637,26;1792,77;23735,34;7600,41
2025-09-30;Norte;Carlos;Felipe;3003;Placa de Vídeo NVidia;8;2833,98;1747,62;22671,84;8690,88
2022-08-31;Sudeste;Daniela;Ciro;7002;Smartphone;1;1592,3;809,17;1592,3;783,13
2022-02-28;Centro-Oeste;Ana;João;5004;Monitor;8;4065,7;2916,09;32525,6;9196,88
2023-11-30;Centro-Oeste;Daniela;Ciro;2006;WebCam 4k;4;648,28;347,18;2593,12;1204,4
2025-04-30;Nordeste;Eduardo;Antonia;2006;WebCam 4k;6;863,71;615,5;5182,26;1489,26
2023-10-31;Sul;Eduardo;Marisa;5004;Monitor;9;4239,1;2823,03;38151,9;12744,63
2022-12-31;Centro-Oeste;Bruno;Felipe;2006;WebCam 4k;6;1926,43;1403,93;11558,58;3135,0
2024-08-31;Centro-Oeste;Daniela;Manoela;2006;WebCam 4k;2;4054,05;2159,53;8108,1;3789,04
2023-05-31;Norte;Ana;João;5004;Monitor;6;1006,53;613,16;6039,18;2360,22
2024-10-31;Nordeste;Fernanda;João;2006;WebCam 4k;8;2785,12;1991,5;22280,96;6348,96
2025-09-30;Centro-Oeste;Ana;Ciro;3003;Placa de Vídeo NVidia;4;3645,81;2495,7;14583,24;4600,44
2024-05-31;Nordeste;Eduardo;Marisa;5004;Monitor;5;767,92;612,08;3839,6;779,2
2024-04-30;Nordeste;Eduardo;João;3003;Placa de Vídeo NVidia;9;3164,1;2028,42;28476,9;10221,12
2022-08-31;Centro-Oeste;Ana;João;2006;WebCam 4k;1;2137,85;1552,22;2137,85;585,63
2022-12-31;Sudeste;Carlos;Antonia;3003;Placa de Vídeo NVidia;8;1761,77;1275,49;14094,16;3890,24
2023-09-30;Norte;Eduardo;Marisa;3003;Placa de Vídeo NVidia;3;1502,64;1055,46;4507,92;1341,54
2023-10-31;Sudeste;Ana;Marisa;7002;Smartphone;5;2697,35;1896,15;13486,75;4006,0
2025-03-31;Norte;Ana;Ciro;3003;Placa de Vídeo NVidia;1;2049,84;1465,29;2049,84;584,55
2024-10-31;Sul;Ana;Manoela;9001;Notebook;2;3549,21;1832,16;7098,42;3434,1
2024-10-31;Centro-Oeste;Carlos;João;3003;Placa de Vídeo NVidia;5;3134,65;2057,2;15673,25;5387,25
2023-01-31;Norte;Eduardo;Felipe;3003;Placa de Vídeo NVidia;4;1210,59;799,54;4842,36;1644,2
2025-03-31;Norte;Eduardo;Felipe;1005;Headset;7;1863,82;1301,02;13046,74;3939,6
2024-08-31;Norte;Eduardo;Antonia;2006;WebCam 4k;5;2934,14;1693,93;14670,7;6201,05
2022-11-30;Sul;Fernanda;João;9001;Notebook;1;3384,29;2012,98;3384,29;1371,31
2022-12-31;Norte;Bruno;Ciro;7002;Smartphone;8;2974,58;2032,09;23796,64;7539,92
2025-01-31;Sudeste;Carlos;Antonia;9001;Notebook;1;1349,53;961,23;1349,53;388,3
2022-02-28;Norte;Bruno;Marisa;7002;Smartphone;6;3421,92;2610,25;20531,52;4870,02
2025-05-31;Norte;Ana;Manoela;5004;Monitor;2;1317,49;696,48;2634,98;1242,02
2022-10-31;Norte;Fernanda;Felipe;2006;WebCam 4k;7;1020,51;687,94;7143,57;2327,99
2024-02-29;Centro-Oeste;Bruno;João;3003;Placa de Vídeo NVidia;9;1009,33;723,19;9083,97;2575,26
2025-05-31;Nordeste;Daniela;Marisa;7002;Smartphone;7;3173,74;2349,68;22216,18;5768,42
2022-10-31;Norte;Ana;Marisa;1005;Headset;9;2323,15;1351,84;20908,35;8741,79
2025-04-30;Centro-Oeste;Fernanda;Marisa;1005;Headset;5;1656,15;976,39;8280,75;3398,8
2024-10-31;Centro-Oeste;Eduardo;Ciro;3003;Placa de Vídeo NVidia;2;742,98;400,16;1485,96;685,64
2024-11-30;Sudeste;Bruno;Antonia;1005;Headset;2;2878,12;2081,97;5756,24;1592,3
2024-02-29;Centro-Oeste;Carlos;João;7002;Smartphone;4;2931,65;1742,93;11726,6;4754,88
2025-01-31;Sul;Ana;João;5004;Monitor;4;3806,07;2274,27;15224,28;6127,2
2025-03-31;Sul;Ana;Marisa;9001;Notebook;5;2507,53;1663,95;12537,65;4217,9
2022-02-28;Nordeste;Bruno;Ciro;1005;Headset;5;3513,53;2802,43;17567,65;3555,5
2023-03-31;Centro-Oeste;Bruno;Felipe;3003;Placa de Vídeo NVidia;6;4321,12;2237,68;25926,72;12500,64
2022-10-31;Nordeste;Carlos;Marisa;9001;Notebook;5;3231,04;2485,42;16155,2;3728,1
2024-04-30;Centro-Oeste;Carlos;Manoela;9001;Notebook;6;4872,21;3213,34;29233,26;9953,22
2024-12-31;Norte;Fernanda;Manoela;2006;WebCam 4k;3;3827,9;1934,62;11483,7;5679,84
2024-04-30;Sul;Eduardo;Marisa;9001;Notebook;9;1940,23;1307,1;17462,07;5698,17
2023-08-31;Norte;Daniela;João;9001;Notebook;7;3239,55;2486,44;22676,85;5271,77
2022-03-31;Nordeste;Bruno;Marisa;3003;Placa de Vídeo NVidia;4;3377,95;1889,86;13511,8;5952,36
2025-04-30;Nordeste;Eduardo;Antonia;7002;Smartphone;4;2315,08;1363,08;9260,32;3808,0
2025-08-31;Sudeste;Fernanda;Felipe;1005;Headset;3;1215,32;959,81;3645,96;766,53
2024-08-31;Nordeste;Carlos;Manoela;2006;WebCam 4k;8;1789,62;1130,07;14316,96;5276,4
2025-09-30;Centro-Oeste;Eduardo;Marisa;7002;Smartphone;9;954,27;482,12;8588,43;4249,35
2024-09-30;Sul;Daniela;Felipe;5004;Monitor;1;922,2;678,17;922,2;244,03
2025-08-31;Nordeste;Eduardo;Antonia;2006;WebCam 4k;1;2432,05;1391,41;2432,05;1040,64
2024-01-31;Sudeste;Carlos;Antonia;9001;Notebook;9;2921,31;1624,16;26291,79;11674,35
2025-10-31;Centro-Oeste;Eduardo;Marisa;7002;Smartphone;6;950,12;546,06;5700,72;2424,36
2025-07-31;Nordeste;Eduardo;Marisa;2006;WebCam 4k;9;693,31;393,94;6239,79;2694,33
2023-01-31;Sudeste;Bruno;Antonia;7002;Smartphone;9;4124,75;2993,76;37122,75;10178,91
2025-02-28;Sul;Daniela;Felipe;5004;Monitor;8;509,13;282,71;4073,04;1811,36
2022-12-31;Sudeste;Daniela;Manoela;1005;Headset;3;4599,87;3069,1;13799,61;4592,31
2025-06-30;Sul;Bruno;Antonia;9001;Notebook;2;2822,89;2232,77;5645,78;1180,24
2025-10-31;Sudeste;Carlos;Marisa;3003;Placa de Vídeo NVidia;5;2625,38;1688,83;13126,9;4682,75
2022-10-31;Sudeste;Carlos;Ciro;5004;Monitor;8;1461,1;893,17;11688,8;4543,44
2025-05-31;Centro-Oeste;Ana;Marisa;2006;WebCam 4k;7;2065,66;1159,3;14459,62;6344,52
2024-03-31;Sudeste;Daniela;Manoela;3003;Placa de Vídeo NVidia;7;4634,43;2667,11;32441,01;13771,24
2022-01-31;Nordeste;Fernanda;João;2006;WebCam 4k;1;3689,63;2335,76;3689,63;1353,87
2022-05-31;Centro-Oeste;Ana;João;7002;Smartphone;5;3970,72;3126,52;19853,6;4221,0
2024-06-30;Nordeste;Carlos;Antonia;7002;Smartphone;8;3827,33;2402,84;30618,64;11395,92
2023-07-31;Sul;Carlos;Antonia;2006;WebCam 4k;2;2499,75;1800,01;4999,5;1399,48
2023-06-30;Norte;Daniela;Ciro;2006;WebCam 4k;6;1687,1;1206,87;10122,6;2881,38
2022-02-28;Norte;Bruno;Antonia;2006;WebCam 4k;3;4801,47;2524,0;14404,41;6832,41
2022-05-31;Nordeste;Fernanda;Marisa;3003;Placa de Vídeo NVidia;9;1282,66;689,71;11543,94;5336,55
2024-06-30;Centro-Oeste;Daniela;Manoela;7002;Smartphone;2;3384,77;2281,96;6769,54;2205,62
2025-08-31;Centro-Oeste;Carlos;Manoela;2006;WebCam 4k;4;3244,41;2112,82;12977,64;4526,36
2024-09-30;Nordeste;Eduardo;Antonia;2006;WebCam 4k;7;3768,02;2798,56;26376,14;6786,22
2022-01-31;Sul;Bruno;Marisa;1005;Headset;7;4814,79;2754,83;33703,53;14419,72
2022-09-30;Sudeste;Fernanda;Manoela;1005;Headset;9;1252,0;730,06;11268,0;4697,46
2023-04-30;Norte;Eduardo;Marisa;2006;WebCam 4k;7;1598,3;974,48;11188,1;4366,74
2024-08-31;Nordeste;Carlos;Antonia;2006;WebCam 4k;4;2178,49;1668,89;8713,96;2038,4
2024-06-30;Norte;Bruno;Antonia;3003;Placa de Vídeo NVidia;6;969,63;728,54;5817,78;1446,54
2023-05-31;Centro-Oeste;Daniela;Manoela;1005;Headset;3;3870,3;3087,78;11610,9;2347,56
2023-02-28;Sudeste;Daniela;Marisa;3003;Placa de Vídeo NVidia;2;1655,06;920,17;3310,12;1469,78
2024-08-31;Sudeste;Eduardo;Marisa;7002;Smartphone;9;2753,03;1554,17;24777,27;10789,74
2022-08-31;Norte;Ana;João;9001;Notebook;7;4177,48;2791,47;29242,36;9702,07
2022-08-31;Nordeste;Daniela;Ciro;1005;Headset;2;3953,58;2001,32;7907,16;3904,52
2024-03-31;Sudeste;Carlos;Manoela;2006;WebCam 4k;2;3663,91;2397,12;7327,82;2533,58
2024-08-31;Sul;Eduardo;Ciro;5004;Monitor;4;2964,27;1869,37;11857,08;4379,6
2025-04-30;Sudeste;Eduardo;Marisa;7002;Smartphone;9;4432,66;2376,88;39893,94;18502,02
2022-01-31;Centro-Oeste;Bruno;Antonia;5004;Monitor;2;2843,22;1442,67;5686,44;2801,1
2024-08-31;Sudeste;Ana;Felipe;9001;Notebook;3;3360,47;1825,23;10081,41;4605,72
2024-04-30;Nordeste;Carlos;João;2006;WebCam 4k;9;1624,39;983,72;14619,51;5766,03
2024-02-29;Centro-Oeste;Bruno;Manoela;3003;Placa de Vídeo NVidia;7;4540,76;3489,26;31785,32;7360,5
2023-11-30;Nordeste;Eduardo;Marisa;3003;Placa de Vídeo NVidia;6;628,33;336,56;3769,98;1750,62
2022-03-31;Sul;Bruno;Ciro;7002;Smartphone;3;2697,47;1722,05;8092,41;2926,26
2024-05-31;Sudeste;Bruno;Marisa;9001;Notebook;2;3539,99;2085,5;7079,98;2908,98
2024-11-30;Nordeste;Eduardo;Manoela;5004;Monitor;8;4806,35;2443,87;38450,8;18899,84
2022-11-30;Nordeste;Bruno;João;1005;Headset;1;4974,32;3641,97;4974,32;1332,35
2024-01-31;Sul;Carlos;Manoela;3003;Placa de Vídeo NVidia;9;1965,12;1490,85;17686,08;4268,43
2022-02-28;Norte;Carlos;Marisa;7002;Smartphone;4;4607,86;2321,12;18431,44;9146,96
2025-09-30;Nordeste;Bruno;Marisa;1005;Headset;6;3527,37;2790,47;21164,22;4421,4
2023-04-30;Sudeste;Ana;Antonia;7002;Smartphone;9;2562,46;1574,88;23062,14;8888,22
2022-05-31;Centro-Oeste;Fernanda;Manoela;7002;Smartphone;6;3097,67;1714,93;18586,02;8296,44
2024-12-31;Sudeste;Eduardo;Marisa;3003;Placa de Vídeo NVidia;9;3141,13;2175,52;28270,17;8690,49
2023-07-31;Sul;Fernanda;Felipe;3003;Placa de Vídeo NVidia;4;3837,33;2608,15;15349,32;4916,72
2022-08-31;Sudeste;Carlos;Ciro;2006;WebCam 4k;6;2412,66;1690,65;14475,96;4332,06
2024-08-31;Norte;Eduardo;Ciro;3003;Placa de Vídeo NVidia;3;528,95;293,71;1586,85;705,72
2022-06-30;Sudeste;Ana;João;7002;Smartphone;4;1760,57;922,03;7042,28;3354,16
2024-11-30;Norte;Fernanda;Antonia;5004;Monitor;1;3191,02;2457,69;3191,02;733,33
2024-03-31;Norte;Eduardo;Felipe;7002;Smartphone;8;3979,33;3044,86;31834,64;7475,76
2023-06-30;Norte;Daniela;Ciro;5004;Monitor;8;748,57;549,83;5988,56;1589,92
2025-02-28;Nordeste;Fernanda;Felipe;7002;Smartphone;8;3210,45;2225,7;25683,6;7878,0
2022-09-30;Nordeste;Daniela;Felipe;2006;WebCam 4k;3;4611,43;2990,6;13834,29;4862,49
2023-04-30;Centro-Oeste;Carlos;Manoela;5004;Monitor;2;1053,25;542,43;2106,5;1021,64
2025-05-31;Nordeste;Daniela;Felipe;7002;Smartphone;7;4641,24;2603,79;32488,68;14262,15
2023-07-31;Nordeste;Ana;Ciro;2006;WebCam 4k;4;1919,33;972,12;7677,32;3788,84
2024-03-31;Norte;Daniela;Manoela;7002;Smartphone;9;4256,54;3068,5;38308,86;10692,36
2022-09-30;Centro-Oeste;Daniela;Manoela;5004;Monitor;9;3217,99;2345,48;28961,91;7852,59
2025-09-30;Sul;Carlos;Manoela;1005;Headset;3;3105,62;2114,74;9316,86;2972,64
2022-08-31;Centro-Oeste;Ana;Manoela;7002;Smartphone;6;2659,41;1539,1;15956,46;6721,86
2024-01-31;Sudeste;Ana;Felipe;5004;Monitor;5;4468,27;3426,95;22341,35;5206,6
2023-09-30;Nordeste;Bruno;Marisa;5004;Monitor;7;2791,66;1912,12;19541,62;6156,78
2022-05-31;Nordeste;Carlos;João;2006;WebCam 4k;5;1205,17;819,44;6025,85;1928,65
2022-11-30;Sul;Fernanda;Ciro;5004;Monitor;1;1701,45;1166,9;1701,45;534,55
2024-11-30;Sudeste;Carlos;Ciro;7002;Smartphone;1;4412,55;3184,46;4412,55;1228,09
2024-09-30;Sul;Ana;Antonia;1005;Headset;9;4536,76;2333,37;40830,84;19830,51
2025-10-31;Sul;Eduardo;Felipe;2006;WebCam 4k;7;1654,09;1173,31;11578,63;3365,46
2024-04-30;Sudeste;Fernanda;Manoela;2006;WebCam 4k;4;2820,99;2122,36;11283,96;2794,52
2024-07-31;Sudeste;Daniela;Ciro;9001;Notebook;1;2993,36;2213,21;2993,36;780,15
2024-03-31;Sul;Ana;Antonia;5004;Monitor;2;1246,21;642,3;2492,42;1207,82
2024-04-30;Sul;Ana;Antonia;1005;Headset;3;864,97;583,87;2594,91;843,3
2022-04-30;Sudeste;Ana;Manoela;7002;Smartphone;7;2489,06;1782,48;17423,42;4946,06
2023-05-31;Nordeste;Eduardo;Antonia;2006;WebCam 4k;3;3263,14;1870,11;9789,42;4179,09
2022-04-30;Centro-Oeste;Carlos;Antonia;7002;Smartphone;3;3716,98;2246,77;11150,94;4410,63
2024-10-31;Sudeste;Daniela;Antonia;3003;Placa de Vídeo NVidia;1;2091,51;1077,85;2091,51;1013,66
2023-06-30;Norte;Fernanda;Ciro;2006;WebCam 4k;3;1056,84;781,62;3170,52;825,66
2025-04-30;Nordeste;Ana;Marisa;3003;Placa de Vídeo NVidia;6;4926,05;3699,59;29556,3;7358,76
2022-02-28;Nordeste;Daniela;Felipe;5004;Monitor;8;675,74;489,86;5405,92;1487,04
2023-02-28;Nordeste;Fernanda;Felipe;9001;Notebook;3;4041,43;2569,35;12124,29;4416,24
2023-08-31;Sul;Fernanda;Antonia;9001;Notebook;2;3342,94;2560,89;6685,88;1564,1
2023-11-30;Centro-Oeste;Ana;João;5004;Monitor;6;1808,78;1209,85;10852,68;3593,58
2023-11-30;Sul;Carlos;Ciro;7002;Smartphone;8;3951,89;2216,19;31615,12;13885,6
2025-10-31;Sul;Fernanda;Antonia;5004;Monitor;2;4610,18;3673,38;9220,36;1873,6
2023-07-31;Nordeste;Fernanda;Felipe;5004;Monitor;1;3848,46;2334,79;3848,46;1513,67
2025-08-31;Centro-Oeste;Fernanda;João;5004;Monitor;9;2904,04;1894,51;26136,36;9085,77
2022-09-30;Centro-Oeste;Eduardo;Felipe;3003;Placa de Vídeo NVidia;7;3418,14;1944,25;23926,98;10317,23
2024-06-30;Centro-Oeste;Daniela;Antonia;7002;Smartphone;3;2834,42;1512,46;8503,26;3965,88
2023-10-31;Sul;Ana;João;2006;WebCam 4k;1;3093,63;2147,44;3093,63;946,19
2023-03-31;Norte;Fernanda;Felipe;1005;Headset;4;2930,66;1534,96;11722,64;5582,8
2024-06-30;Sul;Bruno;João;2006;WebCam 4k;1;4714,79;2583,49;4714,79;2131,3
2025-10-31;Nordeste;Daniela;Marisa;5004;Monitor;7;1124,85;722,19;7873,95;2818,62
2025-01-31;Norte;Fernanda;Ciro;2006;WebCam 4k;4;2735,15;2118,23;10940,6;2467,68
2025-03-31;Centro-Oeste;Fernanda;Manoela;7002;Smartphone;5;1295,5;943,5;6477,5;1760,0
2024-11-30;Nordeste;Bruno;Marisa;7002;Smartphone;6;913,53;556,1;5481,18;2144,58
2025-02-28;Centro-Oeste;Bruno;Manoela;5004;Monitor;5;633,26;405,84;3166,3;1137,1
2024-12-31;Nordeste;Daniela;Marisa;7002;Smartphone;3;4442,88;2646,39;13328,64;5389,47
2024-07-31;Norte;Eduardo;Ciro;3003;Placa de Vídeo NVidia;5;3314,69;2080,47;16573,45;6171,1
2025-09-30;Sul;Carlos;Manoela;2006;WebCam 4k;2;2218,75;1163,89;4437,5;2109,72
2022-03-31;Sul;Eduardo;João;9001;Notebook;2;889,99;577,51;1779,98;624,96
2025-06-30;Centro-Oeste;Eduardo;João;1005;Headset;9;2545,96;1664,16;22913,64;7936,2
2023-05-31;Nordeste;Eduardo;Ciro;1005;Headset;7;4081,1;3105,99;28567,7;6825,77
2024-06-30;Centro-Oeste;Daniela;Manoela;1005;Headset;3;3533,92;2122,97;10601,76;4232,85
2022-03-31;Centro-Oeste;Bruno;Manoela;3003;Placa de Vídeo NVidia;4;3209,41;2258,14;12837,64;3805,08
2022-09-30;Centro-Oeste;Ana;Manoela;9001;Notebook;6;2206,02;1233,05;13236,12;5837,82
2023-06-30;Sudeste;Daniela;Antonia;5004;Monitor;3;2394,16;1584,04;7182,48;2430,36
2024-08-31;Centro-Oeste;Bruno;Felipe;5004;Monitor;7;1734,88;1171,19;12144,16;3945,83
2022-03-31;Nordeste;Carlos;Antonia;1005;Headset;7;4462,17;3436,97;31235,19;7176,4
2022-08-31;Sul;Bruno;Ciro;7002;Smartphone;5;1625,38;887,37;8126,9;3690,05
2022-07-31;Norte;Eduardo;Manoela;2006;WebCam 4k;6;1596,04;848,74;9576,24;4483,8
2024-09-30;Centro-Oeste;Bruno;Marisa;2006;WebCam 4k;3;503,81;345,47;1511,43;475,02
2023-07-31;Sul;Carlos;João;9001;Notebook;7;2332,31;1858,36;16326,17;3317,65
2025-02-28;Sudeste;Carlos;Marisa;1005;Headset;1;3299,01;2063,6;3299,01;1235,41
2025-09-30;Sudeste;Carlos;Manoela;2006;WebCam 4k;2;1344,47;730,99;2688,94;1226,96
2025-06-30;Nordeste;Daniela;Felipe;7002;Smartphone;3;3315,3;2153,57;9945,9;3485,19
2025-02-28;Nordeste;Eduardo;Marisa;3003;Placa de Vídeo NVidia;1;2189,69;1614,11;2189,69;575,58
2024-09-30;Nordeste;Ana;Marisa;3003;Placa de Vídeo NVidia;1;2421,36;1670,05;2421,36;751,31
2023-06-30;Norte;Daniela;Manoela;9001;Notebook;8;2635,49;1914,28;21083,92;5769,68
2024-03-31;Centro-Oeste;Eduardo;Manoela;5004;Monitor;1;3249,81;1809,46;3249,81;1440,35
2025-10-31;Sudeste;Eduardo;João;7002;Smartphone;5;3245,96;1760,34;16229,8;7428,1
2023-10-31;Sul;Daniela;Antonia;2006;WebCam 4k;1;3163,41;1809,76;3163,41;1353,65
2022-06-30;Norte;Ana;João;5004;Monitor;1;4857,97;2461,13;4857,97;2396,84
2022-04-30;Norte;Eduardo;Antonia;5004;Monitor;1;4672,02;3489,87;4672,02;1182,15
2024-11-30;Norte;Ana;Marisa;1005;Headset;3;2017,45;1158,51;6052,35;2576,82
2022-06-30;Sul;Ana;Marisa;1005;Headset;7;1164,45;780,97;8151,15;2684,36
2024-10-31;Sudeste;Eduardo;Felipe;5004;Monitor;2;3070,35;2308,08;6140,7;1524,54
2024-12-31;Sudeste;Bruno;Felipe;3003;Placa de Vídeo NVidia;7;1108,31;788,31;7758,17;2240,0
2025-03-31;Centro-Oeste;Eduardo;Manoela;2006;WebCam 4k;4;1474,42;839,1;5897,68;2541,28
2025-06-30;Sudeste;Daniela;João;3003;Placa de Vídeo NVidia;4;2604,24;1750,15;10416,96;3416,36
2023-02-28;Sudeste;Eduardo;Marisa;2006;WebCam 4k;2;3197,57;2138,36;6395,14;2118,42
2023-02-28;Sudeste;Daniela;Marisa;3003;Placa de Vídeo NVidia;8;4067,24;2513,19;32537,92;12432,4
2022-10-31;Norte;Bruno;Manoela;9001;Notebook;5;1281,15;977,17;6405,75;1519,9
2025-09-30;Centro-Oeste;Daniela;Marisa;7002;Smartphone;6;4237,82;2578,96;25426,92;9953,16
2024-01-31;Sul;Carlos;Antonia;1005;Headset;2;4134,17;2320,26;8268,34;3627,82
2025-01-31;Nordeste;Fernanda;Manoela;1005;Headset;9;862,99;443,11;7766,91;3778,92
2022-09-30;Sul;Bruno;Felipe;1005;Headset;9;1307,56;716,92;11768,04;5315,76
2023-04-30;Sul;Bruno;Antonia;2006;WebCam 4k;2;1676,82;905,35;3353,64;1542,94
2023-11-30;Sul;Eduardo;Manoela;9001;Notebook;7;2267,02;1761,67;15869,14;3537,45
2023-09-30;Sudeste;Bruno;Marisa;7002;Smartphone;4;2650,44;1753,03;10601,76;3589,64
2024-06-30;Sul;Ana;Felipe;2006;WebCam 4k;6;3421,91;2141,74;20531,46;7681,02
2025-10-31;Centro-Oeste;Carlos;Ciro;3003;Placa de Vídeo NVidia;7;3608,32;2491,16;25258,24;7820,12
2025-04-30;Norte;Daniela;Ciro;2006;WebCam 4k;3;2060,85;1375,21;6182,55;2056,92
2024-09-30;Sul;Eduardo;Marisa;5004;Monitor;7;964,34;624,63;6750,38;2377,97
2022-04-30;Centro-Oeste;Fernanda;Ciro;3003;Placa de Vídeo NVidia;3;3505,5;2617,45;10516,5;2664,15
2023-09-30;Norte;Bruno;Manoela;2006;WebCam 4k;7;521,74;308,98;3652,18;1489,32
2024-03-31;Centro-Oeste;Eduardo;Ciro;7002;Smartphone;5;1777,96;1199,51;8889,8;2892,25
2022-02-28;Sudeste;Bruno;Marisa;2006;WebCam 4k;2;1584,46;1257,73;3168,92;653,46
2024-11-30;Sudeste;Eduardo;João;9001;Notebook;8;3291,2;1906,86;26329,6;11074,72
2025-08-31;Norte;Ana;Ciro;9001;Notebook;7;4880,84;3365,84;34165,88;10605,0
2024-05-31;Norte;Eduardo;Felipe;2006;WebCam 4k;2;1612,2;1015,78;3224,4;1192,84
2022-10-31;Sudeste;Carlos;João;1005;Headset;3;1517,47;887,53;4552,41;1889,82
2022-04-30;Centro-Oeste;Fernanda;Felipe;3003;Placa de Vídeo NVidia;2;4516,9;2532,0;9033,8;3969,8
2023-09-30;Centro-Oeste;Carlos;Antonia;1005;Headset;9;3937,69;2566,39;35439,21;12341,7
2022-09-30;Centro-Oeste;Eduardo;Antonia;5004;Monitor;9;810,7;480,93;7296,3;2967,93
2022-03-31;Sudeste;Carlos;Marisa;2006;WebCam 4k;6;3968,28;2617,61;23809,68;8104,02
2022-12-31;Sudeste;Fernanda;João;5004;Monitor;4;703,83;381,07;2815,32;1291,04
2023-01-31;Nordeste;Ana;Manoela;1005;Headset;6;4041,62;2841,6;24249,72;7200,12
2023-08-31;Sul;Eduardo;Marisa;1005;Headset;9;3645,83;2715,13;32812,47;8376,3
2024-08-31;Norte;Daniela;Manoela;9001;Notebook;2;2681,42;1345,36;5362,84;2672,12
2023-07-31;Sul;Eduardo;Antonia;7002;Smartphone;7;4791,05;2803,62;33537,35;13912,01
2024-06-30;Sul;Daniela;Marisa;9001;Notebook;8;4943,51;3563,7;39548,08;11038,48
2025-07-31;Sul;Ana;João;9001;Notebook;3;1606,13;1261,28;4818,39;1034,55
2024-03-31;Sudeste;Ana;Ciro;1005;Headset;4;2424,99;1660,84;9699,96;3056,6
2022-04-30;Sul;Daniela;João;7002;Smartphone;6;980,32;515,56;5881,92;2788,56
2025-01-31;Sul;Eduardo;Manoela;1005;Headset;5;981,3;633,79;4906,5;1737,55
2023-02-28;Sudeste;Daniela;Marisa;2006;WebCam 4k;7;4877,07;3345,44;34139,49;10721,41
2025-05-31;Nordeste;Fernanda;João;5004;Monitor;2;4209,34;3021,87;8418,68;2374,94
2022-07-31;Norte;Bruno;Manoela;5004;Monitor;8;2618,75;1715,69;20950,0;7224,48
2022-03-31;Sul;Ana;Antonia;5004;Monitor;4;1515,86;1012,85;6063,44;2012,04
2024-02-29;Norte;Daniela;Felipe;9001;Notebook;8;1662,29;1272,7;13298,32;3116,72
2025-02-28;Nordeste;Eduardo;Antonia;2006;WebCam 4k;8;4451,48;2352,52;35611,84;16791,68
2022-04-30;Centro-Oeste;Daniela;Felipe;7002;Smartphone;9;1631,15;982,22;14680,35;5840,37
2025-10-31;Centro-Oeste;Bruno;João;7002;Smartphone;7;3680,94;2094,33;25766,58;11106,27
2024-10-31;Sudeste;Fernanda;Ciro;5004;Monitor;3;3485,69;1896,79;10457,07;4766,7
2023-11-30;Norte;Eduardo;Marisa;9001;Notebook;1;2950,54;2079,91;2950,54;870,63
2025-09-30;Sul;Ana;Antonia;3003;Placa de Vídeo NVidia;6;2664,07;1673,4;15984,42;5944,02
2023-11-30;Nordeste;Ana;João;9001;Notebook;7;629,12;433,88;4403,84;1366,68
2024-02-29;Norte;Bruno;Manoela;1005;Headset;3;3166,71;2495,34;9500,13;2014,11
2023-05-31;Centro-Oeste;Bruno;Felipe;3003;Placa de Vídeo NVidia;9;1857,91;1026,26;16721,19;7484,85
2023-05-31;Centro-Oeste;Ana;Antonia;1005;Headset;5;4268,36;3165,87;21341,8;5512,45
2022-05-31;Nordeste;Eduardo;Antonia;1005;Headset;1;4845,23;3565,43;4845,23;1279,8
2023-08-31;Norte;Bruno;Manoela;9001;Notebook;8;3738,82;2101,73;29910,56;13096,72
2023-10-31;Sudeste;Fernanda;Manoela;5004;Monitor;9;2426,99;1838,46;21842,91;5296,77
2024-05-31;Sudeste;Eduardo;Felipe;3003;Placa de Vídeo NVidia;2;3602,8;2881,51;7205,6;1442,58
2024-05-31;Sul;Daniela;Ciro;1005;Headset;5;3604,8;2468,1;18024,0;5683,5
2023-09-30;Centro-Oeste;Daniela;Marisa;1005;Headset;6;979,31;750,93;5875,86;1370,28
2024-10-31;Norte;Carlos;Antonia;2006;WebCam 4k;7;3273,8;1931,68;22916,6;9394,84
2024-02-29;Norte;Eduardo;João;5004;Monitor;5;2832,2;2238,45;14161,0;2968,75
2025-01-31;Nordeste;Ana;Antonia;2006;WebCam 4k;4;3827,55;1935,0;15310,2;7570,2
2024-06-30;Norte;Fernanda;Manoela;1005;Headset;4;4856,03;2923,48;19424,12;7730,2
2024-01-31;Nordeste;Fernanda;Antonia;2006;WebCam 4k;2;3540,82;2711,83;7081,64;1657,98
2024-07-31;Norte;Daniela;Antonia;3003;Placa de Vídeo NVidia;3;2225,56;1732,5;6676,68;1479,18
2024-06-30;Norte;Carlos;João;1005;Headset;6;4739,72;3009,63;28438,32;10380,54
2022-03-31;Norte;Eduardo;Antonia;5004;Monitor;9;3451,42;2051,65;31062,78;12597,93
2024-06-30;Sul;Daniela;Felipe;2006;WebCam 4k;6;3006,86;2235,05;18041,16;4630,86
2025-08-31;Norte;Carlos;Antonia;7002;Smartphone;7;1972,0;1112,59;13804,0;6015,87
2025-05-31;Nordeste;Fernanda;Manoela;9001;Notebook;5;4137,57;2220,03;20687,85;9587,7
2022-10-31;Nordeste;Bruno;Felipe;3003;Placa de Vídeo NVidia;6;3439,63;2603,85;20637,78;5014,68
2024-06-30;Sul;Carlos;Ciro;5004;Monitor;9;658,97;509,41;5930,73;1346,04
2025-07-31;Centro-Oeste;Eduardo;Manoela;7002;Smartphone;5;2346,67;1305,23;11733,35;5207,2
2024-01-31;Centro-Oeste;Eduardo;Ciro;7002;Smartphone;3;3540,37;2087,82;10621,11;4357,65
2025-02-28;Nordeste;Ana;João;1005;Headset;5;2084,58;1438,53;10422,9;3230,25
2024-12-31;Sudeste;Bruno;Antonia;7002;Smartphone;8;1235,33;809,84;9882,64;3403,92
2024-07-31;Centro-Oeste;Bruno;Felipe;7002;Smartphone;5;4942,01;3112,06;24710,05;9149,75
2024-11-30;Sudeste;Eduardo;Antonia;5004;Monitor;1;1544,52;1070,75;1544,52;473,77
2023-12-31;Nordeste;Daniela;Marisa;5004;Monitor;2;2148,57;1260,31;4297,14;1776,52
2022-02-28;Sul;Bruno;Marisa;7002;Smartphone;7;2916,02;1591,21;20412,14;9273,67
2025-06-30;Nordeste;Carlos;Antonia;2006;WebCam 4k;4;595,86;380,41;2383,44;861,8
2024-08-31;Sul;Daniela;Antonia;5004;Monitor;7;4940,08;3249,19;34580,56;11836,23
2022-09-30;Norte;Bruno;Ciro;3003;Placa de Vídeo NVidia;5;715,88;468,01;3579,4;1239,35
2024-07-31;Norte;Fernanda;Manoela;3003;Placa de Vídeo NVidia;2;4904,51;2858,92;9809,02;4091,18
2022-04-30;Sul;Carlos;Antonia;1005;Headset;1;4201,83;2670,18;4201,83;1531,65
2023-09-30;Norte;Bruno;Felipe;7002;Smartphone;1;2770,77;1925,31;2770,77;845,46
2023-01-31;Sul;Eduardo;Antonia;1005;Headset;6;1328,29;789,17;7969,74;3234,72
2024-08-31;Sudeste;Fernanda;Marisa;5004;Monitor;1;3136,34;1844,39;3136,34;1291,95
2023-06-30;Centro-Oeste;Carlos;Antonia;1005;Headset;9;4853,8;2826,9;43684,2;18242,1
2024-06-30;Nordeste;Daniela;Marisa;3003;Placa de Vídeo NVidia;3;3948,5;2376,83;11845,5;4715,01
2025-05-31;Sudeste;Bruno;Marisa;5004;Monitor;8;4785,06;3188,36;38280,48;12773,6
2022-11-30;Centro-Oeste;Eduardo;Ciro;5004;Monitor;2;2571,71;1348,46;5143,42;2446,5
2023-07-31;Nordeste;Ana;João;1005;Headset;3;1743,22;924,97;5229,66;2454,75
2023-09-30;Sul;Eduardo;Manoela;2006;WebCam 4k;2;4321,02;2683,66;8642,04;3274,72
2023-01-31;Nordeste;Ana;Antonia;3003;Placa de Vídeo NVidia;2;2396,55;1418,91;4793,1;1955,28
2023-04-30;Norte;Eduardo;Antonia;1005;Headset;5;1851,56;1118,97;9257,8;3662,95
2025-07-31;Nordeste;Fernanda;Marisa;2006;WebCam 4k;2;2339,2;1743,85;4678,4;1190,7
2025-05-31;Sul;Fernanda;Antonia;5004;Monitor;1;2708,47;1937,0;2708,47;771,47
2024-08-31;Nordeste;Fernanda;Felipe;3003;Placa de Vídeo NVidia;8;4110,74;3194,67;32885,92;7328,56
2022-07-31;Norte;Fernanda;Ciro;3003;Placa de Vídeo NVidia;1;903,29;683,33;903,29;219,96
2022-08-31;Norte;Carlos;Manoela;5004;Monitor;5;3147,54;1710,95;15737,7;7182,95
2023-12-31;Centro-Oeste;Eduardo;Marisa;1005;Headset;2;571,85;381,78;1143,7;380,14
2025-06-30;Norte;Bruno;Marisa;2006;WebCam 4k;5;2983,78;1613,65;14918,9;6850,65
2024-09-30;Sul;Carlos;Marisa;1005;Headset;7;1253,57;932,72;8774,99;2245,95
2025-04-30;Centro-Oeste;Carlos;Felipe;1005;Headset;5;3518,92;2632,09;17594,6;4434,15
2024-01-31;Nordeste;Bruno;João;2006;WebCam 4k;4;4341,48;2298,76;17365,92;8170,88
2022-08-31;Centro-Oeste;Ana;Marisa;1005;Headset;4;4689,92;2535,46;18759,68;8617,84
2023-05-31;Centro-Oeste;Daniela;Ciro;1005;Headset;3;4560,44;3124,08;13681,32;4309,08
2023-03-31;Centro-Oeste;Fernanda;Marisa;1005;Headset;5;3773,0;2286,34;18865,0;7433,3
2025-07-31;Centro-Oeste;Eduardo;Ciro;5004;Monitor;8;4425,89;2519,31;35407,12;15252,64
2025-04-30;Norte;Eduardo;Ciro;9001;Notebook;3;1396,5;797,35;4189,5;1797,45
2025-10-31;Sul;Ana;Manoela;2006;WebCam 4k;5;3616,23;2757,94;18081,15;4291,45
2024-08-31;Sul;Ana;Antonia;3003;Placa de Vídeo NVidia;5;3622,38;2350,02;18111,9;6361,8
2025-01-31;Nordeste;Carlos;Manoela;1005;Headset;3;2372,72;1875,6;7118,16;1491,36
2023-01-31;Sul;Carlos;Manoela;3003;Placa de Vídeo NVidia;5;2256,47;1686,8;11282,35;2848,35
2025-05-31;Sul;Ana;Ciro;7002;Smartphone;3;4331,47;2671,97;12994,41;4978,5
2023-01-31;Norte;Bruno;Manoela;5004;Monitor;3;3785,69;2600,6;11357,07;3555,27
2025-07-31;Sul;Ana;Manoela;7002;Smartphone;6;1408,52;887,1;8451,12;3128,52
2023-07-31;Sudeste;Carlos;Marisa;1005;Headset;3;4207,63;2574,95;12622,89;4898,04
2023-02-28;Sul;Eduardo;Antonia;1005;Headset;9;4825,19;2898,2;43426,71;17342,91
2025-10-31;Sudeste;Bruno;Ciro;1005;Headset;3;4222,45;2687,07;12667,35;4606,14
2023-02-28;Sudeste;Fernanda;Felipe;9001;Notebook;8;4602,46;3520,94;36819,68;8652,16
2023-10-31;Centro-Oeste;Bruno;Manoela;2006;WebCam 4k;2;4319,55;3243,07;8639,1;2152,96
2023-05-31;Sul;Carlos;Felipe;9001;Notebook;6;1136,8;764,02;6820,8;2236,68
2024-03-31;Sul;Eduardo;Felipe;2006;WebCam 4k;9;4262,29;3120,38;38360,61;10277,19
2025-06-30;Sudeste;Bruno;Antonia;2006;WebCam 4k;5;889,64;479,19;4448,2;2052,25
2025-07-31;Nordeste;Bruno;Felipe;5004;Monitor;6;4739,09;3284,86;28434,54;8725,38
2025-09-30;Centro-Oeste;Bruno;Antonia;9001;Notebook;9;4780,54;3115,27;43024,86;14987,43
2022-02-28;Nordeste;Daniela;Felipe;7002;Smartphone;1;2938,53;2130,05;2938,53;808,48
2023-06-30;Sul;Eduardo;Marisa;5004;Monitor;2;2072,52;1652,15;4145,04;840,74
2023-06-30;Norte;Ana;João;5004;Monitor;7;2919,58;1971,62;20437,06;6635,72
2022-09-30;Sul;Bruno;Ciro;5004;Monitor;6;2442,58;1740,8;14655,48;4210,68
2022-11-30;Nordeste;Eduardo;Antonia;5004;Monitor;1;1284,64;754,55;1284,64;530,09
2023-07-31;Sul;Daniela;Felipe;9001;Notebook;4;4121,47;2104,8;16485,88;8066,68
2024-07-31;Sul;Carlos;Marisa;5004;Monitor;8;1853,75;950,3;14830,0;7227,6
2022-07-31;Sul;Fernanda;Antonia;2006;WebCam 4k;6;3834,82;2609,32;23008,92;7353,0
2025-07-31;Nordeste;Ana;Antonia;1005;Headset;2;4605,27;3189,18;9210,54;2832,18
2025-04-30;Norte;Ana;Antonia;2006;WebCam 4k;8;4726,75;2819,18;37814,0;15260,56
2024-06-30;Norte;Ana;Felipe;3003;Placa de Vídeo NVidia;8;1645,19;903,53;13161,52;5933,28
2025-01-31;Sudeste;Carlos;João;3003;Placa de Vídeo NVidia;3;4596,38;3651,9;13789,14;2833,44
2025-09-30;Sudeste;Carlos;Antonia;2006;WebCam 4k;5;3680,64;2680,2;18403,2;5002,2
2022-10-31;Sudeste;Daniela;Antonia;7002;Smartphone;9;3837,88;2797,12;34540,92;9366,84
2025-08-31;Sudeste;Carlos;João;9001;Notebook;7;4525,5;3200,4;31678,5;9275,7
2025-05-31;Norte;Ana;Manoela;3003;Placa de Vídeo NVidia;4;2525,28;1796,09;10101,12;2916,76
2024-01-31;Sudeste;Eduardo;João;1005;Headset;8;4172,68;3056,64;33381,44;8928,32
2025-08-31;Centro-Oeste;Eduardo;Marisa;7002;Smartphone;6;4656,32;3099,15;27937,92;9343,02
2022-09-30;Centro-Oeste;Eduardo;Antonia;5004;Monitor;6;4128,79;2371,53;24772,74;10543,56
2025-10-31;Nordeste;Fernanda;João;7002;Smartphone;2;3716,51;2272,86;7433,02;2887,3
2025-07-31;Norte;Daniela;Marisa;7002;Smartphone;8;1649,29;883,85;13194,32;6123,52
2024-02-29;Sudeste;Ana;Felipe;2006;WebCam 4k;4;569,26;333,19;2277,04;944,28
2024-06-30;Sudeste;Carlos;Marisa;7002;Smartphone;9;2136,93;1252,3;19232,37;7961,67
2023-06-30;Centro-Oeste;Daniela;Felipe;2006;WebCam 4k;8;2786,62;1484,9;22292,96;10413,76
2022-12-31;Sul;Fernanda;Marisa;1005;Headset;9;4790,22;3582,67;43111,98;10867,95
2022-02-28;Centro-Oeste;Carlos;Ciro;2006;WebCam 4k;2;4110,72;3095,21;8221,44;2031,02
2022-11-30;Centro-Oeste;Ana;Ciro;3003;Placa de Vídeo NVidia;4;906,28;481,11;3625,12;1700,68
2024-06-30;Norte;Eduardo;Manoela;1005;Headset;3;1707,33;977,48;5121,99;2189,55
2025-07-31;Norte;Ana;João;9001;Notebook;2;2940,99;1758,26;5881,98;2365,46
2023-11-30;Nordeste;Daniela;João;9001;Notebook;3;709,68;537,33;2129,04;517,05
2023-12-31;Centro-Oeste;Ana;Manoela;9001;Notebook;2;1976,41;1201,94;3952,82;1548,94
2023-04-30;Sul;Eduardo;Ciro;2006;WebCam 4k;9;1833,93;1432,47;16505,37;3613,14
2023-05-31;Norte;Ana;João;3003;Placa de Vídeo NVidia;5;2055,33;1208,81;10276,65;4232,6
2023-08-31;Sul;Eduardo;Felipe;7002;Smartphone;8;2098,0;1257,09;16784,0;6727,28
2024-12-31;Centro-Oeste;Ana;Ciro;1005;Headset;2;3029,17;1703,64;6058,34;2651,06
2022-07-31;Nordeste;Fernanda;Ciro;2006;WebCam 4k;9;1856,01;1268,52;16704,09;5287,41
2025-08-31;Sul;Fernanda;Manoela;1005;Headset;9;2386,36;1768,46;21477,24;5561,1
2022-04-30;Sudeste;Ana;Marisa;1005;Headset;8;589,12;398,48;4712,96;1525,12
2024-12-31;Norte;Carlos;Marisa;2006;WebCam 4k;1;4514,61;3363,01;4514,61;1151,6
2023-11-30;Nordeste;Ana;Antonia;5004;Monitor;2;4508,76;2611,64;9017,52;3794,24
2024-08-31;Sul;Ana;Marisa;9001;Notebook;8;4971,51;3176,13;39772,08;14363,04
2023-12-31;Sudeste;Carlos;Antonia;1005;Headset;6;3642,55;2198,92;21855,3;8661,78
2023-12-31;Nordeste;Carlos;João;1005;Headset;7;3658,03;2468,56;25606,21;8326,29
2024-11-30;Norte;Fernanda;Felipe;5004;Monitor;5;2886,01;2053,67;14430,05;4161,7
2022-01-31;Norte;Ana;Marisa;7002;Smartphone;7;3161,61;1899,96;22131,27;8831,55
2023-04-30;Sudeste;Fernanda;Marisa;3003;Placa de Vídeo NVidia;5;2970,13;1947,32;14850,65;5114,05
2025-09-30;Sul;Bruno;Ciro;2006;WebCam 4k;9;3451,41;2181,12;31062,69;11432,61
2025-05-31;Sudeste;Daniela;João;5004;Monitor;2;1510,54;1177,65;3021,08;665,78
2023-12-31;Nordeste;Ana;Felipe;3003;Placa de Vídeo NVidia;5;2042,93;1222,69;10214,65;4101,2
2024-08-31;Sul;Fernanda;Antonia;3003;Placa de Vídeo NVidia;1;4371,74;2433,65;4371,74;1938,09
2025-02-28;Nordeste;Eduardo;Manoela;2006;WebCam 4k;5;1801,14;1224,66;9005,7;2882,4
2025-05-31;Norte;Ana;Felipe;3003;Placa de Vídeo NVidia;3;3517,01;2347,43;10551,03;3508,74
2023-06-30;Sul;Ana;Antonia;1005;Headset;1;4272,54;3243,92;4272,54;1028,62
2025-01-31;Sul;Eduardo;Ciro;1005;Headset;4;4183,33;3165,66;16733,32;4070,68
2023-09-30;Sudeste;Daniela;Manoela;9001;Notebook;5;4473,95;2827,75;22369,75;8231,0
2025-05-31;Sudeste;Carlos;Ciro;5004;Monitor;2;3300,03;2307,86;6600,06;1984,34
2024-03-31;Centro-Oeste;Ana;Marisa;1005;Headset;7;1396,02;820,82;9772,14;4026,4
2022-03-31;Centro-Oeste;Bruno;João;1005;Headset;2;4383,93;2745,44;8767,86;3276,98
2024-11-30;Sul;Eduardo;Manoela;3003;Placa de Vídeo NVidia;6;1365,64;945,28;8193,84;2522,16
2024-02-29;Norte;Carlos;João;5004;Monitor;7;3343,87;2215,22;23407,09;7900,55
2025-09-30;Sul;Carlos;Felipe;9001;Notebook;4;4864,68;3115,8;19458,72;6995,52
2023-12-31;Norte;Daniela;João;1005;Headset;8;4697,38;3536,93;37579,04;9283,6
2022-05-31;Centro-Oeste;Daniela;Marisa;5004;Monitor;3;2041,04;1338,27;6123,12;2108,31
2024-11-30;Centro-Oeste;Eduardo;Ciro;9001;Notebook;8;4146,59;3303,1;33172,72;6747,92
2023-04-30;Sudeste;Fernanda;Marisa;5004;Monitor;9;2294,92;1407,41;20654,28;7987,59
2022-11-30;Norte;Bruno;Felipe;1005;Headset;9;3933,9;2670,67;35405,1;11369,07
2022-07-31;Norte;Fernanda;Ciro;3003;Placa de Vídeo NVidia;1;1021,07;779,26;1021,07;241,81
2025-09-30;Sul;Eduardo;Antonia;1005;Headset;4;3994,18;2024,48;15976,72;7878,8
2024-07-31;Sudeste;Bruno;João;7002;Smartphone;9;2186,78;1154,14;19681,02;9293,76
2023-10-31;Norte;Carlos;Felipe;9001;Notebook;9;4766,2;3025,76;42895,8;15663,96
2022-03-31;Norte;Daniela;Felipe;5004;Monitor;2;3203,86;1729,14;6407,72;2949,44
2023-01-31;Norte;Carlos;Antonia;9001;Notebook;7;827,49;573,52;5792,43;1777,79
2025-03-31;Sudeste;Eduardo;João;5004;Monitor;3;4194,36;3014,79;12583,08;3538,71
2023-05-31;Nordeste;Fernanda;Marisa;1005;Headset;4;640,68;379,15;2562,72;1046,12
2022-08-31;Nordeste;Carlos;Felipe;2006;WebCam 4k;6;4742,1;3541,65;28452,6;7202,7
2025-01-31;Sul;Daniela;Ciro;7002;Smartphone;8;1605,22;1196,39;12841,76;3270,64
2024-09-30;Nordeste;Eduardo;Felipe;9001;Notebook;3;1411,88;760,13;4235,64;1955,25
2023-09-30;Nordeste;Bruno;João;1005;Headset;9;921,85;700,3;8296,65;1993,95
2024-02-29;Sudeste;Fernanda;Felipe;5004;Monitor;6;517,61;405,67;3105,66;671,64
2025-02-28;Sudeste;Bruno;Antonia;2006;WebCam 4k;7;3299,93;2163,45;23099,51;7955,36
2023-12-31;Sul;Ana;Marisa;2006;WebCam 4k;1;2530,51;1581,31;2530,51;949,2
2022-04-30;Sudeste;Eduardo;Marisa;3003;Placa de Vídeo NVidia;5;4219,79;3247,88;21098,95;4859,55
2023-06-30;Nordeste;Daniela;Felipe;1005;Headset;6;2572,91;1353,51;15437,46;7316,4
2023-03-31;Sudeste;Fernanda;Felipe;7002;Smartphone;3;2809,8;1555,31;8429,4;3763,47
2024-01-31;Sudeste;Ana;Marisa;7002;Smartphone;6;2550,49;1406,14;15302,94;6866,1
2022-10-31;Centro-Oeste;Bruno;Ciro;9001;Notebook;6;4856,97;3089,31;29141,82;10605,96
2024-03-31;Sudeste;Daniela;Antonia;2006;WebCam 4k;9;1667,33;1244,14;15005,97;3808,71
2022-04-30;Sul;Bruno;Marisa;2006;WebCam 4k;1;3378,79;1919,63;3378,79;1459,16
2022-02-28;Centro-Oeste;Bruno;Ciro;7002;Smartphone;8;3677,16;2068,0;29417,28;12873,28
2022-08-31;Norte;Eduardo;João;3003;Placa de Vídeo NVidia;2;2921,41;1960,45;5842,82;1921,92
2023-01-31;Sudeste;Fernanda;João;2006;WebCam 4k;4;3302,48;2302,24;13209,92;4000,96
2022-07-31;Norte;Fernanda;Ciro;7002;Smartphone;1;3012,98;1702,69;3012,98;1310,29
2023-03-31;Sul;Bruno;Antonia;7002;Smartphone;5;3880,04;2523,55;19400,2;6782,45
2024-02-29;Nordeste;Daniela;Manoela;3003;Placa de Vídeo NVidia;3;2507,73;1607,02;7523,19;2702,13
2025-08-31;Norte;Carlos;Felipe;1005;Headset;2;1097,66;871,88;2195,32;451,56
2025-01-31;Nordeste;Eduardo;Manoela;9001;Notebook;5;1340,03;1008,57;6700,15;1657,3
2024-09-30;Centro-Oeste;Fernanda;Ciro;1005;Headset;2;2929,83;2008,53;5859,66;1842,6
2024-03-31;Sudeste;Daniela;Manoela;9001;Notebook;4;1012,43;510,11;4049,72;2009,28
2023-10-31;Nordeste;Ana;Marisa;1005;Headset;9;507,66;342,77;4568,94;1484,01
2025-01-31;Centro-Oeste;Daniela;Manoela;3003;Placa de Vídeo NVidia;3;1523,52;795,03;4570,56;2185,47
2023-09-30;Centro-Oeste;Ana;Manoela;1005;Headset;8;3228,02;1638,23;25824,16;12718,32
2025-10-31;Sudeste;Eduardo;Ciro;3003;Placa de Vídeo NVidia;2;1938,65;1529,57;3877,3;818,16
2023-09-30;Sul;Daniela;Manoela;3003;Placa de Vídeo NVidia;4;3980,21;2437,71;15920,84;6170,0
2023-10-31;Nordeste;Daniela;Ciro;9001;Notebook;5;2764,27;1908,94;13821,35;4276,65
2025-02-28;Sul;Carlos;Manoela;1005;Headset;4;3576,61;1861,62;14306,44;6859,96
2025-06-30;Sul;Eduardo;João;7002;Smartphone;7;3418,46;2273,18;23929,22;8016,96
2024-04-30;Norte;Bruno;Ciro;1005;Headset;6;4230,3;3297,89;25381,8;5594,46
2023-06-30;Centro-Oeste;Daniela;Marisa;2006;WebCam 4k;1;4394,41;2516,69;4394,41;1877,72
2025-06-30;Centro-Oeste;Eduardo;Manoela;5004;Monitor;4;3908,63;1957,67;15634,52;7803,84
2022-02-28;Centro-Oeste;Fernanda;Manoela;3003;Placa de Vídeo NVidia;7;1921,61;977,88;13451,27;6606,11
2024-01-31;Nordeste;Carlos;Marisa;9001;Notebook;6;4706,73;2989,34;28240,38;10304,34
2025-07-31;Nordeste;Eduardo;Antonia;7002;Smartphone;7;1410,32;911,18;9872,24;3493,98
2023-06-30;Centro-Oeste;Fernanda;Marisa;5004;Monitor;7;2070,83;1287,34;14495,81;5484,43
2024-11-30;Norte;Fernanda;Felipe;5004;Monitor;6;2007,8;1185,6;12046,8;4933,2
2022-07-31;Nordeste;Fernanda;Marisa;1005;Headset;5;3584,43;2476,38;17922,15;5540,25
2022-01-31;Sudeste;Eduardo;Felipe;9001;Notebook;2;3017,71;1530,11;6035,42;2975,2
2024-05-31;Norte;Ana;Marisa;1005;Headset;5;4077,09;2707,56;20385,45;6847,65
2022-06-30;Sul;Fernanda;Antonia;1005;Headset;1;735,38;437,81;735,38;297,57
2023-04-30;Sudeste;Fernanda;Antonia;5004;Monitor;6;2304,42;1408,98;13826,52;5372,64
2023-09-30;Centro-Oeste;Daniela;Marisa;7002;Smartphone;8;3813,51;2615,2;30508,08;9586,48
2024-04-30;Sul;Carlos;Ciro;9001;Notebook;7;3895,24;2704,79;27266,68;8333,15
2022-09-30;Norte;Daniela;Felipe;1005;Headset;5;2424,27;1761,42;12121,35;3314,25
2023-09-30;Sudeste;Daniela;João;9001;Notebook;9;2638,04;1378,91;23742,36;11332,17
2023-07-31;Centro-Oeste;Eduardo;Antonia;3003;Placa de Vídeo NVidia;3;2179,82;1303,0;6539,46;2630,46
2023-07-31;Sul;Bruno;Manoela;7002;Smartphone;9;1331,5;999,42;11983,5;2988,72
2022-11-30;Centro-Oeste;Eduardo;João;5004;Monitor;2;3980,6;2521,38;7961,2;2918,44
2025-04-30;Nordeste;Ana;Ciro;5004;Monitor;1;1879,78;1353,3;1879,78;526,48
2024-12-31;Sudeste;Fernanda;Manoela;3003;Placa de Vídeo NVidia;4;1353,62;986,39;5414,48;1468,92
2022-02-28;Centro-Oeste;Fernanda;João;3003;Placa de Vídeo NVidia;7;1893,41;1163,04;13253,87;5112,59
2024-06-30;Norte;Ana;João;5004;Monitor;1;3276,87;1845,69;3276,87;1431,18
2025-02-28;Nordeste;Ana;Felipe;9001;Notebook;9;3580,45;2637,15;32224,05;8489,7
2023-02-28;Centro-Oeste;Daniela;Marisa;9001;Notebook;2;4147,07;3278,95;8294,14;1736,24
2024-09-30;Sudeste;Fernanda;João;1005;Headset;9;2777,21;1712,75;24994,89;9580,14
2023-04-30;Norte;Ana;João;9001;Notebook;8;4175,04;2874,9;33400,32;10401,12
2023-01-31;Norte;Eduardo;Manoela;1005;Headset;3;2447,67;1300,97;7343,01;3440,1
2024-02-29;Norte;Fernanda;Ciro;7002;Smartphone;5;2469,37;1306,33;12346,85;5815,2
2022-11-30;Centro-Oeste;Ana;Manoela;2006;WebCam 4k;6;2818,1;2128,01;16908,6;4140,54
2023-08-31;Nordeste;Ana;João;5004;Monitor;3;586,67;366,17;1760,01;661,5
2023-06-30;Norte;Daniela;Ciro;7002;Smartphone;5;1058,95;729,71;5294,75;1646,2
2022-11-30;Norte;Daniela;Ciro;2006;WebCam 4k;7;2417,69;1742,93;16923,83;4723,32
2022-06-30;Sudeste;Fernanda;Manoela;5004;Monitor;2;3154,63;2300,91;6309,26;1707,44
2023-03-31;Sul;Fernanda;Antonia;5004;Monitor;6;579,98;414,99;3479,88;989,94
2024-08-31;Sudeste;Daniela;Antonia;3003;Placa de Vídeo NVidia;2;4206,42;3234,64;8412,84;1943,56
2024-01-31;Centro-Oeste;Bruno;Felipe;1005;Headset;9;1533,67;1144,73;13803,03;3500,46
2023-01-31;Nordeste;Fernanda;Marisa;1005;Headset;8;3596,82;2321,85;28774,56;10199,76
2025-08-31;Sudeste;Bruno;Manoela;3003;Placa de Vídeo NVidia;4;4040,44;2729,72;16161,76;5242,88
2023-12-31;Norte;Carlos;Manoela;1005;Headset;7;4901,02;3273,95;34307,14;11389,49
2024-01-31;Norte;Carlos;Marisa;1005;Headset;5;1158,54;619,21;5792,7;2696,65
2025-04-30;Sudeste;Bruno;Manoela;3003;Placa de Vídeo NVidia;3;3031,02;1677,38;9093,06;4060,92
2022-06-30;Nordeste;Ana;Ciro;7002;Smartphone;5;4086,73;2518,12;20433,65;7843,05
2023-06-30;Nordeste;Ana;João;2006;WebCam 4k;1;3852,41;2257,81;3852,41;1594,6
2024-03-31;Sul;Daniela;Marisa;2006;WebCam 4k;2;1791,07;1359,73;3582,14;862,68
2024-12-31;Sudeste;Ana;João;1005;Headset;3;3040,87;2178,23;9122,61;2587,92
2023-01-31;Sul;Fernanda;Marisa;3003;Placa de Vídeo NVidia;6;4964,23;2781,1;29785,38;13098,78
2023-02-28;Sudeste;Fernanda;Antonia;5004;Monitor;7;2930,77;2253,8;20515,39;4738,79
2022-12-31;Sudeste;Carlos;Felipe;7002;Smartphone;1;3678,66;2237,22;3678,66;1441,44
2022-06-30;Centro-Oeste;Daniela;Marisa;2006;WebCam 4k;4;771,52;411,25;3086,08;1441,08
2023-03-31;Nordeste;Ana;Antonia;5004;Monitor;6;2238,05;1502,21;13428,3;4415,04
2023-12-31;Sudeste;Bruno;Antonia;2006;WebCam 4k;5;4161,74;2971,83;20808,7;5949,55
2022-01-31;Nordeste;Bruno;Marisa;1005;Headset;5;2134,04;1343,17;10670,2;3954,35
2022-02-28;Sudeste;Daniela;João;2006;WebCam 4k;3;520,73;283,44;1562,19;711,87
2025-03-31;Sudeste;Bruno;Marisa;3003;Placa de Vídeo NVidia;3;2766,64;1661,14;8299,92;3316,5
2025-10-31;Centro-Oeste;Ana;Antonia;9001;Notebook;5;1254,11;633,36;6270,55;3103,75
2024-01-31;Norte;Carlos;Manoela;9001;Notebook;9;582,47;423,15;5242,23;1433,88
2022-02-28;Centro-Oeste;Bruno;Ciro;9001;Notebook;2;611,41;421,82;1222,82;379,18
2023-09-30;Nordeste;Daniela;Manoela;7002;Smartphone;7;521,43;337,39;3650,01;1288,28
2023-03-31;Centro-Oeste;Eduardo;Ciro;7002;Smartphone;9;2536,36;1436,5;22827,24;9898,74
2022-01-31;Sudeste;Eduardo;Marisa;1005;Headset;7;779,39;527,75;5455,73;1761,48
2024-06-30;Sudeste;Eduardo;Ciro;1005;Headset;3;981,95;524,12;2945,85;1373,49
2022-05-31;Sul;Carlos;Felipe;3003;Placa de Vídeo NVidia;5;3970,31;2620,42;19851,55;6749,45
2024-03-31;Sudeste;Bruno;Antonia;2006;WebCam 4k;3;946,54;756,68;2839,62;569,58
2022-12-31;Norte;Eduardo;Marisa;3003;Placa de Vídeo NVidia;3;1337,47;950,45;4012,41;1161,06
2024-12-31;Nordeste;Bruno;Ciro;9001;Notebook;4;4085,99;2194,54;16343,96;7565,8
2022-08-31;Nordeste;Daniela;Felipe;2006;WebCam 4k;5;4063,53;2959,81;20317,65;5518,6
2024-08-31;Nordeste;Bruno;Ciro;1005;Headset;7;2247,81;1586,3;15734,67;4630,57
2022-06-30;Sudeste;Carlos;Ciro;7002;Smartphone;5;1530,44;859,14;7652,2;3356,5
2024-01-31;Norte;Bruno;João;3003;Placa de Vídeo NVidia;3;3449,06;2227,24;10347,18;3665,46
2025-10-31;Sul;Ana;Ciro;5004;Monitor;1;1293,8;705,2;1293,8;588,6
2023-08-31;Sul;Fernanda;Marisa;2006;WebCam 4k;2;3781,01;2439,23;7562,02;2683,56
2024-01-31;Nordeste;Carlos;Ciro;1005;Headset;2;2490,17;1729,43;4980,34;1521,48
2024-03-31;Nordeste;Ana;Ciro;1005;Headset;7;2108,73;1486,99;14761,11;4352,18
2025-04-30;Sul;Eduardo;Manoela;3003;Placa de Vídeo NVidia;5;1355,82;1074,44;6779,1;1406,9
2023-01-31;Norte;Fernanda;João;2006;WebCam 4k;5;834,07;631,99;4170,35;1010,4
2022-09-30;Norte;Carlos;João;2006;WebCam 4k;1;3828,52;2611,41;3828,52;1217,11
2023-12-31;Sudeste;Carlos;Antonia;3003;Placa de Vídeo NVidia;2;3724,89;2276,89;7449,78;2896,0
2025-09-30;Centro-Oeste;Eduardo;João;9001;Notebook;7;3447,76;2533,66;24134,32;6398,7
2024-02-29;Norte;Bruno;Marisa;2006;WebCam 4k;1;2020,7;1140,77;2020,7;879,93
2022-08-31;Sudeste;Bruno;João;3003;Placa de Vídeo NVidia;3;3745,4;2978,6;11236,2;2300,4
2022-01-31;Norte;Ana;João;3003;Placa de Vídeo NVidia;8;1906,66;1122,4;15253,28;6274,08
2023-07-31;Norte;Ana;Ciro;9001;Notebook;3;3662,02;2449,66;10986,06;3637,08
2022-05-31;Nordeste;Daniela;Ciro;7002;Smartphone;7;1531,31;1004,85;10719,17;3685,22
2022-09-30;Centro-Oeste;Fernanda;Felipe;7002;Smartphone;9;563,0;435,73;5067,0;1145,43
2025-10-31;Centro-Oeste;Eduardo;Manoela;7002;Smartphone;3;2746,13;2047,12;8238,39;2097,03
2025-05-31;Sudeste;Ana;Marisa;9001;Notebook;7;1927,43;1285,99;13492,01;4490,08
2024-03-31;Sul;Eduardo;Marisa;3003;Placa de Vídeo NVidia;6;1781,1;1315,01;10686,6;2796,54
2025-06-30;Sudeste;Eduardo;Ciro;2006;WebCam 4k;6;4658,72;3536,76;27952,32;6731,76
2025-10-31;Centro-Oeste;Daniela;Ciro;1005;Headset;7;4345,83;2916,74;30420,81;10003,63
2024-06-30;Sul;Carlos;Antonia;9001;Notebook;5;995,38;733,82;4976,9;1307,8
2023-06-30;Nordeste;Ana;João;9001;Notebook;2;3723,86;1908,3;7447,72;3631,12
2024-10-31;Sul;Ana;João;7002;Smartphone;5;3176,78;2343,41;15883,9;4166,85
2024-06-30;Sudeste;Eduardo;Felipe;5004;Monitor;3;2116,67;1490,8;6350,01;1877,61
2024-06-30;Sudeste;Ana;Marisa;5004;Monitor;5;2042,32;1484,6;10211,6;2788,6
2024-02-29;Nordeste;Bruno;Felipe;1005;Headset;1;2066,16;1524,67;2066,16;541,49
2022-05-31;Sudeste;Bruno;Manoela;2006;WebCam 4k;8;4807,36;3450,19;38458,88;10857,36
2022-10-31;Nordeste;Eduardo;Antonia;3003;Placa de Vídeo NVidia;2;4653,7;2669,41;9307,4;3968,58
2025-10-31;Sudeste;Fernanda;Antonia;3003;Placa de Vídeo NVidia;5;3065,39;2089,32;15326,95;4880,35
2023-12-31;Norte;Carlos;Antonia;2006;WebCam 4k;3;4535,75;3055,24;13607,25;4441,53
2023-06-30;Centro-Oeste;Daniela;Manoela;7002;Smartphone;6;3581,25;2368,63;21487,5;7275,72
2024-12-31;Sul;Daniela;Antonia;3003;Placa de Vídeo NVidia;9;2412,25;1330,9;21710,25;9732,15
2022-05-31;Nordeste;Carlos;Manoela;7002;Smartphone;6;4106,72;2703,08;24640,32;8421,84
2024-07-31;Sul;Daniela;Marisa;3003;Placa de Vídeo NVidia;1;3538,61;2065,31;3538,61;1473,3
2022-08-31;Nordeste;Carlos;Marisa;5004;Monitor;8;4663,1;3307,06;37304,8;10848,32
2022-11-30;Nordeste;Ana;Felipe;5004;Monitor;7;1762,02;1177,69;12334,14;4090,31
2022-01-31;Centro-Oeste;Daniela;João;2006;WebCam 4k;8;3302,26;2521,74;26418,08;6244,16
2023-06-30;Norte;Carlos;Ciro;1005;Headset;4;1542,28;1220,08;6169,12;1288,8
2024-04-30;Nordeste;Ana;Antonia;9001;Notebook;1;4211,95;3022,03;4211,95;1189,92
2024-02-29;Centro-Oeste;Ana;João;1005;Headset;6;2298,24;1284,22;13789,44;6084,12
2023-06-30;Sul;Daniela;Marisa;7002;Smartphone;7;1736,12;1216,24;12152,84;3639,16
2022-09-30;Norte;Carlos;Marisa;7002;Smartphone;8;4197,45;2644,09;33579,6;12426,88
2022-04-30;Centro-Oeste;Ana;Manoela;3003;Placa de Vídeo NVidia;7;928,95;497,55;6502,65;3019,8
2022-07-31;Nordeste;Carlos;Felipe;9001;Notebook;1;4647,7;2684,98;4647,7;1962,72
2023-10-31;Sudeste;Bruno;Ciro;5004;Monitor;8;4434,2;2529,4;35473,6;15238,4
2023-06-30;Nordeste;Bruno;Antonia;9001;Notebook;3;2720,41;2039,65;8161,23;2042,28
2023-09-30;Centro-Oeste;Carlos;Manoela;5004;Monitor;3;4786,47;3774,26;14359,41;3036,63
2022-11-30;Centro-Oeste;Bruno;João;9001;Notebook;7;2365,83;1823,9;16560,81;3793,51
2024-03-31;Nordeste;Fernanda;Antonia;1005;Headset;3;4179,82;2518,38;12539,46;4984,32
2022-06-30;Nordeste;Carlos;Marisa;3003;Placa de Vídeo NVidia;3;4554,15;2894,19;13662,45;4979,88
2023-07-31;Sul;Eduardo;Marisa;9001;Notebook;5;2490,02;1978,53;12450,1;2557,45
2025-05-31;Nordeste;Bruno;João;1005;Headset;8;4856,16;2698,61;38849,28;17260,4
2022-10-31;Sudeste;Daniela;Manoela;2006;WebCam 4k;6;1705,0;1008,4;10230,0;4179,6
2024-04-30;Sudeste;Bruno;João;9001;Notebook;2;4517,35;2388,37;9034,7;4257,96
2022-01-31;Nordeste;Daniela;Manoela;9001;Notebook;8;3033,64;1574,0;24269,12;11677,12
2022-06-30;Sul;Bruno;Ciro;7002;Smartphone;1;4261,08;3277,04;4261,08;984,04
2022-09-30;Sudeste;Bruno;Felipe;5004;Monitor;2;4365,14;3435,2;8730,28;1859,88
2023-03-31;Norte;Carlos;Marisa;9001;Notebook;8;3200,55;2350,27;25604,4;6802,24
2022-02-28;Sul;Eduardo;Marisa;7002;Smartphone;9;3217,82;2165,87;28960,38;9467,55
2024-12-31;Centro-Oeste;Daniela;Felipe;9001;Notebook;2;3142,33;2421,57;6284,66;1441,52
2023-08-31;Sudeste;Ana;Manoela;9001;Notebook;6;2706,97;1936,12;16241,82;4625,1
2022-02-28;Sul;Bruno;Manoela;3003;Placa de Vídeo NVidia;5;2535,0;1555,64;12675,0;4896,8
2024-04-30;Centro-Oeste;Eduardo;Marisa;1005;Headset;5;1892,83;1185,25;9464,15;3537,9
2024-01-31;Norte;Eduardo;Ciro;1005;Headset;4;3545,12;1907,46;14180,48;6550,64
2024-12-31;Centro-Oeste;Carlos;Felipe;7002;Smartphone;9;1746,8;1105,42;15721,2;5772,42
2025-08-31;Sudeste;Fernanda;Ciro;7002;Smartphone;4;2295,33;1242,06;9181,32;4213,08
2025-08-31;Centro-Oeste;Fernanda;Ciro;9001;Notebook;2;3682,16;2787,41;7364,32;1789,5
2025-06-30;Nordeste;Bruno;Marisa;3003;Placa de Vídeo NVidia;3;1029,91;619,63;3089,73;1230,84
2024-05-31;Norte;Carlos;Marisa;9001;Notebook;5;2695,74;1985,69;13478,7;3550,25
2022-09-30;Sul;Bruno;Ciro;3003;Placa de Vídeo NVidia;5;2219,42;1643,1;11097,1;2881,6
2024-10-31;Nordeste;Fernanda;Ciro;5004;Monitor;5;1218,26;833,97;6091,3;1921,45
2024-06-30;Nordeste;Eduardo;Antonia;2006;WebCam 4k;4;2258,67;1317,87;9034,68;3763,2
2024-11-30;Sudeste;Ana;João;5004;Monitor;4;4987,08;2616,4;19948,32;9482,72
2022-08-31;Centro-Oeste;Fernanda;Antonia;9001;Notebook;9;3997,87;3170,61;35980,83;7445,34
2024-10-31;Nordeste;Eduardo;Ciro;9001;Notebook;6;1898,16;1201,7;11388,96;4178,76
2023-07-31;Sul;Eduardo;Felipe;3003;Placa de Vídeo NVidia;5;2785,3;1647,91;13926,5;5686,95
2024-02-29;Nordeste;Bruno;Antonia;5004;Monitor;7;3891,81;2975,38;27242,67;6415,01
2022-10-31;Nordeste;Bruno;Marisa;5004;Monitor;4;3553,22;2121,63;14212,88;5726,36
2022-04-30;Sul;Bruno;Ciro;1005;Headset;1;2226,47;1696,64;2226,47;529,83
2023-12-31;Nordeste;Carlos;Antonia;3003;Placa de Vídeo NVidia;8;2516,13;1876,96;20129,04;5113,36
2023-07-31;Norte;Eduardo;Antonia;3003;Placa de Vídeo NVidia;5;3423,8;2561,26;17119,0;4312,7
2024-07-31;Centro-Oeste;Ana;Antonia;1005;Headset;8;2838,2;2117,65;22705,6;5764,4
2023-01-31;Norte;Ana;João;9001;Notebook;2;3106,69;2373,6;6213,38;1466,18
2025-03-31;Nordeste;Daniela;Marisa;2006;WebCam 4k;3;1455,75;790,67;4367,25;1995,24
2025-03-31;Norte;Ana;Antonia;1005;Headset;4;3295,65;1749,19;13182,6;6185,84
2023-04-30;Sudeste;Carlos;Felipe;3003;Placa de Vídeo NVidia;7;2124,01;1698,69;14868,07;2977,24
2025-10-31;Centro-Oeste;Bruno;Marisa;5004;Monitor;3;2764,77;1878,78;8294,31;2657,97
2025-06-30;Centro-Oeste;Ana;Felipe;7002;Smartphone;6;3914,36;2136,75;23486,16;10665,66
2025-01-31;Centro-Oeste;Daniela;Marisa;7002;Smartphone;8;829,18;655,62;6633,44;1388,48
2022-06-30;Sudeste;Eduardo;Antonia;5004;Monitor;4;4424,71;3255,9;17698,84;4675,24
2023-02-28;Sudeste;Daniela;Manoela;7002;Smartphone;3;3178,1;2523,12;9534,3;1964,94
2022-09-30;Sudeste;Eduardo;Marisa;7002;Smartphone;2;914,6;542,26;1829,2;744,68
2023-07-31;Centro-Oeste;Bruno;Manoela;7002;Smartphone;5;3548,19;2285,1;17740,95;6315,45
2024-09-30;Sul;Ana;Antonia;1005;Headset;1;4862,51;2732,39;4862,51;2130,12
2025-03-31;Centro-Oeste;Ana;Marisa;3003;Placa de Vídeo NVidia;6;4928,61;2954,28;29571,66;11845,98
2023-01-31;Norte;Bruno;Manoela;9001;Notebook;8;1283,11;891,35;10264,88;3134,08
2023-11-30;Centro-Oeste;Bruno;Manoela;7002;Smartphone;2;666,72;460,84;1333,44;411,76
2024-04-30;Nordeste;Daniela;Felipe;1005;Headset;7;632,96;498,7;4430,72;939,82
2024-07-31;Centro-Oeste;Carlos;Antonia;3003;Placa de Vídeo NVidia;3;4173,6;3049,49;12520,8;3372,33
2024-04-30;Centro-Oeste;Daniela;Manoela;7002;Smartphone;2;1922,9;1406,05;3845,8;1033,7
2025-08-31;Centro-Oeste;Ana;Marisa;9001;Notebook;7;1699,33;872,76;11895,31;5785,99
2024-02-29;Centro-Oeste;Carlos;Marisa;3003;Placa de Vídeo NVidia;1;3729,05;1917,34;3729,05;1811,71
2022-06-30;Nordeste;Ana;Felipe;2006;WebCam 4k;1;726,73;446,08;726,73;280,65
2024-03-31;Sul;Fernanda;Antonia;2006;WebCam 4k;8;1975,76;1257,25;15806,08;5748,08
2022-09-30;Sul;Carlos;Antonia;1005;Headset;4;4487,42;2605,94;17949,68;7525,92
2024-09-30;Centro-Oeste;Ana;Felipe;7002;Smartphone;7;913,43;656,22;6394,01;1800,47
2025-07-31;Sul;Daniela;Manoela;7002;Smartphone;5;2232,8;1160,97;11164,0;5359,15
2024-06-30;Sudeste;Daniela;João;7002;Smartphone;3;2825,59;2021,81;8476,77;2411,34
2025-09-30;Nordeste;Eduardo;Manoela;7002;Smartphone;9;1629,72;1209,83;14667,48;3779,01
2022-11-30;Nordeste;Fernanda;João;1005;Headset;3;4248,41;3142,17;12745,23;3318,72
2024-12-31;Nordeste;Fernanda;Felipe;7002;Smartphone;1;2657,13;1809,88;2657,13;847,25
2022-08-31;Centro-Oeste;Daniela;Marisa;3003;Placa de Vídeo NVidia;1;3197,06;1921,67;3197,06;1275,39
2022-04-30;Sudeste;Carlos;Manoela;9001;Notebook;4;1484,73;1167,84;5938,92;1267,56
2024-01-31;Centro-Oeste;Daniela;João;5004;Monitor;5;1931,96;1498,25;9659,8;2168,55
2024-09-30;Sudeste;Fernanda;João;9001;Notebook;3;4921,76;3149,38;14765,28;5317,14
2024-06-30;Sudeste;Bruno;Ciro;5004;Monitor;4;1228,01;747,71;4912,04;1921,2
2024-02-29;Nordeste;Carlos;Ciro;2006;WebCam 4k;5;2619,75;2069,85;13098,75;2749,5
2024-01-31;Sul;Bruno;Antonia;1005;Headset;8;3954,62;2155,06;31636,96;14396,48
2025-04-30;Nordeste;Ana;Marisa;7002;Smartphone;5;3816,64;2627,05;19083,2;5947,95
2023-10-31;Nordeste;Bruno;Manoela;7002;Smartphone;8;3566,94;2460,81;28535,52;8849,04
2024-07-31;Centro-Oeste;Daniela;Marisa;9001;Notebook;1;4606,05;2424,61;4606,05;2181,44
2024-06-30;Nordeste;Daniela;Felipe;3003;Placa de Vídeo NVidia;5;4275,04;2687,75;21375,2;7936,45
2025-04-30;Sul;Carlos;João;3003;Placa de Vídeo NVidia;5;1912,66;1298,91;9563,3;3068,75
2022-01-31;Sul;Daniela;Felipe;7002;Smartphone;6;4710,38;2914,28;28262,28;10776,6
2024-04-30;Sul;Carlos;Felipe;3003;Placa de Vídeo NVidia;6;3581,4;1997,97;21488,4;9500,58
2025-09-30;Norte;Ana;João;9001;Notebook;3;3333,14;2656,81;9999,42;2028,99
2023-12-31;Nordeste;Eduardo;Antonia;3003;Placa de Vídeo NVidia;9;2463,76;1954,06;22173,84;4587,3
2025-07-31;Centro-Oeste;Carlos;Felipe;1005;Headset;3;973,64;598,28;2920,92;1126,08
2024-01-31;Centro-Oeste;Carlos;Marisa;1005;Headset;4;4495,89;2501,87;17983,56;7976,08
2025-07-31;Centro-Oeste;Daniela;Antonia;9001;Notebook;1;2253,99;1533,98;2253,99;720,01
2023-12-31;Centro-Oeste;Bruno;Ciro;9001;Notebook;4;4201,44;2269,57;16805,76;7727,48
2023-02-28;Norte;Carlos;Manoela;1005;Headset;1;2614,64;1748,1;2614,64;866,54
2024-03-31;Sudeste;Daniela;Manoela;1005;Headset;1;2493,13;1853,09;2493,13;640,04
2025-04-30;Sul;Fernanda;João;2006;WebCam 4k;4;2979,95;2153,41;11919,8;3306,16
2023-10-31;Sudeste;Carlos;Marisa;2006;WebCam 4k;2;4317,09;2762,25;8634,18;3109,68
2022-01-31;Sudeste;Bruno;Ciro;1005;Headset;4;1106,93;604,44;4427,72;2009,96
2023-01-31;Nordeste;Bruno;Ciro;2006;WebCam 4k;2;632,16;340,49;1264,32;583,34
2025-05-31;Sul;Carlos;Ciro;1005;Headset;7;2499,21;1692,96;17494,47;5643,75
2022-06-30;Sul;Carlos;Manoela;2006;WebCam 4k;7;3962,32;2899,5;27736,24;7439,74
2024-11-30;Norte;Daniela;Antonia;7002;Smartphone;2;1252,8;809,42;2505,6;886,76
2024-04-30;Nordeste;Ana;Felipe;2006;WebCam 4k;1;1909,68;969,2;1909,68;940,48
2023-05-31;Nordeste;Eduardo;Ciro;3003;Placa de Vídeo NVidia;9;1133,25;729,65;10199,25;3632,4
2022-02-28;Centro-Oeste;Eduardo;Antonia;9001;Notebook;5;4829,39;2621,13;24146,95;11041,3
2023-10-31;Norte;Fernanda;Marisa;5004;Monitor;2;2669,85;1423,24;5339,7;2493,22
2022-03-31;Nordeste;Daniela;Manoela;9001;Notebook;1;2120,01;1277,64;2120,01;842,37
2024-01-31;Sul;Ana;Ciro;1005;Headset;4;4417,48;3393,35;17669,92;4096,52
2023-10-31;Sudeste;Eduardo;Ciro;3003;Placa de Vídeo NVidia;1;4445,1;3357,7;4445,1;1087,4
2025-07-31;Sul;Carlos;Ciro;5004;Monitor;3;877,6;470,39;2632,8;1221,63
2022-06-30;Nordeste;Carlos;Marisa;1005;Headset;2;3356,16;2437,45;6712,32;1837,42
2025-01-31;Nordeste;Fernanda;João;9001;Notebook;1;4819,88;2774,95;4819,88;2044,93
2025-02-28;Norte;Fernanda;Antonia;7002;Smartphone;4;3042,28;2021,44;12169,12;4083,36
2023-01-31;Sudeste;Ana;João;9001;Notebook;8;4964,3;3121,64;39714,4;14741,28
2025-04-30;Sudeste;Daniela;Antonia;1005;Headset;3;1944,21;1206,23;5832,63;2213,94
2022-11-30;Norte;Daniela;Antonia;3003;Placa de Vídeo NVidia;4;2978,94;2227,03;11915,76;3007,64
2022-08-31;Norte;Ana;Manoela;7002;Smartphone;2;4936,06;3271,8;9872,12;3328,52
2023-10-31;Centro-Oeste;Carlos;Marisa;7002;Smartphone;9;753,38;410,62;6780,42;3084,84
2023-12-31;Nordeste;Eduardo;Antonia;1005;Headset;5;1027,34;814,63;5136,7;1063,55
2022-06-30;Norte;Daniela;Antonia;3003;Placa de Vídeo NVidia;5;2741,76;2130,07;13708,8;3058,45
2024-03-31;Nordeste;Bruno;João;1005;Headset;1;1325,92;1047,92;1325,92;278,0
2023-12-31;Sudeste;Daniela;Marisa;9001;Notebook;8;4769,3;2491,42;38154,4;18223,04
2022-06-30;Centro-Oeste;Bruno;João;5004;Monitor;7;3108,55;1860,13;21759,85;8738,94
2023-08-31;Norte;Fernanda;Marisa;3003;Placa de Vídeo NVidia;9;1652,74;1156,93;14874,66;4462,29
2024-01-31;Centro-Oeste;Ana;Antonia;1005;Headset;1;2215,26;1674,67;2215,26;540,59
2025-05-31;Centro-Oeste;Carlos;Ciro;7002;Smartphone;3;1547,03;1200,4;4641,09;1039,89
2025-05-31;Sul;Eduardo;Ciro;2006;WebCam 4k;3;1346,7;1011,5;4040,1;1005,6
2022-12-31;Sul;Daniela;Marisa;2006;WebCam 4k;2;3506,42;2686,49;7012,84;1639,86
2022-09-30;Sul;Eduardo;Marisa;5004;Monitor;1;4821,72;2903,84;4821,72;1917,88
2022-01-31;Sudeste;Eduardo;Felipe;9001;Notebook;2;2046,06;1251,98;4092,12;1588,16
2022-12-31;Sudeste;Carlos;Manoela;1005;Headset;6;1926,32;1367,3;11557,92;3354,12
2024-07-31;Norte;Bruno;João;5004;Monitor;2;4868,66;3250,67;9737,32;3235,98
2022-10-31;Sudeste;Bruno;Ciro;7002;Smartphone;4;2307,05;1316,27;9228,2;3963,12
2025-05-31;Nordeste;Carlos;Felipe;1005;Headset;8;1439,09;1103,87;11512,72;2681,76
2022-08-31;Nordeste;Ana;Ciro;7002;Smartphone;5;684,8;371,12;3424,0;1568,4
2025-07-31;Sudeste;Carlos;João;3003;Placa de Vídeo NVidia;3;3391,99;2602,49;10175,97;2368,5
2023-09-30;Centro-Oeste;Bruno;Manoela;7002;Smartphone;2;2061,6;1532,57;4123,2;1058,06
2023-12-31;Norte;Ana;Antonia;2006;WebCam 4k;8;4534,1;2663,7;36272,8;14963,2
2025-10-31;Centro-Oeste;Carlos;Marisa;9001;Notebook;4;2042,6;1540,45;8170,4;2008,6
2025-02-28;Sul;Eduardo;Felipe;1005;Headset;4;2215,48;1544,02;8861,92;2685,84
2025-04-30;Norte;Daniela;Antonia;3003;Placa de Vídeo NVidia;9;2153,1;1211,71;19377,9;8472,51
2024-12-31;Nordeste;Carlos;Ciro;5004;Monitor;3;2062,71;1077,34;6188,13;2956,11
2024-12-31;Sul;Bruno;Felipe;7002;Smartphone;3;3273,31;1830,77;9819,93;4327,62
2022-05-31;Sul;Eduardo;Felipe;5004;Monitor;3;4788,9;2420,63;14366,7;7104,81
2022-02-28;Sul;Ana;Antonia;2006;WebCam 4k;2;4179,64;2446,7;8359,28;3465,88
2024-11-30;Sudeste;Fernanda;João;3003;Placa de Vídeo NVidia;9;3222,13;2014,25;28999,17;10870,92
2023-01-31;Norte;Eduardo;Antonia;2006;WebCam 4k;3;3397,08;1848,01;10191,24;4647,21
2023-02-28;Centro-Oeste;Carlos;Antonia;1005;Headset;5;3493,96;2096,25;17469,8;6988,55
2025-03-31;Sudeste;Bruno;Manoela;7002;Smartphone;4;2062,86;1059,39;8251,44;4013,88
2023-10-31;Sul;Bruno;Antonia;3003;Placa de Vídeo NVidia;7;3681,75;2302,64;25772,25;9653,77
2022-07-31;Norte;Fernanda;Antonia;5004;Monitor;2;1768,9;1291,6;3537,8;954,6
2023-10-31;Sul;Carlos;Ciro;3003;Placa de Vídeo NVidia;4;2004,58;1270,8;8018,32;2935,12
2023-08-31;Nordeste;Eduardo;João;7002;Smartphone;3;890,51;489,92;2671,53;1201,77
2024-03-31;Norte;Ana;Ciro;7002;Smartphone;6;3357,73;2679,96;20146,38;4066,62
2022-12-31;Nordeste;Bruno;Manoela;7002;Smartphone;8;1170,49;658,29;9363,92;4097,6
2025-08-31;Sudeste;Carlos;Felipe;3003;Placa de Vídeo NVidia;5;764,68;496,97;3823,4;1338,55
2023-10-31;Norte;Ana;Ciro;2006;WebCam 4k;2;3527,46;2805,61;7054,92;1443,7
2024-01-31;Nordeste;Bruno;João;9001;Notebook;9;3387,92;2415,61;30491,28;8750,79
2024-01-31;Sudeste;Eduardo;Ciro;5004;Monitor;5;788,66;597,35;3943,3;956,55
2024-07-31;Sudeste;Carlos;Manoela;2006;WebCam 4k;4;3118,21;1673,44;12472,84;5779,08
2022-02-28;Centro-Oeste;Ana;Ciro;9001;Notebook;5;4806,15;2884,52;24030,75;9608,15
2023-09-30;Sudeste;Bruno;João;3003;Placa de Vídeo NVidia;4;4394,29;3510,0;17577,16;3537,16
2024-09-30;Nordeste;Bruno;João;2006;WebCam 4k;1;3182,7;1746,69;3182,7;1436,01
2024-10-31;Sudeste;Carlos;Manoela;5004;Monitor;3;622,41;384,48;1867,23;713,79
2024-08-31;Nordeste;Bruno;Ciro;7002;Smartphone;9;4701,43;2916,81;42312,87;16061,58
2022-08-31;Sul;Fernanda;João;3003;Placa de Vídeo NVidia;7;2341,36;1179,66;16389,52;8131,9
2022-08-31;Nordeste;Carlos;João;3003;Placa de Vídeo NVidia;8;2527,78;1929,24;20222,24;4788,32
2023-04-30;Centro-Oeste;Ana;Manoela;7002;Smartphone;1;1558,33;1142,91;1558,33;415,42
2022-02-28;Sudeste;Eduardo;Manoela;7002;Smartphone;8;2078,9;1427,23;16631,2;5213,36
2024-10-31;Norte;Carlos;João;3003;Placa de Vídeo NVidia;1;2540,88;1486,8;2540,88;1054,08
2024-03-31;Sul;Eduardo;Marisa;9001;Notebook;8;743,87;530,42;5950,96;1707,6
2022-01-31;Centro-Oeste;Daniela;Felipe;9001;Notebook;3;4371,6;2406,04;13114,8;5896,68
2023-09-30;Sudeste;Carlos;Marisa;1005;Headset;5;2876,22;2036,8;14381,1;4197,1
2022-09-30;Nordeste;Ana;Ciro;7002;Smartphone;4;3078,24;2235,33;12312,96;3371,64
2025-04-30;Centro-Oeste;Ana;Antonia;1005;Headset;8;2943,34;2140,34;23546,72;6424,0
2025-07-31;Nordeste;Carlos;Ciro;5004;Monitor;1;1281,38;880,8;1281,38;400,58
2022-10-31;Centro-Oeste;Carlos;João;9001;Notebook;3;2448,48;1602,19;7345,44;2538,87
2023-02-28;Nordeste;Bruno;Antonia;7002;Smartphone;3;4821,82;2793,2;14465,46;6085,86
2024-09-30;Norte;Eduardo;Ciro;2006;WebCam 4k;4;2200,6;1291,5;8802,4;3636,4
2022-09-30;Sul;Bruno;Ciro;2006;WebCam 4k;7;2275,17;1755,17;15926,19;3640,0
2023-02-28;Sudeste;Carlos;Antonia;9001;Notebook;5;2090,53;1114,74;10452,65;4878,95
2025-08-31;Sudeste;Ana;Marisa;3003;Placa de Vídeo NVidia;3;716,75;463,91;2150,25;758,52
2022-07-31;Sul;Eduardo;Felipe;5004;Monitor;7;572,89;298,57;4010,23;1920,24
2025-04-30;Sul;Carlos;João;3003;Placa de Vídeo NVidia;4;2688,66;1531,96;10754,64;4626,8
2022-06-30;Centro-Oeste;Ana;Ciro;3003;Placa de Vídeo NVidia;8;4641,87;3661,73;37134,96;7841,12
2022-07-31;Sul;Fernanda;Marisa;3003;Placa de Vídeo NVidia;5;3417,44;2343,54;17087,2;5369,5
2025-10-31;Nordeste;Fernanda;Antonia;5004;Monitor;9;4120,33;2769,33;37082,97;12159,0
2023-08-31;Norte;Ana;João;3003;Placa de Vídeo NVidia;9;4874,19;2591,34;43867,71;20545,65
2023-07-31;Sudeste;Eduardo;Felipe;1005;Headset;9;4723,82;3365,46;42514,38;12225,24
2025-06-30;Sudeste;Fernanda;Felipe;5004;Monitor;7;2482,77;1357,8;17379,39;7874,79
2024-09-30;Centro-Oeste;Eduardo;Marisa;9001;Notebook;3;1177,89;876,2;3533,67;905,07
2022-11-30;Sul;Fernanda;João;2006;WebCam 4k;6;1077,1;738,54;6462,6;2031,36
2025-03-31;Sul;Ana;Marisa;5004;Monitor;7;2068,75;1631,79;14481,25;3058,72
2023-02-28;Sul;Eduardo;Felipe;7002;Smartphone;2;3957,94;2976,7;7915,88;1962,48
2023-06-30;Sudeste;Ana;Marisa;3003;Placa de Vídeo NVidia;6;3790,17;2388,45;22741,02;8410,32
2023-08-31;Sudeste;Bruno;Felipe;3003;Placa de Vídeo NVidia;8;3455,22;2433,68;27641,76;8172,32
2022-10-31;Nordeste;Fernanda;Marisa;1005;Headset;9;2156,56;1602,47;19409,04;4986,81
2023-07-31;Centro-Oeste;Fernanda;Marisa;7002;Smartphone;3;2419,43;1413,65;7258,29;3017,34
2023-11-30;Nordeste;Ana;Manoela;2006;WebCam 4k;5;3349,75;2423,28;16748,75;4632,35
2025-10-31;Sudeste;Fernanda;Antonia;2006;WebCam 4k;6;1716,72;1231,37;10300,32;2912,1
2025-01-31;Centro-Oeste;Daniela;João;3003;Placa de Vídeo NVidia;6;4538,02;3544,66;27228,12;5960,16
2024-06-30;Sul;Fernanda;Felipe;5004;Monitor;3;4425,27;3137,51;13275,81;3863,28
2024-06-30;Centro-Oeste;Daniela;Marisa;5004;Monitor;3;3578,88;2503,24;10736,64;3226,92
2024-11-30;Norte;Eduardo;Ciro;3003;Placa de Vídeo NVidia;9;1129,54;840,09;10165,86;2605,05
2022-10-31;Centro-Oeste;Ana;Marisa;7002;Smartphone;8;922,29;689,27;7378,32;1864,16
2025-04-30;Sudeste;Ana;Marisa;5004;Monitor;3;2595,02;1762,9;7785,06;2496,36
2023-03-31;Norte;Ana;Marisa;9001;Notebook;1;3066,17;1824,85;3066,17;1241,32
2024-12-31;Norte;Bruno;Antonia;3003;Placa de Vídeo NVidia;1;956,79;567,04;956,79;389,75
2022-03-31;Nordeste;Carlos;João;3003;Placa de Vídeo NVidia;2;2110,61;1110,75;4221,22;1999,72
2025-06-30;Sul;Fernanda;João;9001;Notebook;2;948,61;673,02;1897,22;551,18
2023-02-28;Norte;Eduardo;Felipe;5004;Monitor;1;708,89;407,38;708,89;301,51
2023-10-31;Sudeste;Eduardo;Marisa;7002;Smartphone;3;2943,56;2285,56;8830,68;1974,0
2024-10-31;Sudeste;Carlos;Felipe;5004;Monitor;6;564,6;298,71;3387,6;1595,34
2022-03-31;Centro-Oeste;Bruno;Felipe;1005;Headset;3;1117,86;593,43;3353,58;1573,29
2023-08-31;Norte;Carlos;João;5004;Monitor;9;4256,95;3033,71;38312,55;11009,16
2022-01-31;Sudeste;Fernanda;Marisa;5004;Monitor;2;4348,75;2820,7;8697,5;3056,1
2022-03-31;Centro-Oeste;Carlos;Antonia;7002;Smartphone;7;3232,97;2147,56;22630,79;7597,87
2022-04-30;Sul;Eduardo;Ciro;7002;Smartphone;7;4398,79;3250,04;30791,53;8041,25
2022-05-31;Norte;Fernanda;Felipe;9001;Notebook;3;4372,62;2406,14;13117,86;5899,44
2024-12-31;Norte;Ana;Marisa;9001;Notebook;5;2970,86;1525,71;14854,3;7225,75
2024-12-31;Norte;Carlos;Antonia;2006;WebCam 4k;1;3469,09;2338,5;3469,09;1130,59
2023-06-30;Norte;Bruno;Manoela;2006;WebCam 4k;9;4152,16;2976,38;37369,44;10582,02
2022-12-31;Sudeste;Carlos;João;2006;WebCam 4k;6;1401,51;1100,47;8409,06;1806,24
2022-01-31;Norte;Bruno;João;7002;Smartphone;6;969,39;718,92;5816,34;1502,82
2023-03-31;Nordeste;Bruno;João;7002;Smartphone;5;1314,58;691,26;6572,9;3116,6
2023-05-31;Norte;Daniela;Felipe;7002;Smartphone;2;3228,65;2451,3;6457,3;1554,7
2024-02-29;Nordeste;Bruno;Antonia;9001;Notebook;1;1853,73;1223,9;1853,73;629,83
2024-05-31;Norte;Daniela;João;2006;WebCam 4k;1;2238,06;1786,25;2238,06;451,81
2022-06-30;Sudeste;Daniela;Felipe;5004;Monitor;8;4336,18;2791,63;34689,44;12356,4
2024-04-30;Centro-Oeste;Carlos;Felipe;1005;Headset;5;1663,95;834,19;8319,75;4148,8
2023-06-30;Centro-Oeste;Bruno;Marisa;1005;Headset;3;4114,65;2140,23;12343,95;5923,26
2023-01-31;Sul;Ana;Manoela;2006;WebCam 4k;2;2719,37;2076,2;5438,74;1286,34
2024-11-30;Sul;Eduardo;Antonia;2006;WebCam 4k;4;4687,38;2608,94;18749,52;8313,76
2025-07-31;Norte;Fernanda;Marisa;2006;WebCam 4k;5;2910,65;1531,78;14553,25;6894,35
2022-06-30;Sudeste;Ana;Marisa;2006;WebCam 4k;3;1648,17;1156,14;4944,51;1476,09
2024-12-31;Norte;Carlos;João;1005;Headset;6;3940,7;2651,2;23644,2;7737,0
2023-03-31;Nordeste;Carlos;Felipe;3003;Placa de Vídeo NVidia;4;2004,58;1571,98;8018,32;1730,4
2024-10-31;Norte;Ana;Ciro;9001;Notebook;8;4015,66;2728,18;32125,28;10299,84
2022-03-31;Centro-Oeste;Daniela;Manoela;5004;Monitor;3;2955,58;1784,81;8866,74;3512,31
2022-02-28;Nordeste;Carlos;Ciro;7002;Smartphone;1;4774,82;2931,54;4774,82;1843,28
2025-02-28;Nordeste;Fernanda;Manoela;2006;WebCam 4k;6;996,09;634,82;5976,54;2167,62
2022-05-31;Sudeste;Eduardo;Marisa;3003;Placa de Vídeo NVidia;7;4174,53;3226,0;29221,71;6639,71
2022-04-30;Nordeste;Ana;João;7002;Smartphone;5;2718,4;1953,17;13592,0;3826,15
2024-06-30;Sudeste;Bruno;Antonia;2006;WebCam 4k;6;2825,33;1590,3;16951,98;7410,18
2023-01-31;Sul;Carlos;Marisa;5004;Monitor;9;554,24;380,02;4988,16;1567,98
2023-03-31;Norte;Fernanda;Ciro;3003;Placa de Vídeo NVidia;8;728,94;378,12;5831,52;2806,56
2025-02-28;Norte;Ana;João;2006;WebCam 4k;7;4163,02;3279,42;29141,14;6185,2
2025-03-31;Sudeste;Carlos;Manoela;7002;Smartphone;4;3643,91;1959,54;14575,64;6737,48
2023-12-31;Nordeste;Bruno;Felipe;2006;WebCam 4k;5;3879,1;3069,3;19395,5;4049,0
2024-12-31;Norte;Daniela;Felipe;7002;Smartphone;5;647,44;499,91;3237,2;737,65
2025-07-31;Sul;Eduardo;João;1005;Headset;8;4623,26;2781,4;36986,08;14734,88
2023-11-30;Sudeste;Daniela;Antonia;7002;Smartphone;1;2507,98;1726,24;2507,98;781,74
2025-07-31;Norte;Fernanda;Marisa;5004;Monitor;7;4915,31;3339,68;34407,17;11029,41
2024-08-31;Sudeste;Daniela;Manoela;9001;Notebook;7;4521,72;2306,87;31652,04;15503,95
2022-08-31;Centro-Oeste;Ana;Felipe;1005;Headset;7;3250,37;2408,15;22752,59;5895,54
2025-01-31;Centro-Oeste;Bruno;João;2006;WebCam 4k;5;1183,88;788,52;5919,4;1976,8
2023-12-31;Centro-Oeste;Daniela;Ciro;5004;Monitor;7;1691,8;1049,23;11842,6;4497,99
2024-09-30;Norte;Carlos;Manoela;7002;Smartphone;5;3622,49;2413,78;18112,45;6043,55
2023-03-31;Centro-Oeste;Eduardo;Ciro;1005;Headset;2;3529,18;2324,26;7058,36;2409,84
2024-08-31;Sul;Fernanda;Manoela;5004;Monitor;6;1627,71;815,99;9766,26;4870,32
2023-09-30;Norte;Bruno;Antonia;9001;Notebook;6;4230,79;2957,46;25384,74;7639,98
2022-01-31;Sul;Bruno;Antonia;5004;Monitor;1;2522,22;1644,31;2522,22;877,91
2023-07-31;Sul;Carlos;Manoela;3003;Placa de Vídeo NVidia;6;898,38;694,44;5390,28;1223,64
2024-10-31;Sul;Daniela;Antonia;9001;Notebook;1;1087,28;565,03;1087,28;522,25
2022-02-28;Sudeste;Fernanda;Antonia;5004;Monitor;7;3799,76;2427,47;26598,32;9606,03
2022-04-30;Sul;Bruno;Antonia;2006;WebCam 4k;2;3612,03;2851,23;7224,06;1521,6
2022-06-30;Sudeste;Bruno;Antonia;1005;Headset;9;3463,31;1739,73;31169,79;15512,22
2025-03-31;Norte;Ana;Felipe;1005;Headset;4;3176,74;2305,15;12706,96;3486,36
2023-07-31;Centro-Oeste;Carlos;Ciro;2006;WebCam 4k;9;3223,29;1885,52;29009,61;12039,93
2025-07-31;Sudeste;Carlos;Felipe;9001;Notebook;2;1102,41;777,22;2204,82;650,38
2025-10-31;Centro-Oeste;Eduardo;Felipe;5004;Monitor;6;4438,31;2461,4;26629,86;11861,46
2024-06-30;Sudeste;Ana;Marisa;1005;Headset;6;2637,06;1577,66;15822,36;6356,4
2022-12-31;Nordeste;Carlos;João;9001;Notebook;2;4979,11;2931,14;9958,22;4095,94
2022-12-31;Nordeste;Bruno;Antonia;5004;Monitor;6;866,76;666,2;5200,56;1203,36
2024-12-31;Sul;Fernanda;Antonia;7002;Smartphone;3;1330,46;856,83;3991,38;1420,89
2024-06-30;Centro-Oeste;Eduardo;Antonia;3003;Placa de Vídeo NVidia;8;545,15;393,91;4361,2;1209,92
2023-10-31;Centro-Oeste;Carlos;Felipe;3003;Placa de Vídeo NVidia;4;3884,86;2529,21;15539,44;5422,6
2024-10-31;Sudeste;Eduardo;João;2006;WebCam 4k;6;856,08;477,83;5136,48;2269,5
2024-10-31;Sudeste;Bruno;Marisa;9001;Notebook;2;3458,41;1882,59;6916,82;3151,64
2022-04-30;Nordeste;Fernanda;Antonia;2006;WebCam 4k;9;4450,19;2370,45;40051,71;18717,66
2022-09-30;Sudeste;Fernanda;Ciro;1005;Headset;3;4421,38;3076,22;13264,14;4035,48
2022-11-30;Sul;Daniela;João;2006;WebCam 4k;5;2916,27;2079,13;14581,35;4185,7
2023-07-31;Norte;Ana;Manoela;1005;Headset;1;3869,67;2971,3;3869,67;898,37
2022-07-31;Sul;Carlos;Marisa;9001;Notebook;3;4646,95;3315,44;13940,85;3994,53
2024-06-30;Sul;Eduardo;Felipe;5004;Monitor;6;3285,83;1908,61;19714,98;8263,32
2024-04-30;Nordeste;Ana;Ciro;3003;Placa de Vídeo NVidia;8;2511,93;1767,72;20095,44;5953,68
2024-08-31;Sudeste;Fernanda;João;9001;Notebook;2;1631,96;881,22;3263,92;1501,48
2022-11-30;Centro-Oeste;Eduardo;Ciro;2006;WebCam 4k;4;1446,89;1042,34;5787,56;1618,2
2024-01-31;Sudeste;Daniela;Ciro;5004;Monitor;2;4182,55;2615,69;8365,1;3133,72
2025-02-28;Norte;Daniela;Antonia;7002;Smartphone;4;3267,23;1695,41;13068,92;6287,28
2024-01-31;Nordeste;Daniela;Felipe;1005;Headset;6;2555,91;1809,82;15335,46;4476,54
2023-07-31;Norte;Eduardo;João;7002;Smartphone;7;1833,51;1154,41;12834,57;4753,7
2022-05-31;Norte;Ana;Marisa;2006;WebCam 4k;7;2338,29;1361,1;16368,03;6840,33
2022-07-31;Sudeste;Fernanda;Antonia;3003;Placa de Vídeo NVidia;5;2650,08;1844,25;13250,4;4029,15
2023-06-30;Sul;Daniela;Ciro;9001;Notebook;2;4993,35;2741,52;9986,7;4503,66
2023-07-31;Norte;Eduardo;Ciro;2006;WebCam 4k;2;4193,44;2187,55;8386,88;4011,78
2025-03-31;Sudeste;Ana;Manoela;9001;Notebook;8;1877,56;1166,81;15020,48;5686,0
2024-05-31;Norte;Daniela;Antonia;7002;Smartphone;8;4504,06;3027,58;36032,48;11811,84
2023-12-31;Centro-Oeste;Ana;Ciro;9001;Notebook;9;4207,03;3157,58;37863,27;9445,05
2023-01-31;Nordeste;Ana;João;7002;Smartphone;8;1036,18;624,23;8289,44;3295,6
2023-09-30;Sul;Carlos;João;7002;Smartphone;1;2155,53;1526,51;2155,53;629,02
2023-06-30;Norte;Ana;João;2006;WebCam 4k;8;2800,07;1746,48;22400,56;8428,72
2024-02-29;Norte;Fernanda;Ciro;3003;Placa de Vídeo NVidia;1;3098,24;2066,22;3098,24;1032,02
2025-10-31;Sudeste;Bruno;Marisa;5004;Monitor;3;1682,21;879,96;5046,63;2406,75
2022-04-30;Sudeste;Ana;João;9001;Notebook;2;821,97;417,74;1643,94;808,46
2025-03-31;Sudeste;Carlos;Manoela;5004;Monitor;5;1084,09;632,89;5420,45;2256,0
2025-01-31;Centro-Oeste;Daniela;Manoela;9001;Notebook;2;4541,04;3222,12;9082,08;2637,84
2023-08-31;Norte;Daniela;Felipe;3003;Placa de Vídeo NVidia;7;1787,74;982,88;12514,18;5634,02
2024-06-30;Nordeste;Ana;Antonia;5004;Monitor;4;2221,74;1220,05;8886,96;4006,76
2023-05-31;Centro-Oeste;Fernanda;Ciro;9001;Notebook;2;3347,43;2319,59;6694,86;2055,68
2023-09-30;Nordeste;Fernanda;Felipe;2006;WebCam 4k;5;3118,27;2198,06;15591,35;4601,05
2025-09-30;Nordeste;Daniela;Marisa;2006;WebCam 4k;1;4520,48;2312,04;4520,48;2208,44
2025-05-31;Nordeste;Daniela;Felipe;7002;Smartphone;1;1225,98;722,46;1225,98;503,52
2023-12-31;Nordeste;Daniela;Marisa;2006;WebCam 4k;4;2422,94;1838,21;9691,76;2338,92
2022-11-30;Sudeste;Ana;João;1005;Headset;3;1968,16;1424,33;5904,48;1631,49
2022-12-31;Nordeste;Fernanda;Ciro;5004;Monitor;7;4132,32;2283,68;28926,24;12940,48
2023-11-30;Centro-Oeste;Daniela;João;7002;Smartphone;2;2622,63;1954,04;5245,26;1337,18
2022-10-31;Centro-Oeste;Eduardo;Antonia;7002;Smartphone;5;2014,43;1372,01;10072,15;3212,1
2025-06-30;Norte;Eduardo;Manoela;2006;WebCam 4k;7;2480,97;1343,35;17366,79;7963,34
2024-06-30;Nordeste;Eduardo;Manoela;3003;Placa de Vídeo NVidia;2;3189,17;1941,46;6378,34;2495,42
2023-06-30;Nordeste;Fernanda;Ciro;2006;WebCam 4k;3;608,87;483,15;1826,61;377,16
2024-04-30;Nordeste;Ana;Felipe;2006;WebCam 4k;5;1261,51;997,48;6307,55;1320,15
2022-08-31;Norte;Daniela;Manoela;5004;Monitor;7;4353,96;3347,4;30477,72;7045,92
2023-12-31;Nordeste;Daniela;Ciro;2006;WebCam 4k;6;966,95;661,27;5801,7;1834,08
2025-07-31;Norte;Eduardo;Ciro;9001;Notebook;4;3196,53;2349,14;12786,12;3389,56
2024-05-31;Nordeste;Bruno;Felipe;2006;WebCam 4k;1;2116,03;1241,1;2116,03;874,93
2022-03-31;Norte;Carlos;Ciro;3003;Placa de Vídeo NVidia;1;3933,51;2450,96;3933,51;1482,55
2024-03-31;Sul;Fernanda;Manoela;3003;Placa de Vídeo NVidia;4;4368,76;2784,57;17475,04;6336,76
2025-06-30;Centro-Oeste;Bruno;João;9001;Notebook;8;821,03;558,45;6568,24;2100,64
2024-12-31;Centro-Oeste;Bruno;Antonia;3003;Placa de Vídeo NVidia;6;2757,47;2098,52;16544,82;3953,7
2025-03-31;Sul;Fernanda;Marisa;2006;WebCam 4k;3;1535,08;964,42;4605,24;1711,98
2025-10-31;Sul;Eduardo;Antonia;3003;Placa de Vídeo NVidia;5;1197,33;741,93;5986,65;2277,0
2024-05-31;Centro-Oeste;Daniela;Marisa;9001;Notebook;1;3510,2;1851,06;3510,2;1659,14
2022-05-31;Centro-Oeste;Ana;Ciro;3003;Placa de Vídeo NVidia;4;3923,27;2139,59;15693,08;7134,72
2024-05-31;Sudeste;Carlos;Manoela;2006;WebCam 4k;9;1203,42;887,61;10830,78;2842,29
2022-12-31;Centro-Oeste;Daniela;Felipe;5004;Monitor;9;2835,71;2090,85;25521,39;6703,74
2024-04-30;Centro-Oeste;Eduardo;Antonia;9001;Notebook;2;4023,64;2624,33;8047,28;2798,62
2024-03-31;Sul;Eduardo;Antonia;7002;Smartphone;9;4211,56;2625,44;37904,04;14275,08
2025-06-30;Sul;Bruno;Felipe;9001;Notebook;9;4137,24;2306,92;37235,16;16472,88
2024-03-31;Centro-Oeste;Fernanda;Manoela;9001;Notebook;6;4214,0;3082,11;25284,0;6791,34
2023-09-30;Centro-Oeste;Bruno;Manoela;2006;WebCam 4k;8;4985,58;2773,11;39884,64;17699,76
2025-02-28;Sul;Fernanda;Ciro;1005;Headset;4;716,1;568,05;2864,4;592,2
2022-11-30;Norte;Carlos;Felipe;9001;Notebook;8;3898,86;2430,65;31190,88;11745,68
2022-02-28;Centro-Oeste;Eduardo;Felipe;7002;Smartphone;4;2333,5;1371,29;9334,0;3848,84
2025-04-30;Centro-Oeste;Ana;Manoela;7002;Smartphone;5;3860,57;2600,13;19302,85;6302,2
2023-02-28;Sul;Ana;Ciro;3003;Placa de Vídeo NVidia;9;2191,8;1746,88;19726,2;4004,28
2022-05-31;Sudeste;Fernanda;João;3003;Placa de Vídeo NVidia;7;2323,72;1566,24;16266,04;5302,36
2022-03-31;Centro-Oeste;Fernanda;Ciro;1005;Headset;2;4100,22;2445,49;8200,44;3309,46
2025-03-31;Nordeste;Fernanda;João;7002;Smartphone;9;4878,22;3796,28;43903,98;9737,46
2023-02-28;Norte;Daniela;Manoela;3003;Placa de Vídeo NVidia;6;3413,5;1949,45;20481,0;8784,3
2025-02-28;Norte;Eduardo;Antonia;7002;Smartphone;8;4561,89;3350,95;36495,12;9687,52
2022-07-31;Sudeste;Ana;Ciro;7002;Smartphone;4;4839,11;3473,29;19356,44;5463,28
2022-08-31;Sudeste;Bruno;Antonia;7002;Smartphone;9;1917,03;1234,88;17253,27;6139,35
2024-11-30;Nordeste;Ana;Marisa;5004;Monitor;2;1738,52;1133,61;3477,04;1209,82
2023-05-31;Sul;Daniela;Antonia;5004;Monitor;4;3574,2;2258,01;14296,8;5264,76
2022-05-31;Sul;Bruno;Antonia;5004;Monitor;5;2048,96;1617,82;10244,8;2155,7
2022-04-30;Centro-Oeste;Eduardo;Manoela;7002;Smartphone;2;4690,7;2676,56;9381,4;4028,28
2023-01-31;Nordeste;Ana;Ciro;1005;Headset;5;4956,85;3560,03;24784,25;6984,1
2025-05-31;Nordeste;Eduardo;Antonia;9001;Notebook;9;1799,91;982,84;16199,19;7353,63
2024-10-31;Centro-Oeste;Carlos;Ciro;7002;Smartphone;4;681,44;542,7;2725,76;554,96
2022-12-31;Sul;Carlos;João;2006;WebCam 4k;6;975,87;600,75;5855,22;2250,72
2024-03-31;Centro-Oeste;Ana;Marisa;7002;Smartphone;4;2972,36;2170,2;11889,44;3208,64
2023-09-30;Norte;Fernanda;Felipe;9001;Notebook;4;3801,97;2828,18;15207,88;3895,16
2022-02-28;Centro-Oeste;Daniela;Felipe;2006;WebCam 4k;5;1886,64;1002,57;9433,2;4420,35
2022-12-31;Nordeste;Fernanda;Ciro;1005;Headset;6;2119,83;1527,06;12718,98;3556,62
2024-02-29;Sul;Ana;Felipe;5004;Monitor;2;4225,34;3081,03;8450,68;2288,62
2024-10-31;Sudeste;Ana;Manoela;2006;WebCam 4k;7;2799,23;1693,16;19594,61;7742,49
2024-05-31;Sul;Bruno;Antonia;7002;Smartphone;6;3826,45;2214,11;22958,7;9674,04
2024-09-30;Sudeste;Carlos;Manoela;3003;Placa de Vídeo NVidia;8;1542,97;934,18;12343,76;4870,32
2024-02-29;Sudeste;Carlos;Antonia;2006;WebCam 4k;1;4698,57;3036,4;4698,57;1662,17
2025-07-31;Sul;Fernanda;João;3003;Placa de Vídeo NVidia;8;3801,89;2871,08;30415,12;7446,48
2025-04-30;Nordeste;Bruno;Ciro;3003;Placa de Vídeo NVidia;9;3858,84;2909,15;34729,56;8547,21
2024-07-31;Norte;Carlos;Ciro;7002;Smartphone;7;2506,44;1620,09;17545,08;6204,45
2024-08-31;Nordeste;Carlos;Antonia;3003;Placa de Vídeo NVidia;2;3465,14;2303,73;6930,28;2322,82
2023-01-31;Sul;Daniela;Marisa;7002;Smartphone;4;1859,4;1248,0;7437,6;2445,6
2022-07-31;Norte;Bruno;Manoela;9001;Notebook;7;2916,61;1483,49;20416,27;10031,84
2022-01-31;Centro-Oeste;Daniela;João;2006;WebCam 4k;9;3176,75;1616,11;28590,75;14045,76
2024-11-30;Sudeste;Ana;Felipe;3003;Placa de Vídeo NVidia;8;3787,9;1914,16;30303,2;14989,92
2023-08-31;Centro-Oeste;Fernanda;Antonia;3003;Placa de Vídeo NVidia;4;594,94;368,73;2379,76;904,84
2022-12-31;Centro-Oeste;Bruno;Felipe;2006;WebCam 4k;7;1711,54;1119,57;11980,78;4143,79
2022-11-30;Centro-Oeste;Bruno;Antonia;1005;Headset;2;3731,85;2759,96;7463,7;1943,78
2024-06-30;Nordeste;Daniela;Felipe;9001;Notebook;9;2353,37;1472,64;21180,33;7926,57
2023-12-31;Centro-Oeste;Ana;Marisa;1005;Headset;8;3853,23;2344,75;30825,84;12067,84
2024-04-30;Norte;Eduardo;Ciro;7002;Smartphone;1;3128,69;2218,23;3128,69;910,46
2025-03-31;Centro-Oeste;Ana;Felipe;2006;WebCam 4k;6;1170,67;874,59;7024,02;1776,48
2025-02-28;Centro-Oeste;Eduardo;Antonia;5004;Monitor;1;4660,73;2720,34;4660,73;1940,39
2022-04-30;Centro-Oeste;Bruno;Marisa;9001;Notebook;3;778,58;397,61;2335,74;1142,91
2022-03-31;Sudeste;Carlos;Manoela;9001;Notebook;6;3051,54;1999,48;18309,24;6312,36
2024-10-31;Centro-Oeste;Eduardo;Marisa;7002;Smartphone;8;1533,07;1222,86;12264,56;2481,68
2023-04-30;Norte;Daniela;Antonia;9001;Notebook;7;3851,6;2813,92;26961,2;7263,76
2023-12-31;Norte;Eduardo;Marisa;9001;Notebook;4;3556,1;1800,4;14224,4;7022,8
2022-07-31;Norte;Carlos;Marisa;9001;Notebook;3;2802,37;2018,76;8407,11;2350,83
2022-11-30;Nordeste;Eduardo;Manoela;1005;Headset;7;3152,58;1959,9;22068,06;8348,76
2025-05-31;Centro-Oeste;Ana;Marisa;5004;Monitor;6;3667,78;1843,05;22006,68;10948,38
2024-05-31;Sudeste;Ana;João;2006;WebCam 4k;4;4854,18;3058,78;19416,72;7181,6
2023-03-31;Sudeste;Eduardo;Marisa;3003;Placa de Vídeo NVidia;5;792,0;471,58;3960,0;1602,1
2024-05-31;Centro-Oeste;Daniela;Marisa;2006;WebCam 4k;3;1384,17;1010,29;4152,51;1121,64
2024-09-30;Centro-Oeste;Carlos;João;1005;Headset;5;1357,98;910,01;6789,9;2239,85
2024-01-31;Nordeste;Ana;João;2006;WebCam 4k;8;2346,36;1531,82;18770,88;6516,32
2022-04-30;Centro-Oeste;Daniela;Ciro;5004;Monitor;5;1011,95;687,02;5059,75;1624,65
2025-09-30;Norte;Carlos;João;3003;Placa de Vídeo NVidia;4;4671,44;3120,17;18685,76;6205,08
2023-10-31;Centro-Oeste;Ana;Manoela;9001;Notebook;7;587,76;363,88;4114,32;1567,16
2022-11-30;Sul;Daniela;Ciro;1005;Headset;4;716,52;400,08;2866,08;1265,76
2022-10-31;Centro-Oeste;Eduardo;Ciro;2006;WebCam 4k;5;1117,76;779,18;5588,8;1692,9
2025-09-30;Sudeste;Fernanda;Felipe;5004;Monitor;5;1659,8;1028,17;8299,0;3158,15
2022-10-31;Sudeste;Bruno;Ciro;7002;Smartphone;2;4964,31;2828,4;9928,62;4271,82
2023-07-31;Centro-Oeste;Bruno;João;9001;Notebook;9;886,21;679,44;7975,89;1860,93
2025-09-30;Sudeste;Ana;Manoela;5004;Monitor;7;3841,36;2526,85;26889,52;9201,57
2024-09-30;Sul;Daniela;Antonia;2006;WebCam 4k;3;4516,84;2325,96;13550,52;6572,64
2025-06-30;Sul;Eduardo;Ciro;2006;WebCam 4k;4;1465,58;816,95;5862,32;2594,52
2024-03-31;Sul;Daniela;Marisa;9001;Notebook;4;806,51;498,16;3226,04;1233,4
2023-04-30;Centro-Oeste;Ana;Marisa;1005;Headset;4;594,73;321,69;2378,92;1092,16
2023-05-31;Centro-Oeste;Daniela;Marisa;7002;Smartphone;4;3421,42;2122,44;13685,68;5195,92
2022-05-31;Sul;Fernanda;Marisa;5004;Monitor;3;3080,12;2002,74;9240,36;3232,14
2024-06-30;Sul;Daniela;Manoela;1005;Headset;6;3832,26;2483,39;22993,56;8093,22
2025-02-28;Nordeste;Bruno;Marisa;5004;Monitor;5;571,7;443,85;2858,5;639,25
2023-04-30;Sudeste;Fernanda;Felipe;1005;Headset;1;995,64;571,87;995,64;423,77
2022-02-28;Sul;Eduardo;Ciro;9001;Notebook;1;4048,54;2955,09;4048,54;1093,45
2022-02-28;Nordeste;Daniela;João;1005;Headset;5;3345,32;2180,74;16726,6;5822,9
2023-05-31;Nordeste;Carlos;Marisa;7002;Smartphone;6;4274,66;2231,47;25647,96;12259,14
2025-08-31;Sudeste;Ana;João;7002;Smartphone;5;3936,2;2203,11;19681,0;8665,45
2022-08-31;Sul;Carlos;Marisa;9001;Notebook;1;1892,5;1223,82;1892,5;668,68
2023-11-30;Nordeste;Fernanda;Antonia;7002;Smartphone;7;4524,88;3572,12;31674,16;6669,32
2024-07-31;Sudeste;Ana;Ciro;3003;Placa de Vídeo NVidia;5;4792,91;2498,76;23964,55;11470,75
2023-07-31;Norte;Eduardo;Ciro;7002;Smartphone;2;4001,21;2693,43;8002,42;2615,56
2024-10-31;Norte;Bruno;Ciro;2006;WebCam 4k;6;3568,43;2337,31;21410,58;7386,72
2022-09-30;Sul;Ana;Ciro;3003;Placa de Vídeo NVidia;6;3164,98;1800,74;18989,88;8185,44
2025-08-31;Centro-Oeste;Bruno;Antonia;1005;Headset;8;4554,59;3557,18;36436,72;7979,28
2025-06-30;Sudeste;Fernanda;Ciro;7002;Smartphone;7;2853,76;1581,3;19976,32;8907,22
2023-08-31;Sul;Ana;Manoela;9001;Notebook;7;3333,08;1844,82;23331,56;10417,82
2024-09-30;Sul;Carlos;Ciro;3003;Placa de Vídeo NVidia;8;613,72;416,22;4909,76;1580,0
2023-09-30;Nordeste;Carlos;Felipe;7002;Smartphone;1;999,02;788,94;999,02;210,08
2024-02-29;Centro-Oeste;Ana;Antonia;1005;Headset;8;3075,69;1823,35;24605,52;10018,72
2023-03-31;Norte;Daniela;João;7002;Smartphone;8;3844,61;2675,44;30756,88;9353,36
2024-12-31;Centro-Oeste;Carlos;Marisa;5004;Monitor;2;2787,98;1890,88;5575,96;1794,2
2025-03-31;Sul;Daniela;João;2006;WebCam 4k;3;2173,43;1276,74;6520,29;2690,07
2024-10-31;Sudeste;Carlos;Antonia;9001;Notebook;1;4439,09;3261,74;4439,09;1177,35
2025-08-31;Centro-Oeste;Carlos;Marisa;3003;Placa de Vídeo NVidia;5;3490,27;2204,39;17451,35;6429,4
2023-10-31;Centro-Oeste;Daniela;Manoela;7002;Smartphone;8;1319,33;867,92;10554,64;3611,28
2023-07-31;Sul;Daniela;Ciro;1005;Headset;6;3597,58;2001,49;21585,48;9576,54
2025-09-30;Nordeste;Bruno;Ciro;1005;Headset;6;4097,73;2110,77;24586,38;11921,76
2023-03-31;Nordeste;Fernanda;Marisa;1005;Headset;5;3619,41;1970,06;18097,05;8246,75
2024-03-31;Centro-Oeste;Carlos;Felipe;1005;Headset;6;1942,07;1199,45;11652,42;4455,72
2022-06-30;Sul;Daniela;Felipe;9001;Notebook;6;4370,37;2304,11;26222,22;12397,56
2023-03-31;Sudeste;Eduardo;Ciro;9001;Notebook;1;1556,14;1102,81;1556,14;453,33
2025-01-31;Sudeste;Ana;Manoela;5004;Monitor;1;1938,09;1510,56;1938,09;427,53
2023-01-31;Nordeste;Daniela;Antonia;3003;Placa de Vídeo NVidia;1;2149,8;1498,64;2149,8;651,16
2022-02-28;Centro-Oeste;Fernanda;Antonia;7002;Smartphone;4;529,89;350,27;2119,56;718,48
2023-12-31;Sul;Ana;Felipe;5004;Monitor;9;549,91;353,5;4949,19;1767,69
2025-01-31;Norte;Daniela;Felipe;2006;WebCam 4k;4;1905,87;1203,05;7623,48;2811,28
2025-07-31;Sudeste;Daniela;Felipe;5004;Monitor;4;4587,96;2312,35;18351,84;9102,44
2025-02-28;Nordeste;Fernanda;Ciro;9001;Notebook;5;3106,33;2201,75;15531,65;4522,9
2025-07-31;Centro-Oeste;Fernanda;Ciro;3003;Placa de Vídeo NVidia;8;827,47;518,0;6619,76;2475,76
2023-04-30;Centro-Oeste;Ana;Manoela;7002;Smartphone;6;4107,86;2557,69;24647,16;9301,02
2024-05-31;Norte;Bruno;Manoela;1005;Headset;7;2203,27;1209,91;15422,89;6953,52
2024-06-30;Norte;Daniela;Marisa;2006;WebCam 4k;2;3067,64;1987,76;6135,28;2159,76
2022-10-31;Norte;Fernanda;Manoela;1005;Headset;4;2562,51;1950,16;10250,04;2449,4
2022-12-31;Centro-Oeste;Eduardo;Ciro;5004;Monitor;8;4961,5;2703,88;39692,0;18060,96
2023-11-30;Nordeste;Fernanda;Felipe;3003;Placa de Vídeo NVidia;1;2651,87;1524,75;2651,87;1127,12
2024-08-31;Sul;Fernanda;Ciro;1005;Headset;5;1435,77;956,94;7178,85;2394,15
2024-06-30;Nordeste;Ana;Marisa;5004;Monitor;7;1264,0;912,6;8848,0;2459,8
2025-06-30;Nordeste;Bruno;Felipe;2006;WebCam 4k;1;2936,44;1872,45;2936,44;1063,99
2024-12-31;Sudeste;Eduardo;João;2006;WebCam 4k;2;3901,67;3003,37;7803,34;1796,6
2024-01-31;Norte;Carlos;João;5004;Monitor;1;3750,49;2602,87;3750,49;1147,62
2024-12-31;Sul;Daniela;Ciro;7002;Smartphone;3;1426,88;787,34;4280,64;1918,62
2025-04-30;Centro-Oeste;Ana;Ciro;5004;Monitor;9;4435,51;3349,99;39919,59;9769,68
2023-07-31;Nordeste;Daniela;Ciro;1005;Headset;3;582,34;428,59;1747,02;461,25
2023-02-28;Sul;Fernanda;Ciro;2006;WebCam 4k;7;1431,8;1136,04;10022,6;2070,32
2025-02-28;Norte;Fernanda;Antonia;5004;Monitor;3;2555,01;1440,96;7665,03;3342,15
2022-07-31;Norte;Bruno;Marisa;5004;Monitor;2;576,99;391,99;1153,98;370,0
2022-08-31;Norte;Fernanda;Antonia;3003;Placa de Vídeo NVidia;4;4110,41;2676,69;16441,64;5734,88
2022-06-30;Sul;Bruno;Marisa;7002;Smartphone;3;3350,02;1791,03;10050,06;4676,97
2025-07-31;Sudeste;Daniela;Ciro;2006;WebCam 4k;4;3572,58;2845,41;14290,32;2908,68
2024-05-31;Sul;Bruno;Antonia;7002;Smartphone;4;4722,56;2860,3;18890,24;7449,04
2025-06-30;Centro-Oeste;Ana;Felipe;2006;WebCam 4k;8;2666,29;1967,09;21330,32;5593,6
2022-04-30;Sul;Daniela;Antonia;5004;Monitor;5;2337,46;1663,52;11687,3;3369,7
2025-07-31;Sul;Ana;Marisa;5004;Monitor;4;4364,78;2789,57;17459,12;6300,84
2024-10-31;Norte;Fernanda;Antonia;5004;Monitor;7;3795,33;2442,17;26567,31;9472,12
2025-09-30;Norte;Eduardo;Marisa;2006;WebCam 4k;3;674,24;385,55;2022,72;866,07
2023-10-31;Centro-Oeste;Fernanda;João;3003;Placa de Vídeo NVidia;6;3461,6;2301,17;20769,6;6962,58
2022-05-31;Sul;Ana;Manoela;3003;Placa de Vídeo NVidia;1;3268,23;2149,46;3268,23;1118,77
2023-05-31;Norte;Ana;Felipe;1005;Headset;7;3662,29;2675,83;25636,03;6905,22
2025-02-28;Sul;Ana;Felipe;7002;Smartphone;7;3228,4;2058,71;22598,8;8187,83
2022-09-30;Centro-Oeste;Bruno;Manoela;9001;Notebook;6;3206,28;2104,32;19237,68;6611,76
2025-04-30;Nordeste;Ana;Manoela;7002;Smartphone;6;743,23;575,34;4459,38;1007,34
2023-05-31;Centro-Oeste;Ana;Marisa;7002;Smartphone;5;2775,91;1829,49;13879,55;4732,1
2024-12-31;Sudeste;Daniela;Antonia;5004;Monitor;6;4718,35;2820,61;28310,1;11386,44
2023-03-31;Sul;Fernanda;Felipe;7002;Smartphone;8;3887,57;2896,31;31100,56;7930,08
2025-09-30;Sudeste;Fernanda;Marisa;3003;Placa de Vídeo NVidia;1;1786,2;1196,53;1786,2;589,67
2023-02-28;Norte;Daniela;Antonia;3003;Placa de Vídeo NVidia;9;1335,4;954,53;12018,6;3427,83
2024-11-30;Centro-Oeste;Fernanda;Felipe;5004;Monitor;6;3330,91;2479,23;19985,46;5110,08
2022-05-31;Nordeste;Ana;Ciro;3003;Placa de Vídeo NVidia;9;1106,45;645,97;9958,05;4144,32
2022-10-31;Centro-Oeste;Fernanda;Manoela;9001;Notebook;7;3675,23;2563,52;25726,61;7781,97
2025-01-31;Centro-Oeste;Eduardo;Manoela;5004;Monitor;9;2887,64;1820,02;25988,76;9608,58
2023-04-30;Centro-Oeste;Carlos;João;9001;Notebook;5;4809,02;3497,93;24045,1;6555,45
2022-01-31;Norte;Eduardo;João;1005;Headset;2;1619,96;929,79;3239,92;1380,34
2025-07-31;Norte;Ana;Antonia;3003;Placa de Vídeo NVidia;3;2975,89;2357,74;8927,67;1854,45
2023-09-30;Sudeste;Ana;João;3003;Placa de Vídeo NVidia;1;3640,39;2823,23;3640,39;817,16
2024-11-30;Nordeste;Ana;Ciro;2006;WebCam 4k;4;2168,5;1118,97;8674,0;4198,12
2023-11-30;Sul;Fernanda;João;3003;Placa de Vídeo NVidia;8;3078,65;2355,65;24629,2;5784,0
2025-10-31;Norte;Carlos;Ciro;5004;Monitor;6;4883,04;2460,02;29298,24;14538,12
2022-03-31;Nordeste;Carlos;Ciro;1005;Headset;8;4057,61;3119,04;32460,88;7508,56
2025-07-31;Centro-Oeste;Daniela;Antonia;5004;Monitor;5;4796,61;3061,52;23983,05;8675,45
2022-10-31;Nordeste;Ana;Felipe;5004;Monitor;6;523,64;292,11;3141,84;1389,18
2023-11-30;Sul;Daniela;Manoela;1005;Headset;1;894,97;560,19;894,97;334,78
2023-08-31;Sul;Fernanda;Ciro;7002;Smartphone;9;1513,95;786,77;13625,55;6544,62
2024-04-30;Nordeste;Daniela;Ciro;3003;Placa de Vídeo NVidia;5;4749,66;2752,22;23748,3;9987,2
2024-08-31;Sudeste;Fernanda;Ciro;7002;Smartphone;3;2781,15;1871,48;8343,45;2729,01
2024-10-31;Sudeste;Daniela;Ciro;9001;Notebook;9;1008,0;595,83;9072,0;3709,53
2025-08-31;Sudeste;Bruno;Marisa;2006;WebCam 4k;9;2706,11;1476,09;24354,99;11070,18
2024-11-30;Sul;Carlos;Marisa;5004;Monitor;7;1282,79;649,98;8979,53;4429,67
2024-07-31;Centro-Oeste;Carlos;Felipe;5004;Monitor;6;4658,17;3217,46;27949,02;8644,26
2024-05-31;Sudeste;Bruno;Ciro;7002;Smartphone;6;738,89;430,22;4433,34;1852,02
2024-12-31;Nordeste;Carlos;João;7002;Smartphone;8;1122,58;593,5;8980,64;4232,64
2023-08-31;Nordeste;Daniela;João;7002;Smartphone;2;1812,13;1007,57;3624,26;1609,12
2022-12-31;Sul;Daniela;João;7002;Smartphone;2;1434,3;926,34;2868,6;1015,92
2025-10-31;Norte;Fernanda;João;3003;Placa de Vídeo NVidia;9;971,34;683,55;8742,06;2590,11
2024-09-30;Norte;Carlos;Felipe;7002;Smartphone;6;939,87;493,88;5639,22;2675,94
2025-10-31;Nordeste;Carlos;João;9001;Notebook;8;3284,91;1807,29;26279,28;11820,96
2023-11-30;Sudeste;Fernanda;Antonia;1005;Headset;7;1931,62;1431,06;13521,34;3503,92
2023-08-31;Centro-Oeste;Bruno;Manoela;1005;Headset;4;3549,9;2442,43;14199,6;4429,88
2024-10-31;Norte;Bruno;Ciro;2006;WebCam 4k;1;1499,93;1058,28;1499,93;441,65
2023-12-31;Sudeste;Bruno;Ciro;5004;Monitor;6;1478,8;1033,92;8872,8;2669,28
2023-11-30;Centro-Oeste;Fernanda;Antonia;7002;Smartphone;5;1583,52;1261,45;7917,6;1610,35
2025-03-31;Sul;Bruno;Felipe;1005;Headset;8;1526,41;1191,49;12211,28;2679,36
2023-06-30;Sul;Eduardo;Felipe;7002;Smartphone;3;2332,91;1242,41;6998,73;3271,5
2023-11-30;Sul;Eduardo;João;7002;Smartphone;9;2540,51;1792,17;22864,59;6735,06
2024-11-30;Sudeste;Ana;Marisa;2006;WebCam 4k;3;684,56;489,33;2053,68;585,69
2023-12-31;Sudeste;Carlos;Marisa;2006;WebCam 4k;2;4101,15;2267,17;8202,3;3667,96
2023-07-31;Sul;Carlos;Ciro;3003;Placa de Vídeo NVidia;5;2535,73;1535,47;12678,65;5001,3
2022-10-31;Nordeste;Carlos;Marisa;2006;WebCam 4k;3;1107,69;712,39;3323,07;1185,9
2022-03-31;Nordeste;Fernanda;João;2006;WebCam 4k;3;2562,36;1327,97;7687,08;3703,17
2025-09-30;Norte;Ana;Manoela;1005;Headset;6;517,52;292,99;3105,12;1347,18
2024-05-31;Sudeste;Fernanda;Marisa;3003;Placa de Vídeo NVidia;2;1384,64;972,72;2769,28;823,84
2025-01-31;Centro-Oeste;Bruno;Manoela;3003;Placa de Vídeo NVidia;8;3322,18;2336,44;26577,44;7885,92
2024-10-31;Sudeste;Daniela;João;1005;Headset;4;2096,85;1491,45;8387,4;2421,6
2023-07-31;Centro-Oeste;Eduardo;Felipe;3003;Placa de Vídeo NVidia;1;3043,02;1534,38;3043,02;1508,64
2022-02-28;Sul;Eduardo;Ciro;2006;WebCam 4k;4;4778,3;3108,98;19113,2;6677,28
2022-04-30;Nordeste;Ana;João;1005;Headset;8;2465,76;1285,08;19726,08;9445,44
2022-04-30;Nordeste;Eduardo;Antonia;1005;Headset;8;2326,48;1564,27;18611,84;6097,68
2025-01-31;Nordeste;Bruno;Manoela;5004;Monitor;4;4547,33;3619,99;18189,32;3709,36
2025-01-31;Centro-Oeste;Daniela;Ciro;9001;Notebook;8;3176,98;1590,12;25415,84;12694,88
2023-05-31;Sul;Daniela;Antonia;5004;Monitor;6;3884,23;2487,68;23305,38;8379,3
2025-08-31;Norte;Bruno;Felipe;5004;Monitor;3;4511,07;2540,5;13533,21;5911,71
2023-12-31;Nordeste;Eduardo;Felipe;1005;Headset;3;2423,5;1697,35;7270,5;2178,45
2025-02-28;Nordeste;Ana;Marisa;9001;Notebook;2;2557,07;1799,78;5114,14;1514,58
2023-12-31;Sudeste;Carlos;João;2006;WebCam 4k;1;1153,38;632,34;1153,38;521,04
2022-04-30;Nordeste;Eduardo;Antonia;5004;Monitor;9;613,25;387,62;5519,25;2030,67
2024-11-30;Norte;Ana;Manoela;5004;Monitor;7;1017,05;750,05;7119,35;1869,0
2024-01-31;Sul;Ana;João;9001;Notebook;3;1139,49;886,42;3418,47;759,21
2024-07-31;Sul;Carlos;Ciro;2006;WebCam 4k;8;1576,64;842,8;12613,12;5870,72
2024-08-31;Sul;Fernanda;Marisa;1005;Headset;8;1641,13;1026,88;13129,04;4914,0
2023-08-31;Sul;Fernanda;Manoela;7002;Smartphone;9;4797,57;3714,49;43178,13;9747,72
2025-06-30;Norte;Eduardo;João;7002;Smartphone;7;596,47;419,37;4175,29;1239,7
2024-12-31;Norte;Eduardo;Manoela;7002;Smartphone;8;3362,92;2634,99;26903,36;5823,44
2023-03-31;Sudeste;Carlos;João;3003;Placa de Vídeo NVidia;6;2116,01;1366,0;12696,06;4500,06
2023-05-31;Centro-Oeste;Ana;Felipe;3003;Placa de Vídeo NVidia;8;4126,07;3084,5;33008,56;8332,56
2023-04-30;Sul;Ana;João;2006;WebCam 4k;5;3795,53;2330,52;18977,65;7325,05
2025-10-31;Sul;Daniela;Ciro;5004;Monitor;3;4405,46;3233,51;13216,38;3515,85
2025-02-28;Centro-Oeste;Eduardo;Felipe;1005;Headset;5;2542,79;1509,52;12713,95;5166,35
2023-08-31;Sudeste;Carlos;Felipe;3003;Placa de Vídeo NVidia;8;2390,46;1896,25;19123,68;3953,68
2025-04-30;Sudeste;Ana;Ciro;1005;Headset;4;4883,16;3145,17;19532,64;6951,96
2022-09-30;Centro-Oeste;Fernanda;João;9001;Notebook;8;2861,59;1518,25;22892,72;10746,72
2023-07-31;Nordeste;Bruno;Manoela;2006;WebCam 4k;3;2996,71;2340,0;8990,13;1970,13
2024-10-31;Nordeste;Daniela;João;7002;Smartphone;9;2865,01;2186,29;25785,09;6108,48
2025-04-30;Norte;Fernanda;Ciro;2006;WebCam 4k;3;3235,79;2129,23;9707,37;3319,68
2024-07-31;Norte;Carlos;Felipe;9001;Notebook;8;3313,83;1895,97;26510,64;11342,88
2022-11-30;Norte;Fernanda;Ciro;9001;Notebook;3;4621,83;3280,83;13865,49;4023,0
2022-10-31;Norte;Eduardo;João;5004;Monitor;3;1709,14;1034,4;5127,42;2024,22
2025-04-30;Nordeste;Ana;Marisa;5004;Monitor;1;4652,91;3548,61;4652,91;1104,3
2025-10-31;Nordeste;Carlos;João;3003;Placa de Vídeo NVidia;5;1047,93;580,99;5239,65;2334,7
2022-08-31;Sul;Fernanda;João;9001;Notebook;5;4093,87;2474,18;20469,35;8098,45
2024-12-31;Sudeste;Bruno;João;5004;Monitor;5;2565,34;1877,13;12826,7;3441,05
2022-08-31;Sul;Ana;Ciro;3003;Placa de Vídeo NVidia;6;780,1;451,52;4680,6;1971,48
2023-01-31;Centro-Oeste;Daniela;Antonia;5004;Monitor;6;2048,65;1077,87;12291,9;5824,68
2024-08-31;Nordeste;Fernanda;João;1005;Headset;2;2090,57;1067,82;4181,14;2045,5
2024-07-31;Sul;Eduardo;Marisa;7002;Smartphone;6;2133,69;1149,08;12802,14;5907,66
2022-04-30;Nordeste;Ana;Marisa;7002;Smartphone;7;2751,16;1757,52;19258,12;6955,48
2024-04-30;Sul;Bruno;Antonia;9001;Notebook;9;3407,03;1760,29;30663,27;14820,66
2025-02-28;Nordeste;Fernanda;Manoela;7002;Smartphone;6;1310,77;811,51;7864,62;2995,56
2023-01-31;Nordeste;Eduardo;Marisa;5004;Monitor;9;2924,71;2083,51;26322,39;7570,8
2024-01-31;Sul;Bruno;Antonia;2006;WebCam 4k;3;2466,08;1591,54;7398,24;2623,62
2022-02-28;Nordeste;Bruno;Felipe;3003;Placa de Vídeo NVidia;5;3914,67;2779,85;19573,35;5674,1
2023-07-31;Sul;Bruno;João;3003;Placa de Vídeo NVidia;2;2982,93;2294,44;5965,86;1376,98
2022-02-28;Norte;Bruno;João;9001;Notebook;3;879,61;470,88;2638,83;1226,19
2023-04-30;Sul;Carlos;João;2006;WebCam 4k;5;1385,93;826,78;6929,65;2795,75
2025-06-30;Sudeste;Bruno;Antonia;5004;Monitor;2;1467,79;965,84;2935,58;1003,9
2023-04-30;Nordeste;Bruno;Felipe;3003;Placa de Vídeo NVidia;5;4643,17;2704,35;23215,85;9694,1
2024-12-31;Norte;Carlos;Felipe;9001;Notebook;6;3352,93;2199,92;20117,58;6918,06
2024-01-31;Sudeste;Bruno;Ciro;7002;Smartphone;6;3975,44;2621,79;23852,64;8121,9
2024-07-31;Centro-Oeste;Eduardo;Antonia;5004;Monitor;4;3445,78;2359,09;13783,12;4346,76
2024-04-30;Sudeste;Eduardo;João;7002;Smartphone;7;1975,51;1429,79;13828,57;3820,04
2023-09-30;Sudeste;Ana;Felipe;7002;Smartphone;7;4746,11;3793,87;33222,77;6665,68
2025-06-30;Nordeste;Bruno;Marisa;1005;Headset;4;2766,55;2193,97;11066,2;2290,32
2024-02-29;Centro-Oeste;Ana;João;2006;WebCam 4k;7;1974,57;1062,78;13821,99;6382,53
2025-06-30;Norte;Carlos;Ciro;1005;Headset;3;4164,95;2533,47;12494,85;4894,44
2023-01-31;Norte;Ana;Marisa;1005;Headset;5;2826,35;1560,9;14131,75;6327,25
2022-09-30;Sudeste;Eduardo;Felipe;3003;Placa de Vídeo NVidia;2;1012,23;553,62;2024,46;917,22
2023-01-31;Sul;Bruno;Marisa;5004;Monitor;7;3286,25;2627,0;23003,75;4614,75
2023-04-30;Norte;Daniela;Ciro;3003;Placa de Vídeo NVidia;2;2568,57;1958,76;5137,14;1219,62
2022-06-30;Sul;Bruno;Ciro;5004;Monitor;8;4876,31;2999,57;39010,48;15013,92
2022-02-28;Sudeste;Fernanda;Manoela;7002;Smartphone;4;1089,1;738,33;4356,4;1403,08
2022-05-31;Norte;Eduardo;João;9001;Notebook;1;3376,73;2227,91;3376,73;1148,82
2024-06-30;Sudeste;Daniela;Ciro;7002;Smartphone;8;1935,34;1160,32;15482,72;6200,16
2025-08-31;Sudeste;Ana;Felipe;1005;Headset;9;773,16;572,3;6958,44;1807,74
2022-01-31;Sudeste;Carlos;Antonia;3003;Placa de Vídeo NVidia;1;3219,88;2108,31;3219,88;1111,57
2024-03-31;Sudeste;Fernanda;Ciro;7002;Smartphone;9;1361,56;749,7;12254,04;5506,74
2022-02-28;Norte;Eduardo;Felipe;3003;Placa de Vídeo NVidia;4;1389,45;892,95;5557,8;1986,0
2024-11-30;Norte;Carlos;Marisa;2006;WebCam 4k;1;4898,06;3313,44;4898,06;1584,62
2024-09-30;Sudeste;Ana;Marisa;3003;Placa de Vídeo NVidia;3;3128,56;1588,39;9385,68;4620,51
2022-12-31;Norte;Fernanda;Felipe;3003;Placa de Vídeo NVidia;1;2569,51;1604,44;2569,51;965,07
2022-08-31;Sul;Ana;Manoela;5004;Monitor;8;3517,45;2642,16;28139,6;7002,32
2022-03-31;Nordeste;Daniela;Marisa;9001;Notebook;4;2155,14;1278,9;8620,56;3504,96
2023-08-31;Nordeste;Daniela;Antonia;7002;Smartphone;3;4608,21;2382,81;13824,63;6676,2
2023-05-31;Nordeste;Bruno;Ciro;5004;Monitor;4;1303,97;1017,63;5215,88;1145,36
2023-06-30;Norte;Fernanda;Ciro;5004;Monitor;1;3075,87;2303,4;3075,87;772,47
2023-01-31;Norte;Eduardo;Marisa;1005;Headset;6;2241,65;1529,54;13449,9;4272,66
2024-03-31;Nordeste;Ana;Felipe;9001;Notebook;6;3159,9;2490,61;18959,4;4015,74
2023-11-30;Norte;Bruno;Felipe;9001;Notebook;3;2955,8;1794,75;8867,4;3483,15
2023-10-31;Nordeste;Fernanda;Marisa;1005;Headset;3;3176,64;1852,19;9529,92;3973,35
2024-03-31;Sul;Bruno;João;1005;Headset;4;4778,05;3197,11;19112,2;6323,76
2022-03-31;Centro-Oeste;Ana;Antonia;1005;Headset;8;1047,54;788,24;8380,32;2074,4
2022-04-30;Norte;Bruno;Ciro;7002;Smartphone;4;4344,71;2958,45;17378,84;5545,04
2024-04-30;Sul;Bruno;João;2006;WebCam 4k;2;1780,84;1414,56;3561,68;732,56
2025-02-28;Norte;Daniela;Marisa;5004;Monitor;7;2264,18;1425,66;15849,26;5869,64
2024-03-31;Centro-Oeste;Eduardo;Manoela;7002;Smartphone;4;3462,27;2635,13;13849,08;3308,56
2023-11-30;Norte;Daniela;Felipe;5004;Monitor;1;4504,15;2374,08;4504,15;2130,07
2022-03-31;Norte;Fernanda;João;9001;Notebook;3;3212,51;1939,93;9637,53;3817,74
2023-09-30;Sudeste;Bruno;João;5004;Monitor;9;506,92;304,09;4562,28;1825,47
2022-06-30;Norte;Ana;Ciro;7002;Smartphone;9;810,85;423,39;7297,65;3487,14
2024-09-30;Sul;Bruno;Felipe;9001;Notebook;2;1017,3;598,07;2034,6;838,46
2024-08-31;Nordeste;Ana;Marisa;9001;Notebook;5;2668,3;1619,62;13341,5;5243,4
2023-07-31;Norte;Carlos;Felipe;5004;Monitor;4;4362,0;3361,97;17448,0;4000,12
2023-01-31;Norte;Eduardo;Felipe;1005;Headset;8;2084,34;1084,61;16674,72;7997,84
2025-07-31;Centro-Oeste;Daniela;Felipe;2006;WebCam 4k;9;3111,41;1736,87;28002,69;12370,86
2023-02-28;Sudeste;Eduardo;Ciro;3003;Placa de Vídeo NVidia;1;2022,47;1327,34;2022,47;695,13
2024-07-31;Centro-Oeste;Bruno;Antonia;9001;Notebook;5;4630,46;2769,82;23152,3;9303,2
2023-10-31;Nordeste;Daniela;Felipe;9001;Notebook;3;2709,85;1436,98;8129,55;3818,61
2023-06-30;Nordeste;Fernanda;Felipe;3003;Placa de Vídeo NVidia;5;954,17;564,59;4770,85;1947,9
2023-06-30;Sul;Bruno;Ciro;9001;Notebook;8;3725,54;2613,81;29804,32;8893,84
2024-09-30;Sudeste;Carlos;Antonia;5004;Monitor;7;2763,24;1548,77;19342,68;8501,29
2024-12-31;Sudeste;Ana;Antonia;1005;Headset;9;1100,06;749,27;9900,54;3157,11
2024-02-29;Nordeste;Bruno;Manoela;9001;Notebook;4;3232,63;1985,66;12930,52;4987,88
2024-04-30;Sul;Ana;Felipe;1005;Headset;7;3338,54;1778,24;23369,78;10922,1
2023-03-31;Centro-Oeste;Bruno;João;3003;Placa de Vídeo NVidia;7;1708,4;1121,65;11958,8;4107,25
2023-02-28;Nordeste;Carlos;João;1005;Headset;2;1593,7;1109,29;3187,4;968,82
2024-12-31;Centro-Oeste;Carlos;João;9001;Notebook;7;4444,42;2984,69;31110,94;10218,11
2022-01-31;Sul;Bruno;Felipe;5004;Monitor;1;4091,19;3067,96;4091,19;1023,23
2024-03-31;Sul;Daniela;Manoela;9001;Notebook;4;4631,23;2670,32;18524,92;7843,64
2022-11-30;Norte;Daniela;Manoela;7002;Smartphone;3;1329,74;689,72;3989,22;1920,06
2022-04-30;Sul;Ana;Ciro;5004;Monitor;3;1984,17;1072,27;5952,51;2735,7
2023-06-30;Sul;Carlos;Manoela;3003;Placa de Vídeo NVidia;7;3721,75;2603,7;26052,25;7826,35
2023-06-30;Centro-Oeste;Carlos;Manoela;7002;Smartphone;1;2750,9;1955,51;2750,9;795,39
2024-09-30;Sudeste;Ana;Ciro;5004;Monitor;3;4608,51;2751,9;13825,53;5569,83
2022-07-31;Norte;Ana;Marisa;2006;WebCam 4k;4;4390,78;3443,31;17563,12;3789,88
2024-10-31;Nordeste;Eduardo;Antonia;5004;Monitor;3;980,37;704,62;2941,11;827,25
2023-09-30;Centro-Oeste;Ana;Manoela;3003;Placa de Vídeo NVidia;6;4282,8;3036,59;25696,8;7477,26
2023-09-30;Sul;Ana;Marisa;2006;WebCam 4k;3;4209,42;2358,3;12628,26;5553,36
2022-04-30;Sul;Daniela;Antonia;7002;Smartphone;6;3955,38;2822,7;23732,28;6796,08
2023-06-30;Centro-Oeste;Bruno;Felipe;9001;Notebook;3;2213,25;1677,56;6639,75;1607,07
2025-05-31;Norte;Eduardo;Ciro;7002;Smartphone;7;3613,77;2217,81;25296,39;9771,72
2025-06-30;Norte;Fernanda;Marisa;1005;Headset;6;4917,14;2767,16;29502,84;12899,88
2023-11-30;Sul;Daniela;Ciro;2006;WebCam 4k;6;1740,61;1231,31;10443,66;3055,8
2023-04-30;Nordeste;Fernanda;João;5004;Monitor;8;1185,77;829,86;9486,16;2847,28
2025-09-30;Centro-Oeste;Bruno;Marisa;1005;Headset;1;3785,51;2765,22;3785,51;1020,29
2023-05-31;Nordeste;Eduardo;Ciro;5004;Monitor;4;2045,86;1452,93;8183,44;2371,72
2024-02-29;Norte;Eduardo;Manoela;5004;Monitor;8;1825,42;1455,52;14603,36;2959,2
2024-02-29;Nordeste;Daniela;Ciro;2006;WebCam 4k;6;4390,15;2443,33;26340,9;11680,92
2022-02-28;Nordeste;Bruno;Manoela;9001;Notebook;1;626,91;351,82;626,91;275,09
2024-12-31;Centro-Oeste;Fernanda;Antonia;2006;WebCam 4k;6;1292,71;808,76;7756,26;2903,7
2023-11-30;Sul;Fernanda;Manoela;9001;Notebook;3;3990,05;2118,29;11970,15;5615,28
2022-12-31;Nordeste;Eduardo;Ciro;3003;Placa de Vídeo NVidia;3;4019,09;2064,24;12057,27;5864,55
2024-11-30;Nordeste;Daniela;João;2006;WebCam 4k;4;3291,2;2196,21;13164,8;4379,96
2025-01-31;Sul;Eduardo;Felipe;2006;WebCam 4k;7;4252,24;3105,23;29765,68;8029,07
2025-05-31;Sudeste;Ana;João;9001;Notebook;5;1284,54;903,35;6422,7;1905,95
2025-05-31;Centro-Oeste;Eduardo;João;5004;Monitor;7;1467,12;809,88;10269,84;4600,68
2024-09-30;Sul;Eduardo;Marisa;9001;Notebook;8;649,57;412,6;5196,56;1895,76
2024-02-29;Centro-Oeste;Carlos;Ciro;2006;WebCam 4k;4;4654,12;2562,56;18616,48;8366,24
2023-02-28;Norte;Daniela;João;9001;Notebook;6;515,88;304,04;3095,28;1271,04
2023-03-31;Centro-Oeste;Carlos;João;9001;Notebook;4;651,22;365,68;2604,88;1142,16
2024-11-30;Sudeste;Daniela;Manoela;3003;Placa de Vídeo NVidia;6;1365,8;698,31;8194,8;4004,94
2025-09-30;Nordeste;Daniela;Felipe;3003;Placa de Vídeo NVidia;4;1730,55;1365,79;6922,2;1459,04
2025-01-31;Centro-Oeste;Fernanda;Antonia;7002;Smartphone;1;1333,06;732,36;1333,06;600,7
2022-10-31;Sudeste;Ana;Felipe;9001;Notebook;9;1107,53;655,25;9967,77;4070,52
2025-04-30;Sul;Eduardo;João;5004;Monitor;9;2366,64;1639,12;21299,76;6547,68
2022-03-31;Sul;Ana;Ciro;7002;Smartphone;1;2617,37;1396,24;2617,37;1221,13
2022-09-30;Sudeste;Carlos;Felipe;7002;Smartphone;5;2895,62;1625,66;14478,1;6349,8
2024-12-31;Centro-Oeste;Carlos;João;7002;Smartphone;8;2883,85;1450,84;23070,8;11464,08
2022-07-31;Norte;Eduardo;Marisa;5004;Monitor;6;4593,25;2943,42;27559,5;9898,98
2025-02-28;Nordeste;Bruno;João;1005;Headset;6;4561,19;2859,06;27367,14;10212,78
2025-05-31;Nordeste;Daniela;Ciro;5004;Monitor;8;1635,69;1084,78;13085,52;4407,28
2022-06-30;Nordeste;Fernanda;João;7002;Smartphone;3;549,53;316,84;1648,59;698,07
2022-12-31;Sudeste;Eduardo;João;3003;Placa de Vídeo NVidia;5;4000,92;2547,35;20004,6;7267,85
2023-08-31;Norte;Bruno;Ciro;7002;Smartphone;9;2091,48;1641,7;18823,32;4048,02
2022-07-31;Norte;Fernanda;Felipe;5004;Monitor;6;3844,85;2503,17;23069,1;8050,08
2023-12-31;Nordeste;Ana;Antonia;3003;Placa de Vídeo NVidia;2;3636,88;2276,44;7273,76;2720,88
2025-03-31;Centro-Oeste;Daniela;Marisa;9001;Notebook;8;2454,56;1909,58;19636,48;4359,84
2022-05-31;Norte;Fernanda;Felipe;7002;Smartphone;1;4447,55;3318,52;4447,55;1129,03
2022-01-31;Centro-Oeste;Fernanda;Manoela;2006;WebCam 4k;4;4600,13;3456,4;18400,52;4574,92
2022-09-30;Sul;Fernanda;Manoela;7002;Smartphone;7;3248,24;2243,61;22737,68;7032,41
2023-05-31;Sudeste;Ana;Antonia;9001;Notebook;2;1331,91;855,3;2663,82;953,22
2024-01-31;Sudeste;Ana;Manoela;2006;WebCam 4k;6;4507,89;3413,97;27047,34;6563,52
2023-08-31;Norte;Fernanda;Felipe;3003;Placa de Vídeo NVidia;3;2138,17;1156,1;6414,51;2946,21
2025-10-31;Sudeste;Bruno;Marisa;2006;WebCam 4k;7;1915,99;1060,54;13411,93;5988,15
2024-09-30;Sul;Eduardo;Felipe;9001;Notebook;6;3902,97;2425,24;23417,82;8866,38
2023-03-31;Sul;Ana;Manoela;2006;WebCam 4k;2;4401,95;3291,07;8803,9;2221,76
2024-06-30;Sul;Eduardo;Marisa;3003;Placa de Vídeo NVidia;6;2563,81;1452,16;15382,86;6669,9
2025-02-28;Sudeste;Fernanda;Marisa;2006;WebCam 4k;2;2162,12;1613,1;4324,24;1098,04
2023-03-31;Centro-Oeste;Daniela;Felipe;3003;Placa de Vídeo NVidia;1;2372,95;1328,54;2372,95;1044,41
2022-03-31;Norte;Ana;Manoela;7002;Smartphone;5;4872,78;2748,47;24363,9;10621,55
2022-06-30;Norte;Ana;João;2006;WebCam 4k;5;1464,54;979,9;7322,7;2423,2
2023-04-30;Norte;Ana;Marisa;3003;Placa de Vídeo NVidia;8;3001,87;2226,61;24014,96;6202,08
2022-11-30;Sudeste;Fernanda;Marisa;9001;Notebook;1;679,58;357,12;679,58;322,46
2025-04-30;Nordeste;Bruno;João;3003;Placa de Vídeo NVidia;4;2461,09;1419,01;9844,36;4168,32
2023-03-31;Sul;Carlos;Felipe;7002;Smartphone;5;2669,71;1673,97;13348,55;4978,7
2023-04-30;Sudeste;Carlos;Antonia;3003;Placa de Vídeo NVidia;3;2610,06;1775,72;7830,18;2503,02
2022-03-31;Nordeste;Ana;Ciro;7002;Smartphone;4;3631,2;2903,74;14524,8;2909,84
2022-09-30;Centro-Oeste;Carlos;Antonia;7002;Smartphone;3;2961,11;1898,37;8883,33;3188,22
2025-09-30;Centro-Oeste;Eduardo;João;2006;WebCam 4k;5;3327,93;1836,8;16639,65;7455,65
2025-04-30;Sudeste;Fernanda;Manoela;9001;Notebook;2;4695,83;2546,26;9391,66;4299,14
2023-09-30;Centro-Oeste;Eduardo;Marisa;1005;Headset;6;4377,03;2965,16;26262,18;8471,22
2024-02-29;Nordeste;Bruno;Marisa;9001;Notebook;6;2653,94;1766,06;15923,64;5327,28
2025-02-28;Sudeste;Eduardo;Marisa;3003;Placa de Vídeo NVidia;7;1293,78;930,49;9056,46;2543,03
2025-06-30;Sudeste;Eduardo;Ciro;9001;Notebook;8;605,34;328,38;4842,72;2215,68
2024-06-30;Sudeste;Daniela;João;1005;Headset;1;1334,83;726,56;1334,83;608,27
2022-11-30;Sul;Bruno;Manoela;2006;WebCam 4k;9;3603,48;2614,42;32431,32;8901,54
2024-11-30;Sudeste;Bruno;Felipe;3003;Placa de Vídeo NVidia;7;1778,61;1340,08;12450,27;3069,71
2023-11-30;Centro-Oeste;Carlos;Manoela;1005;Headset;1;3092,39;2331,5;3092,39;760,89
2022-02-28;Centro-Oeste;Daniela;Antonia;2006;WebCam 4k;3;4339,55;3239,34;13018,65;3300,63
2022-07-31;Sul;Daniela;João;3003;Placa de Vídeo NVidia;2;1460,98;826,22;2921,96;1269,52
2025-04-30;Centro-Oeste;Eduardo;Antonia;2006;WebCam 4k;9;3934,55;2737,78;35410,95;10770,93
2023-10-31;Sudeste;Eduardo;Antonia;2006;WebCam 4k;8;2225,61;1263,29;17804,88;7698,56
2022-01-31;Nordeste;Daniela;Ciro;7002;Smartphone;6;4123,08;2967,9;24738,48;6931,08
2024-10-31;Centro-Oeste;Fernanda;Marisa;2006;WebCam 4k;6;1839,94;1186,89;11039,64;3918,3
2023-02-28;Nordeste;Bruno;Manoela;9001;Notebook;6;2066,34;1395,15;12398,04;4027,14
2025-10-31;Nordeste;Ana;Marisa;2006;WebCam 4k;5;3915,19;2113,14;19575,95;9010,25
2023-08-31;Norte;Fernanda;Felipe;1005;Headset;2;2341,29;1593,51;4682,58;1495,56
2025-06-30;Norte;Carlos;João;1005;Headset;4;4966,98;2742,93;19867,92;8896,2
2024-05-31;Norte;Fernanda;Ciro;3003;Placa de Vídeo NVidia;5;4885,46;3454,12;24427,3;7156,7
2022-12-31;Nordeste;Carlos;Antonia;2006;WebCam 4k;4;1340,29;940,25;5361,16;1600,16
2024-06-30;Sudeste;Fernanda;João;2006;WebCam 4k;1;4441,7;3433,52;4441,7;1008,18
2025-04-30;Sudeste;Eduardo;Felipe;2006;WebCam 4k;4;1392,69;850,35;5570,76;2169,36
2022-12-31;Nordeste;Daniela;João;5004;Monitor;7;1531,8;933,4;10722,6;4188,8
2023-05-31;Sul;Eduardo;Manoela;2006;WebCam 4k;8;3396,31;1940,02;27170,48;11650,32
2024-05-31;Nordeste;Daniela;João;1005;Headset;7;2277,92;1644,49;15945,44;4434,01
2024-10-31;Sul;Eduardo;Felipe;3003;Placa de Vídeo NVidia;8;675,24;454,03;5401,92;1769,68
2025-09-30;Nordeste;Ana;João;7002;Smartphone;9;2951,56;2286,93;26564,04;5981,67
2024-08-31;Centro-Oeste;Daniela;Manoela;2006;WebCam 4k;5;1402,01;978,73;7010,05;2116,4
2023-10-31;Norte;Bruno;Antonia;7002;Smartphone;8;4430,78;3088,66;35446,24;10736,96
2023-03-31;Nordeste;Eduardo;Manoela;5004;Monitor;4;1824,98;1267,03;7299,92;2231,8
2025-02-28;Nordeste;Bruno;Felipe;1005;Headset;8;4363,03;3092,39;34904,24;10165,12
2023-05-31;Sul;Daniela;João;9001;Notebook;3;4760,76;2986,49;14282,28;5322,81
2024-06-30;Centro-Oeste;Fernanda;Marisa;2006;WebCam 4k;6;1790,57;1006,92;10743,42;4701,9
2022-01-31;Norte;Daniela;Antonia;9001;Notebook;8;986,64;716,93;7893,12;2157,68
2024-07-31;Norte;Fernanda;Ciro;2006;WebCam 4k;7;1745,76;928,09;12220,32;5723,69
2023-03-31;Sul;Eduardo;Marisa;7002;Smartphone;2;991,57;519,75;1983,14;943,64
2025-09-30;Centro-Oeste;Eduardo;Felipe;3003;Placa de Vídeo NVidia;3;2503,6;1670,54;7510,8;2499,18
2025-09-30;Norte;Ana;Manoela;3003;Placa de Vídeo NVidia;2;4040,93;3186,96;8081,86;1707,94
2024-05-31;Centro-Oeste;Bruno;Felipe;5004;Monitor;2;1653,43;1226,38;3306,86;854,1
2025-04-30;Norte;Bruno;Manoela;5004;Monitor;8;3441,94;1966,71;27535,52;11801,84
2024-07-31;Sudeste;Eduardo;Marisa;1005;Headset;9;2619,98;1908,97;23579,82;6399,09
2023-06-30;Nordeste;Carlos;Antonia;2006;WebCam 4k;8;4019,48;2576,28;32155,84;11545,6
2024-06-30;Nordeste;Ana;Felipe;5004;Monitor;8;4536,83;3560,73;36294,64;7808,8
2022-12-31;Centro-Oeste;Eduardo;Ciro;2006;WebCam 4k;4;1213,0;888,02;4852,0;1299,92
2022-08-31;Sul;Ana;Marisa;2006;WebCam 4k;8;4793,93;3714,35;38351,44;8636,64
2022-02-28;Sul;Ana;João;9001;Notebook;1;638,41;477,33;638,41;161,08
2024-03-31;Nordeste;Bruno;Felipe;7002;Smartphone;2;3010,89;1652,73;6021,78;2716,32
2022-06-30;Sudeste;Daniela;João;3003;Placa de Vídeo NVidia;1;1093,72;667,63;1093,72;426,09
2024-11-30;Nordeste;Eduardo;Manoela;9001;Notebook;2;694,27;449,29;1388,54;489,96
2023-06-30;Sul;Eduardo;Manoela;3003;Placa de Vídeo NVidia;9;1931,88;1076,04;17386,92;7702,56
2024-01-31;Sudeste;Eduardo;Felipe;9001;Notebook;1;1658,22;1062,23;1658,22;595,99
2022-09-30;Centro-Oeste;Carlos;Marisa;2006;WebCam 4k;7;1797,66;1245,48;12583,62;3865,26
2023-02-28;Sudeste;Carlos;Manoela;1005;Headset;9;4079,72;2725,24;36717,48;12190,32
2023-04-30;Sul;Eduardo;João;3003;Placa de Vídeo NVidia;2;4003,94;2713,5;8007,88;2580,88
2023-08-31;Centro-Oeste;Daniela;Ciro;2006;WebCam 4k;9;593,7;302,41;5343,3;2621,61
2022-11-30;Norte;Carlos;Manoela;2006;WebCam 4k;7;940,03;585,3;6580,21;2483,11
2023-05-31;Sul;Daniela;Antonia;1005;Headset;2;1909,12;1166,75;3818,24;1484,74
2024-04-30;Sudeste;Carlos;Antonia;1005;Headset;4;3168,09;2344,82;12672,36;3293,08
2024-06-30;Nordeste;Bruno;Antonia;2006;WebCam 4k;8;2262,46;1665,74;18099,68;4773,76
2024-06-30;Centro-Oeste;Fernanda;Marisa;7002;Smartphone;3;2122,22;1378,55;6366,66;2231,01
2022-07-31;Sul;Fernanda;João;2006;WebCam 4k;5;1288,47;901,71;6442,35;1933,8
2024-09-30;Nordeste;Daniela;Ciro;7002;Smartphone;6;4412,94;2661,61;26477,64;10507,98
2023-09-30;Centro-Oeste;Carlos;Antonia;7002;Smartphone;1;3743,31;1987,46;3743,31;1755,85
2025-04-30;Centro-Oeste;Bruno;João;1005;Headset;3;2032,76;1112,5;6098,28;2760,78
2024-11-30;Norte;Bruno;Marisa;3003;Placa de Vídeo NVidia;7;3116,34;2374,1;21814,38;5195,68
2024-02-29;Sudeste;Bruno;Ciro;2006;WebCam 4k;3;4485,11;3167,3;13455,33;3953,43
2022-01-31;Centro-Oeste;Eduardo;Antonia;7002;Smartphone;4;4915,66;3796,89;19662,64;4475,08
2023-02-28;Sul;Fernanda;Ciro;7002;Smartphone;2;3086,79;2438,3;6173,58;1296,98
2022-12-31;Sul;Eduardo;Manoela;7002;Smartphone;5;2431,73;1637,08;12158,65;3973,25
2024-03-31;Norte;Daniela;Marisa;5004;Monitor;5;2774,66;1620,6;13873,3;5770,3
2022-05-31;Norte;Ana;Antonia;9001;Notebook;9;893,99;452,87;8045,91;3970,08
2025-06-30;Sul;Bruno;João;5004;Monitor;4;4765,5;2396,17;19062,0;9477,32
2023-04-30;Nordeste;Daniela;Antonia;7002;Smartphone;1;1454,14;883,14;1454,14;571,0
2022-07-31;Centro-Oeste;Fernanda;Manoela;7002;Smartphone;4;3662,9;2605,56;14651,6;4229,36
2024-04-30;Nordeste;Bruno;João;2006;WebCam 4k;6;4480,68;2859,03;26884,08;9729,9
2023-07-31;Sul;Eduardo;Felipe;2006;WebCam 4k;7;2276,14;1583,96;15932,98;4845,26
2024-02-29;Centro-Oeste;Eduardo;Felipe;1005;Headset;5;1560,61;912,58;7803,05;3240,15
2025-06-30;Norte;Ana;Manoela;9001;Notebook;8;2184,72;1562,76;17477,76;4975,68
2022-01-31;Sul;Carlos;Felipe;5004;Monitor;8;2641,3;1416,89;21130,4;9795,28
2022-01-31;Centro-Oeste;Carlos;João;3003;Placa de Vídeo NVidia;2;2352,86;1201,47;4705,72;2302,78
2022-07-31;Sul;Ana;Ciro;2006;WebCam 4k;5;2789,25;1786,3;13946,25;5014,75
2024-07-31;Nordeste;Ana;Manoela;9001;Notebook;2;4548,01;2280,12;9096,02;4535,78
2023-09-30;Sul;Fernanda;Ciro;2006;WebCam 4k;6;618,83;352,87;3712,98;1595,76
2023-01-31;Sul;Eduardo;Felipe;2006;WebCam 4k;8;3399,15;1772,54;27193,2;13012,88
2025-06-30;Sudeste;Daniela;Ciro;2006;WebCam 4k;5;2772,5;1632,14;13862,5;5701,8
2022-10-31;Centro-Oeste;Eduardo;João;5004;Monitor;9;566,56;356,95;5099,04;1886,49
2025-04-30;Centro-Oeste;Fernanda;Marisa;1005;Headset;5;678,23;475,47;3391,15;1013,8
2022-07-31;Centro-Oeste;Fernanda;Ciro;5004;Monitor;9;4559,79;2829,0;41038,11;15577,11
2024-04-30;Sudeste;Carlos;João;5004;Monitor;5;1054,86;792,23;5274,3;1313,15
2023-11-30;Sul;Ana;Felipe;7002;Smartphone;8;2762,89;1687,82;22103,12;8600,56
2023-02-28;Centro-Oeste;Ana;Ciro;7002;Smartphone;5;3396,1;1800,47;16980,5;7978,15
2023-10-31;Norte;Bruno;Felipe;7002;Smartphone;1;1491,3;1009,48;1491,3;481,82
2025-01-31;Sul;Fernanda;Manoela;7002;Smartphone;6;4571,7;3031,28;27430,2;9242,52
2024-02-29;Norte;Bruno;Marisa;1005;Headset;6;1410,29;933,0;8461,74;2863,74
2025-06-30;Nordeste;Carlos;João;2006;WebCam 4k;6;3847,7;2763,03;23086,2;6508,02
2024-11-30;Norte;Carlos;Manoela;7002;Smartphone;7;2192,43;1597,32;15347,01;4165,77
2023-10-31;Sul;Fernanda;Manoela;1005;Headset;7;3518,86;2153,01;24632,02;9560,95
2024-06-30;Sul;Carlos;Ciro;9001;Notebook;1;2033,39;1227,09;2033,39;806,3
2022-10-31;Norte;Bruno;Manoela;1005;Headset;5;4879,24;3317,35;24396,2;7809,45
2023-12-31;Centro-Oeste;Daniela;Marisa;5004;Monitor;4;4856,25;3567,45;19425,0;5155,2
2025-09-30;Sul;Fernanda;Marisa;3003;Placa de Vídeo NVidia;8;2300,89;1453,53;18407,12;6778,88
2023-12-31;Sul;Carlos;Antonia;1005;Headset;7;1760,42;914,08;12322,94;5924,38
2025-08-31;Sul;Fernanda;Marisa;1005;Headset;8;1917,04;1024,69;15336,32;7138,8
2025-04-30;Centro-Oeste;Ana;Ciro;9001;Notebook;6;1051,6;681,37;6309,6;2221,38
2025-02-28;Norte;Daniela;Ciro;7002;Smartphone;5;4230,08;2181,56;21150,4;10242,6
2025-01-31;Norte;Ana;João;2006;WebCam 4k;5;1386,17;1017,64;6930,85;1842,65
2022-05-31;Nordeste;Ana;Antonia;5004;Monitor;9;4157,31;2143,32;37415,79;18125,91
2022-10-31;Sul;Carlos;Felipe;3003;Placa de Vídeo NVidia;2;4829,72;3544,3;9659,44;2570,84
2022-10-31;Sul;Fernanda;Marisa;5004;Monitor;6;4598,8;2495,13;27592,8;12622,02
2023-01-31;Sul;Carlos;Marisa;5004;Monitor;3;972,59;637,75;2917,77;1004,52
2024-05-31;Sul;Fernanda;Marisa;7002;Smartphone;6;4993,42;3632,88;29960,52;8163,24
2023-08-31;Centro-Oeste;Bruno;João;7002;Smartphone;2;1256,84;755,33;2513,68;1003,02
2023-09-30;Norte;Eduardo;Manoela;2006;WebCam 4k;7;576,8;355,3;4037,6;1550,5
2023-12-31;Centro-Oeste;Eduardo;João;1005;Headset;5;4304,79;3241,6;21523,95;5315,95
2024-10-31;Sul;Fernanda;Felipe;2006;WebCam 4k;7;2376,82;1498,23;16637,74;6150,13
2025-08-31;Sudeste;Ana;Felipe;1005;Headset;4;3538,51;2160,95;14154,04;5510,24
2025-06-30;Norte;Fernanda;Antonia;7002;Smartphone;2;2764,69;2081,26;5529,38;1366,86
2022-11-30;Sudeste;Carlos;Marisa;7002;Smartphone;9;2637,56;1653,01;23738,04;8860,95
2023-03-31;Norte;Carlos;Manoela;7002;Smartphone;5;2521,82;1542,61;12609,1;4896,05
2025-07-31;Sul;Carlos;Marisa;3003;Placa de Vídeo NVidia;9;1424,68;1001,07;12822,12;3812,49
2023-05-31;Centro-Oeste;Eduardo;Manoela;9001;Notebook;4;1586,41;795,35;6345,64;3164,24
2025-02-28;Norte;Carlos;Marisa;7002;Smartphone;2;4650,73;3578,98;9301,46;2143,5
2025-04-30;Norte;Ana;Ciro;2006;WebCam 4k;2;1691,2;1347,92;3382,4;686,56
2024-06-30;Centro-Oeste;Bruno;João;3003;Placa de Vídeo NVidia;2;1490,56;1190,01;2981,12;601,1
2023-03-31;Sudeste;Eduardo;Antonia;3003;Placa de Vídeo NVidia;8;1487,66;795,67;11901,28;5535,92
2023-03-31;Nordeste;Fernanda;Manoela;1005;Headset;9;1729,03;1058,98;15561,27;6030,45
2023-08-31;Norte;Bruno;Felipe;5004;Monitor;9;3891,15;2777,41;35020,35;10023,66
2024-04-30;Centro-Oeste;Daniela;Manoela;5004;Monitor;4;3927,19;2163,39;15708,76;7055,2
2024-11-30;Norte;Ana;João;9001;Notebook;6;4585,97;2801,62;27515,82;10706,1
2023-06-30;Sul;Eduardo;Marisa;2006;WebCam 4k;4;4135,23;3099,77;16540,92;4141,84
2024-11-30;Norte;Daniela;Antonia;7002;Smartphone;6;4189,84;3209,63;25139,04;5881,26
2024-11-30;Sudeste;Daniela;João;7002;Smartphone;9;2920,77;2208,41;26286,93;6411,24
2025-08-31;Sudeste;Ana;Ciro;2006;WebCam 4k;6;1184,92;926,72;7109,52;1549,2
2023-10-31;Centro-Oeste;Bruno;Marisa;7002;Smartphone;3;4379,3;2599,4;13137,9;5339,7
2022-03-31;Sudeste;Carlos;João;9001;Notebook;7;3672,03;2899,67;25704,21;5406,52
2022-06-30;Centro-Oeste;Daniela;Manoela;5004;Monitor;9;1472,93;1116,53;13256,37;3207,6
2023-11-30;Centro-Oeste;Carlos;Manoela;7002;Smartphone;7;3505,26;2595,14;24536,82;6370,84
2023-03-31;Norte;Carlos;Antonia;3003;Placa de Vídeo NVidia;2;978,06;520,48;1956,12;915,16
2023-04-30;Nordeste;Ana;Manoela;2006;WebCam 4k;7;2141,29;1584,62;14989,03;3896,69
2024-09-30;Sul;Bruno;Ciro;5004;Monitor;5;2952,21;1662,08;14761,05;6450,65
2023-07-31;Sul;Carlos;Felipe;2006;WebCam 4k;4;4184,67;2550,81;16738,68;6535,44
2025-07-31;Sul;Eduardo;Manoela;5004;Monitor;8;4714,95;3486,96;37719,6;9823,92
2025-01-31;Centro-Oeste;Bruno;Antonia;7002;Smartphone;4;4275,03;3368,98;17100,12;3624,2
2022-12-31;Sul;Eduardo;Manoela;7002;Smartphone;3;1583,81;839,29;4751,43;2233,56
2024-12-31;Norte;Eduardo;Marisa;3003;Placa de Vídeo NVidia;5;2575,65;2034,42;12878,25;2706,15
2022-07-31;Centro-Oeste;Eduardo;Antonia;9001;Notebook;2;946,08;661,37;1892,16;569,42
2025-09-30;Sudeste;Ana;Marisa;5004;Monitor;5;1965,28;1414,31;9826,4;2754,85
2023-03-31;Nordeste;Ana;Manoela;9001;Notebook;3;1857,12;1288,07;5571,36;1707,15
2023-07-31;Sul;Carlos;Felipe;9001;Notebook;8;3368,51;2084,81;26948,08;10269,6
2024-03-31;Nordeste;Bruno;Ciro;5004;Monitor;5;916,87;728,98;4584,35;939,45
2023-03-31;Sudeste;Bruno;Ciro;2006;WebCam 4k;2;3571,78;2278,21;7143,56;2587,14
2024-07-31;Centro-Oeste;Bruno;Marisa;3003;Placa de Vídeo NVidia;2;4469,08;3307,73;8938,16;2322,7
2025-03-31;Nordeste;Ana;Marisa;2006;WebCam 4k;6;1770,27;1218,14;10621,62;3312,78
2023-12-31;Nordeste;Bruno;Ciro;3003;Placa de Vídeo NVidia;9;1285,84;676,11;11572,56;5487,57
2024-05-31;Norte;Eduardo;Felipe;1005;Headset;7;1809,06;1261,29;12663,42;3834,39
2024-09-30;Sudeste;Eduardo;Ciro;7002;Smartphone;6;948,83;677,33;5692,98;1629,0
2024-03-31;Sudeste;Fernanda;Felipe;2006;WebCam 4k;3;3958,42;2744,09;11875,26;3642,99
2025-09-30;Nordeste;Fernanda;Ciro;9001;Notebook;8;2643,43;1955,24;21147,44;5505,52
2022-06-30;Sudeste;Carlos;Antonia;7002;Smartphone;5;3727,99;2878,12;18639,95;4249,35
2022-12-31;Sul;Daniela;João;2006;WebCam 4k;5;3497,18;2062,26;17485,9;7174,6
2024-07-31;Sul;Ana;Antonia;7002;Smartphone;4;3704,46;2013,05;14817,84;6765,64
2023-05-31;Sul;Carlos;Felipe;7002;Smartphone;4;2525,04;1940,08;10100,16;2339,84
2025-06-30;Centro-Oeste;Eduardo;Manoela;1005;Headset;4;3704,63;2129,39;14818,52;6300,96
2023-02-28;Sudeste;Eduardo;Manoela;7002;Smartphone;3;4635,29;2538,22;13905,87;6291,21
2024-01-31;Sudeste;Daniela;Manoela;7002;Smartphone;7;4929,9;3003,71;34509,3;13483,33
2023-01-31;Norte;Bruno;Ciro;9001;Notebook;7;1924,12;985,68;13468,84;6569,08
2025-02-28;Sudeste;Fernanda;João;1005;Headset;5;1559,33;1215,83;7796,65;1717,5
2025-10-31;Sul;Carlos;Manoela;9001;Notebook;5;1967,02;1048,79;9835,1;4591,15
2023-01-31;Norte;Bruno;João;1005;Headset;8;3396,86;2428,04;27174,88;7750,56
2024-04-30;Norte;Fernanda;Felipe;3003;Placa de Vídeo NVidia;3;725,93;376,76;2177,79;1047,51
2022-07-31;Nordeste;Ana;Ciro;7002;Smartphone;8;4992,84;2589,35;39942,72;19227,92
2023-08-31;Centro-Oeste;Daniela;Manoela;7002;Smartphone;6;2870,36;1794,21;17222,16;6456,9
2022-03-31;Sudeste;Daniela;Felipe;7002;Smartphone;8;3356,46;1768,14;26851,68;12706,56
2023-03-31;Sudeste;Fernanda;João;9001;Notebook;2;850,1;458,14;1700,2;783,92
2022-06-30;Nordeste;Bruno;Antonia;7002;Smartphone;1;4655,77;3143,55;4655,77;1512,22
2024-11-30;Nordeste;Daniela;Manoela;9001;Notebook;2;3913,17;2447,2;7826,34;2931,94
2023-08-31;Centro-Oeste;Eduardo;Ciro;5004;Monitor;8;2183,76;1116,05;17470,08;8541,68
2022-06-30;Centro-Oeste;Eduardo;Marisa;1005;Headset;9;2256,47;1343,2;20308,23;8219,43
2024-09-30;Centro-Oeste;Fernanda;Manoela;9001;Notebook;2;3268,43;2191,5;6536,86;2153,86
2024-07-31;Norte;Carlos;Felipe;3003;Placa de Vídeo NVidia;9;741,38;480,94;6672,42;2343,96
2024-09-30;Sudeste;Ana;Felipe;9001;Notebook;9;3818,39;2700,45;34365,51;10061,46
2022-03-31;Centro-Oeste;Fernanda;Felipe;1005;Headset;3;1822,8;1248,19;5468,4;1723,83
2024-05-31;Norte;Eduardo;Ciro;3003;Placa de Vídeo NVidia;5;1896,59;1456,56;9482,95;2200,15
2024-06-30;Norte;Eduardo;Antonia;1005;Headset;3;1203,23;760,44;3609,69;1328,37
2022-06-30;Centro-Oeste;Eduardo;Manoela;5004;Monitor;8;1906,77;1080,46;15254,16;6610,48
2022-07-31;Nordeste;Carlos;Antonia;2006;WebCam 4k;3;3152,73;2324,04;9458,19;2486,07
2025-04-30;Centro-Oeste;Eduardo;Manoela;1005;Headset;9;4786,62;3122,25;43079,58;14979,33
2022-05-31;Sul;Ana;Marisa;3003;Placa de Vídeo NVidia;1;2465,4;1972,16;2465,4;493,24
2025-07-31;Norte;Bruno;Ciro;1005;Headset;6;1487,41;1132,82;8924,46;2127,54
2025-09-30;Sudeste;Ana;Ciro;5004;Monitor;4;3965,05;2482,76;15860,2;5929,16
2023-01-31;Norte;Daniela;Manoela;2006;WebCam 4k;5;4656,76;2370,87;23283,8;11429,45
2025-05-31;Sudeste;Carlos;Manoela;2006;WebCam 4k;4;873,63;589,73;3494,52;1135,6
2023-06-30;Sul;Ana;Felipe;5004;Monitor;8;623,36;342,07;4986,88;2250,32
2022-08-31;Sul;Daniela;João;2006;WebCam 4k;2;4331,63;2899,59;8663,26;2864,08
2025-03-31;Sul;Fernanda;Manoela;2006;WebCam 4k;3;2328,22;1744,57;6984,66;1750,95
2023-01-31;Norte;Ana;Marisa;7002;Smartphone;5;2581,41;1928,27;12907,05;3265,7
2023-10-31;Nordeste;Daniela;Marisa;3003;Placa de Vídeo NVidia;9;4379,31;2368,56;39413,79;18096,75
2023-03-31;Nordeste;Ana;Manoela;7002;Smartphone;1;1460,33;1079,63;1460,33;380,7
2025-05-31;Sul;Ana;Manoela;1005;Headset;7;1878,95;1134,75;13152,65;5209,4
2024-11-30;Nordeste;Fernanda;Manoela;7002;Smartphone;5;631,51;360,46;3157,55;1355,25
2022-10-31;Norte;Daniela;Felipe;1005;Headset;5;1172,05;775,82;5860,25;1981,15
2022-01-31;Sudeste;Eduardo;Manoela;1005;Headset;6;3794,82;2720,98;22768,92;6443,04
2024-09-30;Centro-Oeste;Bruno;Marisa;9001;Notebook;4;4951,07;2685,19;19804,28;9063,52
2025-09-30;Sul;Daniela;João;5004;Monitor;2;1964,77;1293,96;3929,54;1341,62
2023-04-30;Centro-Oeste;Ana;Manoela;5004;Monitor;8;3465,01;2445,75;27720,08;8154,08
2022-01-31;Nordeste;Ana;Felipe;5004;Monitor;1;3083,07;1984,8;3083,07;1098,27
2024-05-31;Norte;Bruno;Manoela;9001;Notebook;1;2454,76;1491,4;2454,76;963,36
2022-12-31;Centro-Oeste;Bruno;João;3003;Placa de Vídeo NVidia;9;1751,23;984,78;15761,07;6898,05
2022-11-30;Nordeste;Ana;Antonia;7002;Smartphone;3;3440,97;1852,11;10322,91;4766,58
2023-07-31;Norte;Daniela;Ciro;7002;Smartphone;9;3247,29;1843,67;29225,61;12632,58
2022-03-31;Sudeste;Daniela;Manoela;2006;WebCam 4k;1;4511,78;2358,09;4511,78;2153,69
2024-04-30;Centro-Oeste;Daniela;João;9001;Notebook;1;3032,19;1598,58;3032,19;1433,61
2024-10-31;Sul;Daniela;Manoela;3003;Placa de Vídeo NVidia;2;4262,37;2438,1;8524,74;3648,54
2023-08-31;Centro-Oeste;Eduardo;Manoela;7002;Smartphone;8;1047,42;725,51;8379,36;2575,28
2025-07-31;Sul;Bruno;João;3003;Placa de Vídeo NVidia;2;685,63;444,82;1371,26;481,62
2025-08-31;Sul;Bruno;Antonia;5004;Monitor;8;2326,78;1817,93;18614,24;4070,8
2023-01-31;Centro-Oeste;Carlos;Marisa;9001;Notebook;4;4689,02;3616,23;18756,08;4291,16
2022-06-30;Norte;Eduardo;Felipe;5004;Monitor;4;2881,68;1816,22;11526,72;4261,84
2025-03-31;Centro-Oeste;Carlos;Marisa;5004;Monitor;4;1910,89;1191,54;7643,56;2877,4
2025-01-31;Sudeste;Fernanda;Marisa;9001;Notebook;5;3472,56;1806,69;17362,8;8329,35
2024-01-31;Sudeste;Ana;Marisa;2006;WebCam 4k;1;4821,24;2549,75;4821,24;2271,49
2022-05-31;Nordeste;Carlos;Antonia;2006;WebCam 4k;9;3689,18;1975,25;33202,62;15425,37
2022-05-31;Sudeste;Daniela;João;2006;WebCam 4k;9;1446,67;812,81;13020,03;5704,74
2024-12-31;Nordeste;Bruno;Marisa;5004;Monitor;8;2135,39;1693,45;17083,12;3535,52
2025-08-31;Nordeste;Fernanda;Felipe;3003;Placa de Vídeo NVidia;6;3862,11;1997,88;23172,66;11185,38
2023-03-31;Sudeste;Daniela;Ciro;2006;WebCam 4k;3;2109,56;1245,35;6328,68;2592,63
2022-10-31;Sul;Carlos;João;2006;WebCam 4k;4;4977,75;3789,33;19911,0;4753,68
2025-08-31;Sudeste;Daniela;Antonia;9001;Notebook;5;4237,15;2918,12;21185,75;6595,15
2023-08-31;Norte;Ana;Ciro;3003;Placa de Vídeo NVidia;9;3796,69;2483,96;34170,21;11814,57
2023-11-30;Sudeste;Eduardo;Manoela;2006;WebCam 4k;2;1715,12;1084,44;3430,24;1261,36
2022-09-30;Sudeste;Fernanda;Marisa;9001;Notebook;3;3566,93;2638,84;10700,79;2784,27
2024-12-31;Sul;Eduardo;Ciro;5004;Monitor;3;739,42;503,28;2218,26;708,42
2025-10-31;Nordeste;Bruno;Marisa;9001;Notebook;5;687,35;436,96;3436,75;1251,95
2022-12-31;Centro-Oeste;Carlos;Felipe;9001;Notebook;9;1255,85;992,21;11302,65;2372,76
2022-06-30;Centro-Oeste;Bruno;Antonia;3003;Placa de Vídeo NVidia;9;2014,61;1284,1;18131,49;6574,59
2022-02-28;Norte;Ana;Ciro;3003;Placa de Vídeo NVidia;9;575,34;386,64;5178,06;1698,3
2023-12-31;Sudeste;Eduardo;Ciro;2006;WebCam 4k;3;1215,59;730,54;3646,77;1455,15
2024-03-31;Norte;Bruno;Marisa;7002;Smartphone;4;3170,94;1662,7;12683,76;6032,96
2023-05-31;Nordeste;Eduardo;Marisa;5004;Monitor;3;4689,12;3093,56;14067,36;4786,68
2022-12-31;Sul;Eduardo;João;9001;Notebook;3;1459,77;1045,13;4379,31;1243,92
2024-11-30;Sul;Carlos;Antonia;1005;Headset;8;3222,14;2283,28;25777,12;7510,88
2023-04-30;Nordeste;Carlos;Antonia;1005;Headset;7;1361,09;934,98;9527,63;2982,77
2024-11-30;Sudeste;Ana;Ciro;1005;Headset;3;3464,47;2259,67;10393,41;3614,4
2024-11-30;Centro-Oeste;Carlos;Marisa;3003;Placa de Vídeo NVidia;7;3072,5;2332,49;21507,5;5180,07
2024-01-31;Sul;Bruno;Antonia;3003;Placa de Vídeo NVidia;6;2712,18;1881,07;16273,08;4986,66
2023-10-31;Sudeste;Ana;Ciro;9001;Notebook;4;2700,82;1827,74;10803,28;3492,32
2022-08-31;Centro-Oeste;Ana;Felipe;1005;Headset;8;2286,03;1658,93;18288,24;5016,8
2024-04-30;Centro-Oeste;Ana;Ciro;9001;Notebook;6;4345,0;2289,06;26070,0;12335,64
2025-01-31;Sul;Daniela;Felipe;9001;Notebook;2;1149,31;836,46;2298,62;625,7
2023-12-31;Sul;Eduardo;Manoela;7002;Smartphone;2;4031,78;2984,46;8063,56;2094,64
2022-05-31;Sudeste;Bruno;Antonia;9001;Notebook;8;4820,78;3763,06;38566,24;8461,76
2024-07-31;Centro-Oeste;Bruno;Antonia;2006;WebCam 4k;4;3287,93;1646,58;13151,72;6565,4
2024-03-31;Sul;Bruno;João;5004;Monitor;4;2418,15;1686,4;9672,6;2927,0
2024-08-31;Sul;Eduardo;Marisa;1005;Headset;4;3913,24;2281,76;15652,96;6525,92
2023-02-28;Nordeste;Daniela;Felipe;1005;Headset;2;2345,48;1257,09;4690,96;2176,78
2022-06-30;Sul;Ana;Manoela;2006;WebCam 4k;4;899,43;473,41;3597,72;1704,08
2023-10-31;Norte;Bruno;Manoela;3003;Placa de Vídeo NVidia;8;2099,2;1260,05;16793,6;6713,2
2024-09-30;Nordeste;Carlos;Antonia;2006;WebCam 4k;9;1616,05;913,03;14544,45;6327,18
2022-03-31;Sul;Bruno;Marisa;1005;Headset;2;673,3;491,79;1346,6;363,02
2023-04-30;Nordeste;Carlos;Marisa;3003;Placa de Vídeo NVidia;5;1141,81;691,53;5709,05;2251,4
2022-08-31;Nordeste;Bruno;Felipe;2006;WebCam 4k;8;3634,06;2732,58;29072,48;7211,84
2024-05-31;Sudeste;Daniela;Ciro;2006;WebCam 4k;7;1763,62;1394,83;12345,34;2581,53
2022-09-30;Nordeste;Daniela;Manoela;7002;Smartphone;5;2154,37;1263,86;10771,85;4452,55
2023-04-30;Sul;Eduardo;João;7002;Smartphone;4;1116,09;820,45;4464,36;1182,56
2023-07-31;Sul;Daniela;Marisa;9001;Notebook;2;4864,11;2677,53;9728,22;4373,16
2025-04-30;Nordeste;Fernanda;João;1005;Headset;5;1475,89;788,4;7379,45;3437,45
2025-03-31;Sudeste;Ana;Antonia;2006;WebCam 4k;4;1379,44;1001,04;5517,76;1513,6
2025-02-28;Nordeste;Carlos;Antonia;1005;Headset;1;2949,84;1814,23;2949,84;1135,61
2023-12-31;Sudeste;Ana;Felipe;3003;Placa de Vídeo NVidia;1;2978,85;1872,27;2978,85;1106,58
2023-09-30;Sudeste;Daniela;Manoela;9001;Notebook;4;2613,55;1867,57;10454,2;2983,92
2025-08-31;Centro-Oeste;Bruno;Antonia;9001;Notebook;9;917,62;502,52;8258,58;3735,9
2023-06-30;Centro-Oeste;Eduardo;João;3003;Placa de Vídeo NVidia;4;4118,44;2475,66;16473,76;6571,12
2024-02-29;Norte;Bruno;Marisa;9001;Notebook;5;518,61;263,0;2593,05;1278,05
2024-07-31;Sudeste;Eduardo;Antonia;9001;Notebook;8;4309,93;3051,17;34479,44;10070,08
2022-10-31;Nordeste;Carlos;Ciro;5004;Monitor;9;2174,34;1191,91;19569,06;8841,87
2022-03-31;Norte;Bruno;Marisa;9001;Notebook;5;3601,02;2013,4;18005,1;7938,1
2025-02-28;Nordeste;Carlos;Ciro;1005;Headset;5;1006,04;536,2;5030,2;2349,2
2023-12-31;Sudeste;Bruno;Manoela;9001;Notebook;8;3830,92;2648,89;30647,36;9456,24
2024-10-31;Sudeste;Bruno;Manoela;2006;WebCam 4k;3;1007,63;711,59;3022,89;888,12
2025-05-31;Sul;Carlos;Antonia;3003;Placa de Vídeo NVidia;1;4202,59;2126,75;4202,59;2075,84
2024-01-31;Sudeste;Ana;Felipe;3003;Placa de Vídeo NVidia;6;738,2;518,09;4429,2;1320,66
2024-11-30;Sudeste;Bruno;Ciro;5004;Monitor;6;2540,34;1646,21;15242,04;5364,78
2023-09-30;Centro-Oeste;Daniela;Antonia;9001;Notebook;7;2641,43;1704,95;18490,01;6555,36
2023-03-31;Sul;Daniela;Felipe;2006;WebCam 4k;2;2617,7;1309,55;5235,4;2616,3
2025-06-30;Centro-Oeste;Bruno;Antonia;1005;Headset;8;4018,96;2325,0;32151,68;13551,68
2025-10-31;Nordeste;Ana;Marisa;2006;WebCam 4k;5;853,85;469,89;4269,25;1919,8
2023-04-30;Centro-Oeste;Fernanda;Antonia;1005;Headset;5;4882,25;3133,65;24411,25;8743,0
2023-02-28;Nordeste;Daniela;Ciro;5004;Monitor;1;2809,54;2070,71;2809,54;738,83
2025-08-31;Sul;Eduardo;João;2006;WebCam 4k;8;4111,06;2274,14;32888,48;14695,36
2024-09-30;Centro-Oeste;Carlos;Manoela;2006;WebCam 4k;9;1518,66;1058,47;13667,94;4141,71
2023-08-31;Centro-Oeste;Ana;Ciro;7002;Smartphone;7;1602,85;1206,17;11219,95;2776,76
2023-07-31;Nordeste;Carlos;Manoela;1005;Headset;3;3092,62;1674,81;9277,86;4253,43
2023-05-31;Sul;Daniela;João;9001;Notebook;8;1331,77;693,79;10654,16;5103,84
2023-03-31;Sudeste;Daniela;Felipe;5004;Monitor;3;2729,87;1732,55;8189,61;2991,96
2022-05-31;Norte;Eduardo;João;5004;Monitor;9;1124,39;759,03;10119,51;3288,24
2025-07-31;Norte;Bruno;João;7002;Smartphone;2;2086,62;1339,16;4173,24;1494,92
2022-06-30;Sul;Carlos;Ciro;2006;WebCam 4k;7;4138,51;2750,97;28969,57;9712,78
2025-07-31;Nordeste;Carlos;Felipe;1005;Headset;6;4071,56;2627,93;24429,36;8661,78
2023-05-31;Centro-Oeste;Carlos;Manoela;7002;Smartphone;2;1030,53;615,23;2061,06;830,6
2024-01-31;Sudeste;Daniela;Felipe;1005;Headset;3;1504,78;1142,4;4514,34;1087,14
2023-09-30;Nordeste;Fernanda;Antonia;2006;WebCam 4k;7;1893,37;1094,79;13253,59;5590,06
2024-08-31;Norte;Fernanda;Antonia;1005;Headset;3;3770,94;2278,69;11312,82;4476,75
2023-06-30;Sudeste;Ana;Ciro;2006;WebCam 4k;5;1264,84;717,96;6324,2;2734,4
2024-03-31;Norte;Ana;Antonia;7002;Smartphone;1;3085,53;1995,92;3085,53;1089,61
2022-02-28;Nordeste;Ana;Ciro;5004;Monitor;2;3569,19;2393,35;7138,38;2351,68
2023-06-30;Norte;Fernanda;Marisa;7002;Smartphone;3;2824,91;1659,27;8474,73;3496,92
2023-10-31;Nordeste;Ana;João;1005;Headset;4;1854,07;1353,83;7416,28;2000,96
2023-08-31;Sul;Eduardo;Ciro;2006;WebCam 4k;5;3782,86;2068,43;18914,3;8572,15
2025-08-31;Norte;Bruno;Ciro;1005;Headset;2;3980,03;2958,77;7960,06;2042,52
2022-03-31;Sul;Carlos;Antonia;2006;WebCam 4k;1;4915,74;2970,15;4915,74;1945,59
2023-10-31;Sul;Bruno;Antonia;5004;Monitor;5;1286,78;751,92;6433,9;2674,3
2025-04-30;Sudeste;Bruno;Felipe;3003;Placa de Vídeo NVidia;9;4094,09;2087,78;36846,81;18056,79
2024-09-30;Norte;Fernanda;Ciro;7002;Smartphone;4;1106,4;783,59;4425,6;1291,24
2024-10-31;Centro-Oeste;Fernanda;Ciro;2006;WebCam 4k;3;4735,82;3696,61;14207,46;3117,63
2023-05-31;Centro-Oeste;Daniela;Antonia;5004;Monitor;6;1749,01;1060,23;10494,06;4132,68
2022-07-31;Centro-Oeste;Ana;Antonia;3003;Placa de Vídeo NVidia;5;4583,41;2585,15;22917,05;9991,3
2022-05-31;Nordeste;Daniela;Marisa;9001;Notebook;6;3458,24;2381,69;20749,44;6459,3
2025-08-31;Norte;Eduardo;Marisa;2006;WebCam 4k;1;3186,78;2393,52;3186,78;793,26
2022-08-31;Centro-Oeste;Fernanda;Manoela;2006;WebCam 4k;4;2815,97;2192,54;11263,88;2493,72
2023-08-31;Centro-Oeste;Carlos;João;3003;Placa de Vídeo NVidia;6;4015,15;2322,96;24090,9;10153,14
2025-03-31;Norte;Daniela;João;9001;Notebook;8;2840,04;2092,39;22720,32;5981,2
2024-09-30;Centro-Oeste;Daniela;João;3003;Placa de Vídeo NVidia;8;3052,7;2069,07;24421,6;7869,04
2023-12-31;Sul;Fernanda;João;1005;Headset;6;4894,09;3014,61;29364,54;11276,88
2022-11-30;Sul;Eduardo;Antonia;7002;Smartphone;9;2060,79;1639,67;18547,11;3790,08
2022-05-31;Norte;Ana;Antonia;2006;WebCam 4k;1;3682,01;2569,2;3682,01;1112,81
2022-10-31;Nordeste;Daniela;Ciro;5004;Monitor;7;3459,19;1974,77;24214,33;10390,94
2024-03-31;Sudeste;Carlos;Manoela;2006;WebCam 4k;4;3093,12;1650,79;12372,48;5769,32
2022-12-31;Norte;Bruno;Antonia;7002;Smartphone;8;2978,04;2343,33;23824,32;5077,68
2025-02-28;Norte;Eduardo;Ciro;1005;Headset;1;920,28;638,72;920,28;281,56
2022-08-31;Sul;Bruno;Antonia;1005;Headset;9;1988,96;1308,21;17900,64;6126,75
2025-04-30;Norte;Carlos;João;1005;Headset;4;1145,82;864,75;4583,28;1124,28
2022-10-31;Sul;Eduardo;João;3003;Placa de Vídeo NVidia;1;620,13;389,43;620,13;230,7
2023-12-31;Nordeste;Fernanda;Felipe;1005;Headset;9;3397,89;2666,47;30581,01;6582,78
2024-03-31;Sul;Bruno;Marisa;1005;Headset;8;1483,12;1053,29;11864,96;3438,64
2023-07-31;Centro-Oeste;Ana;Manoela;9001;Notebook;5;2989,49;2148,59;14947,45;4204,5
2022-10-31;Centro-Oeste;Bruno;Manoela;9001;Notebook;5;4247,44;2833,27;21237,2;7070,85
2025-09-30;Sul;Ana;Ciro;5004;Monitor;5;1564,61;1232,3;7823,05;1661,55
2022-04-30;Sul;Fernanda;João;1005;Headset;7;2330,43;1346,57;16313,01;6887,02
2023-03-31;Sul;Carlos;Felipe;1005;Headset;6;2751,58;2144,14;16509,48;3644,64
2025-06-30;Norte;Ana;Marisa;9001;Notebook;3;753,87;384,87;2261,61;1107,0
2023-10-31;Nordeste;Daniela;João;3003;Placa de Vídeo NVidia;7;942,2;515,39;6595,4;2987,67
2022-07-31;Sul;Daniela;Ciro;1005;Headset;8;971,33;757,52;7770,64;1710,48
2023-12-31;Centro-Oeste;Daniela;Marisa;9001;Notebook;4;1556,02;1111,53;6224,08;1777,96
2025-03-31;Sudeste;Daniela;Ciro;5004;Monitor;6;3618,03;2871,35;21708,18;4480,08
2022-01-31;Sul;Daniela;Manoela;5004;Monitor;2;4749,13;3161,85;9498,26;3174,56
2022-09-30;Sudeste;Ana;Felipe;1005;Headset;3;3230,15;2539,88;9690,45;2070,81
2025-10-31;Centro-Oeste;Ana;Ciro;3003;Placa de Vídeo NVidia;7;947,7;561,07;6633,9;2706,41
2024-03-31;Norte;Carlos;Ciro;7002;Smartphone;7;3820,98;2372,58;26746,86;10138,8
2022-07-31;Norte;Carlos;Felipe;9001;Notebook;5;3804,27;2385,5;19021,35;7093,85
2023-06-30;Sul;Bruno;João;2006;WebCam 4k;6;3278,47;1811,04;19670,82;8804,58
2024-10-31;Centro-Oeste;Fernanda;Ciro;2006;WebCam 4k;4;3941,29;2024,74;15765,16;7666,2
2022-11-30;Norte;Eduardo;Antonia;1005;Headset;6;4255,22;3221,43;25531,32;6202,74
2023-08-31;Sudeste;Carlos;Manoela;2006;WebCam 4k;9;4769,72;3187,94;42927,48;14236,02
2022-11-30;Sul;Daniela;Ciro;3003;Placa de Vídeo NVidia;8;4031,52;3187,86;32252,16;6749,28
2024-03-31;Nordeste;Eduardo;Antonia;5004;Monitor;7;1448,47;749,97;10139,29;4889,5
2024-01-31;Centro-Oeste;Bruno;João;7002;Smartphone;7;4677,06;3494,74;32739,42;8276,24
2024-11-30;Sul;Bruno;Manoela;3003;Placa de Vídeo NVidia;1;2139,37;1665,76;2139,37;473,61
2023-02-28;Nordeste;Daniela;Ciro;7002;Smartphone;2;4551,37;2393,7;9102,74;4315,34
2023-10-31;Sudeste;Fernanda;João;9001;Notebook;6;3891,99;2565,7;23351,94;7957,74
2022-05-31;Sudeste;Bruno;Antonia;5004;Monitor;1;1924,79;1485,46;1924,79;439,33
2024-10-31;Norte;Carlos;Felipe;2006;WebCam 4k;8;660,62;385,46;5284,96;2201,28
2023-04-30;Centro-Oeste;Bruno;Manoela;3003;Placa de Vídeo NVidia;4;983,62;661,81;3934,48;1287,24
2022-03-31;Nordeste;Bruno;Marisa;3003;Placa de Vídeo NVidia;7;3032,92;1968,41;21230,44;7451,57
2023-10-31;Norte;Ana;Felipe;1005;Headset;3;2215,01;1380,63;6645,03;2503,14
2025-01-31;Norte;Daniela;Marisa;2006;WebCam 4k;8;3663,2;2712,52;29305,6;7605,44
2022-06-30;Centro-Oeste;Bruno;Antonia;5004;Monitor;2;2466,86;1326,13;4933,72;2281,46
2025-09-30;Centro-Oeste;Eduardo;Ciro;5004;Monitor;1;962,51;766,53;962,51;195,98
2023-05-31;Centro-Oeste;Daniela;Antonia;5004;Monitor;5;4556,97;3537,11;22784,85;5099,3
2023-11-30;Nordeste;Bruno;Marisa;5004;Monitor;7;4865,16;3143,53;34056,12;12051,41
2025-03-31;Nordeste;Carlos;Marisa;5004;Monitor;6;4518,12;3022,75;27108,72;8972,22
2024-03-31;Nordeste;Daniela;Ciro;5004;Monitor;3;778,05;463,42;2334,15;943,89
2023-01-31;Centro-Oeste;Eduardo;Felipe;7002;Smartphone;2;4760,35;3340,07;9520,7;2840,56
2025-05-31;Norte;Eduardo;Manoela;9001;Notebook;5;879,41;539,89;4397,05;1697,6
2024-01-31;Sudeste;Eduardo;Antonia;1005;Headset;3;2751,19;1528,9;8253,57;3666,87
2025-09-30;Sul;Fernanda;Felipe;2006;WebCam 4k;9;595,15;308,0;5356,35;2584,35
2025-04-30;Nordeste;Ana;Marisa;5004;Monitor;6;4833,1;3767,21;28998,6;6395,34
2025-06-30;Sudeste;Bruno;Marisa;5004;Monitor;5;3805,27;2991,44;19026,35;4069,15
2023-05-31;Norte;Carlos;Antonia;7002;Smartphone;2;2547,16;1383,82;5094,32;2326,68
2022-07-31;Nordeste;Bruno;Felipe;5004;Monitor;3;4732,71;2880,05;14198,13;5557,98
2022-03-31;Sul;Bruno;João;1005;Headset;9;1989,36;1509,56;17904,24;4318,2
2023-03-31;Sudeste;Eduardo;Manoela;2006;WebCam 4k;1;4941,07;3096,15;4941,07;1844,92
2024-03-31;Norte;Eduardo;Felipe;5004;Monitor;7;4789,1;2521,59;33523,7;15872,57
2024-01-31;Centro-Oeste;Carlos;Antonia;9001;Notebook;5;2863,53;2225,88;14317,65;3188,25
2024-10-31;Norte;Fernanda;Felipe;9001;Notebook;2;1414,44;1078,09;2828,88;672,7
2022-10-31;Nordeste;Carlos;João;9001;Notebook;1;2527,1;1884,26;2527,1;642,84
2024-03-31;Norte;Fernanda;Antonia;5004;Monitor;3;2741,53;2026,17;8224,59;2146,08
2023-06-30;Sudeste;Ana;Ciro;7002;Smartphone;2;3396,03;2489,38;6792,06;1813,3
2023-11-30;Nordeste;Eduardo;João;9001;Notebook;6;3873,48;2619,06;23240,88;7526,52
2024-03-31;Nordeste;Daniela;Marisa;9001;Notebook;9;3332,23;1885,9;29990,07;13016,97
2025-08-31;Norte;Carlos;Manoela;1005;Headset;6;1993,86;1567,65;11963,16;2557,26
2022-09-30;Centro-Oeste;Carlos;João;7002;Smartphone;1;2825,2;1621,52;2825,2;1203,68
2022-05-31;Nordeste;Carlos;Antonia;3003;Placa de Vídeo NVidia;4;2838,6;1588,81;11354,4;4999,16
2024-03-31;Centro-Oeste;Daniela;Ciro;3003;Placa de Vídeo NVidia;8;2805,12;1754,55;22440,96;8404,56
2024-12-31;Nordeste;Ana;Felipe;2006;WebCam 4k;2;4055,31;2646,64;8110,62;2817,34
2024-07-31;Nordeste;Daniela;Marisa;2006;WebCam 4k;3;3988,52;2796,42;11965,56;3576,3
2024-02-29;Sul;Eduardo;Antonia;5004;Monitor;4;3495,72;2766,1;13982,88;2918,48
2025-07-31;Centro-Oeste;Carlos;João;1005;Headset;5;957,07;565,12;4785,35;1959,75
2024-01-31;Nordeste;Daniela;Ciro;9001;Notebook;3;1893,36;1119,08;5680,08;2322,84
2022-01-31;Nordeste;Daniela;Manoela;7002;Smartphone;4;1070,2;559,11;4280,8;2044,36
2022-11-30;Nordeste;Daniela;João;9001;Notebook;4;3289,41;2050,78;13157,64;4954,52
2024-09-30;Norte;Ana;Marisa;2006;WebCam 4k;4;4710,55;3284,4;18842,2;5704,6
2023-09-30;Nordeste;Daniela;Manoela;1005;Headset;7;1180,95;762,41;8266,65;2929,78
2022-04-30;Norte;Ana;Ciro;9001;Notebook;6;1375,52;1081,41;8253,12;1764,66
2024-06-30;Sudeste;Bruno;Marisa;2006;WebCam 4k;7;4632,09;2334,08;32424,63;16086,07
2022-03-31;Norte;Daniela;Ciro;2006;WebCam 4k;1;4114,36;3119,32;4114,36;995,04
2022-12-31;Sudeste;Daniela;Ciro;2006;WebCam 4k;5;4878,79;3867,54;24393,95;5056,25
2022-04-30;Nordeste;Daniela;Felipe;9001;Notebook;1;3090,89;2392,65;3090,89;698,24
2024-05-31;Nordeste;Ana;Ciro;7002;Smartphone;3;4678,42;2771,5;14035,26;5720,76
2023-06-30;Sul;Carlos;Manoela;7002;Smartphone;8;4963,79;3122,85;39710,32;14727,52
2023-11-30;Nordeste;Ana;João;5004;Monitor;8;3832,38;2866,18;30659,04;7729,6
2023-01-31;Centro-Oeste;Fernanda;João;3003;Placa de Vídeo NVidia;3;802,69;440,3;2408,07;1087,17
2022-01-31;Nordeste;Fernanda;Marisa;5004;Monitor;6;3298,6;1798,43;19791,6;9001,02
2023-12-31;Sul;Carlos;Manoela;7002;Smartphone;7;836,04;645,62;5852,28;1332,94
2024-09-30;Sudeste;Daniela;Antonia;3003;Placa de Vídeo NVidia;6;1620,63;1067,41;9723,78;3319,32
2022-12-31;Nordeste;Daniela;Manoela;1005;Headset;8;4622,75;3023,93;36982,0;12790,56
2025-06-30;Centro-Oeste;Bruno;Manoela;5004;Monitor;8;3741,17;2661,62;29929,36;8636,4
2024-09-30;Nordeste;Eduardo;Felipe;5004;Monitor;2;4127,35;2883,61;8254,7;2487,48
2023-11-30;Sudeste;Fernanda;Ciro;3003;Placa de Vídeo NVidia;9;2402,46;1757,48;21622,14;5804,82
2023-12-31;Norte;Daniela;Ciro;9001;Notebook;7;4574,48;3067,53;32021,36;10548,65
2022-01-31;Nordeste;Fernanda;Felipe;5004;Monitor;2;2306,2;1549,93;4612,4;1512,54
2022-01-31;Sul;Daniela;Antonia;5004;Monitor;2;1731,83;1355,21;3463,66;753,24
2023-09-30;Nordeste;Bruno;João;2006;WebCam 4k;8;4925,14;3939,47;39401,12;7885,36
2023-06-30;Sudeste;Daniela;Marisa;5004;Monitor;6;1622,41;982,56;9734,46;3839,1
2022-08-31;Sul;Daniela;Manoela;1005;Headset;1;1374,43;844,87;1374,43;529,56
2022-05-31;Nordeste;Bruno;Antonia;9001;Notebook;4;1961,84;1103,06;7847,36;3435,12
2023-04-30;Nordeste;Bruno;Manoela;1005;Headset;4;4367,85;2287,98;17471,4;8319,48
2024-03-31;Sul;Bruno;Felipe;1005;Headset;5;994,06;691,21;4970,3;1514,25
2022-03-31;Sul;Fernanda;Marisa;3003;Placa de Vídeo NVidia;1;3203,03;2465,29;3203,03;737,74
2024-04-30;Sul;Bruno;Ciro;5004;Monitor;3;2107,21;1397,22;6321,63;2129,97
2023-04-30;Sudeste;Eduardo;Manoela;3003;Placa de Vídeo NVidia;3;3284,54;2591,46;9853,62;2079,24
2024-01-31;Norte;Daniela;Felipe;1005;Headset;1;1689,39;1125,92;1689,39;563,47
2023-01-31;Sul;Bruno;Marisa;9001;Notebook;3;1565,25;824,9;4695,75;2221,05
2025-10-31;Sul;Ana;Manoela;5004;Monitor;5;2395,75;1849,23;11978,75;2732,6
2024-09-30;Norte;Eduardo;Marisa;2006;WebCam 4k;3;2673,03;1949,95;8019,09;2169,24
2023-08-31;Sudeste;Ana;Manoela;1005;Headset;5;1135,32;644,89;5676,6;2452,15
2023-08-31;Centro-Oeste;Bruno;Antonia;9001;Notebook;7;3660,34;2796,67;25622,38;6045,69
2023-08-31;Sudeste;Daniela;Antonia;3003;Placa de Vídeo NVidia;3;1187,06;819,46;3561,18;1102,8
2023-06-30;Centro-Oeste;Eduardo;Manoela;1005;Headset;4;699,16;393,25;2796,64;1223,64
2023-09-30;Sul;Fernanda;Ciro;2006;WebCam 4k;4;3036,22;2145,43;12144,88;3563,16
2022-10-31;Sudeste;Bruno;Ciro;2006;WebCam 4k;6;2695,98;1698,16;16175,88;5986,92
2023-11-30;Sul;Fernanda;João;2006;WebCam 4k;5;1141,86;843,24;5709,3;1493,1
2022-04-30;Sudeste;Eduardo;Felipe;7002;Smartphone;6;854,74;432,37;5128,44;2534,22
2023-09-30;Centro-Oeste;Bruno;Manoela;1005;Headset;7;4799,66;2951,42;33597,62;12937,68
2022-12-31;Norte;Carlos;João;9001;Notebook;5;3074,68;2051,61;15373,4;5115,35
2023-01-31;Sudeste;Bruno;Antonia;3003;Placa de Vídeo NVidia;7;4397,18;2304,07;30780,26;14651,77
2025-06-30;Sudeste;Bruno;Marisa;2006;WebCam 4k;2;2097,68;1243,03;4195,36;1709,3
2024-07-31;Sudeste;Ana;João;2006;WebCam 4k;2;3458,31;2169,77;6916,62;2577,08
2024-03-31;Norte;Daniela;Antonia;2006;WebCam 4k;6;4893,44;3116,12;29360,64;10663,92
2022-08-31;Sudeste;Eduardo;Marisa;7002;Smartphone;9;2449,11;1902,08;22041,99;4923,27
2022-08-31;Centro-Oeste;Fernanda;João;1005;Headset;3;4785,58;2790,86;14356,74;5984,16
2024-08-31;Norte;Ana;Ciro;9001;Notebook;5;4827,51;3392,15;24137,55;7176,8
2022-12-31;Norte;Eduardo;João;9001;Notebook;7;4193,85;2715,05;29356,95;10351,6
2025-08-31;Centro-Oeste;Carlos;João;5004;Monitor;7;2507,46;1917,47;17552,22;4129,93
2025-08-31;Nordeste;Daniela;João;9001;Notebook;6;4724,61;3727,34;28347,66;5983,62
2023-10-31;Centro-Oeste;Carlos;Manoela;5004;Monitor;1;2034,89;1135,53;2034,89;899,36
2025-04-30;Nordeste;Eduardo;João;9001;Notebook;3;2128,47;1547,1;6385,41;1744,11
2022-08-31;Norte;Eduardo;Ciro;3003;Placa de Vídeo NVidia;9;2035,27;1468,93;18317,43;5097,06
2022-11-30;Norte;Carlos;Marisa;2006;WebCam 4k;4;1087,8;708,36;4351,2;1517,76
2022-08-31;Sul;Carlos;Manoela;2006;WebCam 4k;7;2559,18;1719,02;17914,26;5881,12
2025-09-30;Sul;Bruno;João;3003;Placa de Vídeo NVidia;6;817,5;574,3;4905,0;1459,2
2022-10-31;Centro-Oeste;Fernanda;Manoela;3003;Placa de Vídeo NVidia;6;1856,68;1059,05;11140,08;4785,78
2025-06-30;Sul;Eduardo;Ciro;2006;WebCam 4k;7;851,88;437,82;5963,16;2898,42
2022-08-31;Nordeste;Carlos;Marisa;7002;Smartphone;5;1707,71;1161,77;8538,55;2729,7
2025-07-31;Centro-Oeste;Fernanda;Felipe;5004;Monitor;8;2454,32;1452,68;19634,56;8013,12
2025-03-31;Norte;Carlos;João;2006;WebCam 4k;8;4453,12;2307,08;35624,96;17168,32
2024-03-31;Centro-Oeste;Daniela;Marisa;1005;Headset;9;1968,19;986,57;17713,71;8834,58
2025-09-30;Norte;Carlos;Manoela;5004;Monitor;1;556,0;436,23;556,0;119,77
2022-11-30;Nordeste;Bruno;Felipe;1005;Headset;4;1921,67;1388,84;7686,68;2131,32
2022-05-31;Centro-Oeste;Ana;João;2006;WebCam 4k;7;2817,73;1610,05;19724,11;8453,76
2023-05-31;Nordeste;Bruno;Ciro;3003;Placa de Vídeo NVidia;8;4299,18;2214,12;34393,44;16680,48
2022-06-30;Centro-Oeste;Fernanda;Manoela;5004;Monitor;3;3729,08;2480,27;11187,24;3746,43
2025-10-31;Sul;Ana;Antonia;7002;Smartphone;2;3222,88;2124,66;6445,76;2196,44
2025-08-31;Centro-Oeste;Carlos;Ciro;3003;Placa de Vídeo NVidia;4;3397,51;2541,53;13590,04;3423,92
2024-04-30;Norte;Daniela;Ciro;2006;WebCam 4k;6;4530,18;2891,93;27181,08;9829,5
2023-02-28;Nordeste;Bruno;Felipe;1005;Headset;5;993,92;793,52;4969,6;1002,0
2025-07-31;Nordeste;Bruno;Antonia;2006;WebCam 4k;5;4598,34;2506,03;22991,7;10461,55
2022-05-31;Nordeste;Fernanda;Manoela;1005;Headset;6;3642,4;1864,66;21854,4;10666,44
2024-11-30;Centro-Oeste;Fernanda;Ciro;7002;Smartphone;8;4253,92;2477,7;34031,36;14209,76
2023-06-30;Norte;Eduardo;Ciro;3003;Placa de Vídeo NVidia;1;2328,01;1409,84;2328,01;918,17
2025-10-31;Centro-Oeste;Bruno;Marisa;9001;Notebook;1;3997,85;2441,56;3997,85;1556,29
2023-12-31;Sul;Carlos;João;5004;Monitor;5;2558,44;1480,65;12792,2;5388,95
2023-05-31;Sul;Ana;João;1005;Headset;2;2366,24;1731,51;4732,48;1269,46
2023-10-31;Centro-Oeste;Fernanda;Antonia;1005;Headset;7;2200,19;1260,55;15401,33;6577,48
2024-11-30;Norte;Fernanda;Antonia;5004;Monitor;6;3402,37;1751,57;20414,22;9904,8
2025-09-30;Sudeste;Bruno;João;7002;Smartphone;6;2819,52;1951,02;16917,12;5211,0
2024-11-30;Norte;Bruno;Antonia;1005;Headset;7;827,19;479,22;5790,33;2435,79
2024-12-31;Norte;Carlos;Ciro;3003;Placa de Vídeo NVidia;6;4149,42;2370,79;24896,52;10671,78
2024-06-30;Sul;Eduardo;Marisa;1005;Headset;8;1424,23;1079,09;11393,84;2761,12
2022-02-28;Sudeste;Carlos;Ciro;1005;Headset;7;2306,65;1630,68;16146,55;4731,79
2025-08-31;Centro-Oeste;Ana;Felipe;7002;Smartphone;7;3821,43;3006,43;26750,01;5705,0
2023-07-31;Nordeste;Fernanda;João;9001;Notebook;6;4871,74;2711,37;29230,44;12962,22
2024-09-30;Norte;Daniela;Marisa;7002;Smartphone;5;1694,48;1336,1;8472,4;1791,9
2023-12-31;Centro-Oeste;Eduardo;Marisa;9001;Notebook;2;1546,32;845,7;3092,64;1401,24
2024-12-31;Norte;Carlos;Felipe;3003;Placa de Vídeo NVidia;7;2222,56;1401,47;15557,92;5747,63
2024-08-31;Norte;Eduardo;Felipe;5004;Monitor;7;1739,75;1254,47;12178,25;3396,96
2024-09-30;Sul;Eduardo;Felipe;3003;Placa de Vídeo NVidia;6;2508,6;1303,55;15051,6;7230,3
2024-01-31;Norte;Ana;João;7002;Smartphone;7;2930,15;1494,25;20511,05;10051,3
2024-03-31;Nordeste;Carlos;Marisa;5004;Monitor;5;1602,63;1279,59;8013,15;1615,2
2024-12-31;Centro-Oeste;Bruno;Ciro;5004;Monitor;7;4291,16;2730,69;30038,12;10923,29
2022-10-31;Sul;Daniela;Felipe;2006;WebCam 4k;9;4965,71;3224,89;44691,39;15667,38
2024-11-30;Centro-Oeste;Fernanda;Ciro;1005;Headset;8;2257,85;1379,23;18062,8;7028,96
2025-04-30;Sul;Bruno;Marisa;2006;WebCam 4k;2;4849,6;3023,95;9699,2;3651,3
2025-01-31;Nordeste;Daniela;Felipe;9001;Notebook;2;2133,76;1679,83;4267,52;907,86
2025-07-31;Sul;Carlos;Antonia;2006;WebCam 4k;8;3605,15;1823,17;28841,2;14255,84
2024-02-29;Centro-Oeste;Fernanda;Ciro;5004;Monitor;2;3734,77;2553,34;7469,54;2362,86
2024-07-31;Norte;Fernanda;Marisa;3003;Placa de Vídeo NVidia;7;3058,31;2252,56;21408,17;5640,25
2024-04-30;Centro-Oeste;Bruno;Ciro;2006;WebCam 4k;8;3614,53;2676,8;28916,24;7501,84
2025-08-31;Nordeste;Eduardo;Manoela;7002;Smartphone;1;1746,96;1334,72;1746,96;412,24
2025-10-31;Nordeste;Fernanda;Antonia;9001;Notebook;7;2833,72;2180,87;19836,04;4569,95
2023-12-31;Sul;Carlos;Ciro;1005;Headset;4;3375,76;2683,21;13503,04;2770,2
2023-07-31;Nordeste;Fernanda;João;7002;Smartphone;1;4613,0;2875,17;4613,0;1737,83
2022-08-31;Nordeste;Ana;Marisa;5004;Monitor;5;738,91;394,42;3694,55;1722,45
2024-09-30;Nordeste;Eduardo;Marisa;2006;WebCam 4k;7;3295,25;1837,68;23066,75;10202,99
2023-11-30;Nordeste;Eduardo;Ciro;5004;Monitor;2;3969,9;3146,54;7939,8;1646,72
2022-10-31;Norte;Ana;João;2006;WebCam 4k;2;1407,58;1048,08;2815,16;719,0
2022-04-30;Nordeste;Fernanda;Antonia;7002;Smartphone;6;923,85;565,86;5543,1;2147,94
2022-11-30;Sul;Carlos;Manoela;2006;WebCam 4k;5;1498,17;875,43;7490,85;3113,7
2024-07-31;Norte;Fernanda;Manoela;5004;Monitor;9;4564,34;3213,78;41079,06;12155,04
2025-03-31;Norte;Ana;Antonia;1005;Headset;2;4498,33;2830,18;8996,66;3336,3
2022-06-30;Centro-Oeste;Fernanda;Antonia;3003;Placa de Vídeo NVidia;7;3322,08;1704,79;23254,56;11321,03
2025-06-30;Sudeste;Daniela;Ciro;2006;WebCam 4k;6;2065,87;1288,33;12395,22;4665,24
2024-08-31;Sudeste;Bruno;Ciro;1005;Headset;4;4837,36;3118,94;19349,44;6873,68
2023-09-30;Sudeste;Ana;Marisa;3003;Placa de Vídeo NVidia;3;4526,84;3359,24;13580,52;3502,8
2024-09-30;Nordeste;Daniela;João;1005;Headset;2;1353,28;963,36;2706,56;779,84
2025-08-31;Sul;Ana;Manoela;1005;Headset;5;2073,37;1649,24;10366,85;2120,65
2022-08-31;Centro-Oeste;Ana;João;7002;Smartphone;6;4379,42;2408,86;26276,52;11823,36
2025-06-30;Centro-Oeste;Ana;João;5004;Monitor;4;907,01;471,07;3628,04;1743,76
2022-08-31;Sul;Ana;Antonia;2006;WebCam 4k;6;4331,49;3376,36;25988,94;5730,78
2025-05-31;Norte;Daniela;Felipe;7002;Smartphone;7;1712,33;1330,67;11986,31;2671,62
2025-03-31;Norte;Ana;Antonia;5004;Monitor;7;2768,43;2051,64;19379,01;5017,53
2022-12-31;Nordeste;Eduardo;Marisa;7002;Smartphone;2;2065,0;1188,81;4130,0;1752,38
2022-07-31;Sudeste;Carlos;Manoela;9001;Notebook;7;3891,78;2106,33;27242,46;12498,15
2025-04-30;Sudeste;Fernanda;Ciro;5004;Monitor;9;704,47;375,92;6340,23;2956,95
2023-05-31;Sul;Eduardo;Ciro;9001;Notebook;6;4079,07;2832,67;24474,42;7478,4
2023-09-30;Sul;Eduardo;Ciro;2006;WebCam 4k;1;3016,14;2371,3;3016,14;644,84
2023-05-31;Norte;Daniela;Ciro;5004;Monitor;7;2829,44;2183,16;19806,08;4523,96
2023-10-31;Centro-Oeste;Daniela;Manoela;5004;Monitor;2;3693,77;2925,63;7387,54;1536,28
2023-05-31;Nordeste;Ana;Marisa;1005;Headset;1;1290,95;646,63;1290,95;644,32
2023-12-31;Nordeste;Daniela;Ciro;9001;Notebook;4;2685,06;1501,19;10740,24;4735,48
2022-08-31;Centro-Oeste;Carlos;Antonia;1005;Headset;9;2884,17;2001,17;25957,53;7947,0
2024-02-29;Sul;Eduardo;Ciro;2006;WebCam 4k;3;4320,64;2497,5;12961,92;5469,42
2024-04-30;Centro-Oeste;Bruno;Felipe;5004;Monitor;6;657,61;350,17;3945,66;1844,64
2024-09-30;Centro-Oeste;Eduardo;Ciro;7002;Smartphone;3;945,29;714,81;2835,87;691,44
2024-07-31;Sul;Bruno;João;5004;Monitor;9;1580,2;931,38;14221,8;5839,38
2023-03-31;Sudeste;Fernanda;Antonia;1005;Headset;1;950,88;610,22;950,88;340,66
2022-07-31;Centro-Oeste;Eduardo;Felipe;1005;Headset;6;3208,31;1820,9;19249,86;8324,46
2023-11-30;Nordeste;Ana;Manoela;7002;Smartphone;9;2786,9;2010,18;25082,1;6990,48
2023-09-30;Sul;Eduardo;Manoela;9001;Notebook;2;3586,92;2409,67;7173,84;2354,5
2022-06-30;Sul;Carlos;Marisa;9001;Notebook;4;4488,39;2518,38;17953,56;7880,04
2025-08-31;Norte;Ana;Antonia;3003;Placa de Vídeo NVidia;5;3782,87;2015,93;18914,35;8834,7
2022-03-31;Norte;Ana;Felipe;7002;Smartphone;3;902,99;649,62;2708,97;760,11
2024-08-31;Norte;Carlos;Antonia;1005;Headset;3;2857,02;2113,2;8571,06;2231,46
2024-02-29;Nordeste;Fernanda;Marisa;7002;Smartphone;8;4880,57;2741,36;39044,56;17113,68
2023-11-30;Sul;Ana;Antonia;2006;WebCam 4k;4;4554,79;2442,19;18219,16;8450,4
2024-02-29;Centro-Oeste;Ana;Antonia;7002;Smartphone;9;2858,14;2159,72;25723,26;6285,78
2024-10-31;Sul;Carlos;Ciro;1005;Headset;1;635,15;361,49;635,15;273,66
2023-01-31;Sul;Fernanda;Marisa;3003;Placa de Vídeo NVidia;5;3813,9;2113,78;19069,5;8500,6
2024-10-31;Sul;Carlos;Ciro;1005;Headset;2;3169,52;1763,04;6339,04;2812,96
2023-01-31;Sul;Ana;Marisa;5004;Monitor;6;4312,18;2751,7;25873,08;9362,88
2024-02-29;Centro-Oeste;Fernanda;Felipe;9001;Notebook;7;2418,73;1644,46;16931,11;5419,89
2025-03-31;Sudeste;Fernanda;Ciro;1005;Headset;4;3047,03;2304,27;12188,12;2971,04
2022-07-31;Sudeste;Ana;Manoela;9001;Notebook;9;3659,61;2884,88;32936,49;6972,57
2025-10-31;Norte;Carlos;Antonia;2006;WebCam 4k;5;3128,26;2433,15;15641,3;3475,55
2022-07-31;Sul;Ana;Felipe;3003;Placa de Vídeo NVidia;5;2388,32;1733,19;11941,6;3275,65
2023-10-31;Nordeste;Fernanda;Felipe;5004;Monitor;7;2224,87;1444,84;15574,09;5460,21
2024-11-30;Sudeste;Fernanda;Antonia;1005;Headset;3;3896,53;2037,23;11689,59;5577,9
2022-04-30;Centro-Oeste;Daniela;Manoela;2006;WebCam 4k;3;3144,68;2099,04;9434,04;3136,92
2025-02-28;Sudeste;Eduardo;Felipe;7002;Smartphone;4;753,74;593,44;3014,96;641,2
2023-01-31;Sul;Daniela;João;5004;Monitor;2;2287,99;1385,37;4575,98;1805,24
2024-05-31;Sul;Ana;João;5004;Monitor;5;4270,61;2989,35;21353,05;6406,3
2023-09-30;Centro-Oeste;Daniela;Felipe;2006;WebCam 4k;6;1985,17;1540,13;11911,02;2670,24
2025-10-31;Sudeste;Fernanda;Felipe;2006;WebCam 4k;8;2119,16;1067,34;16953,28;8414,56
2024-04-30;Nordeste;Fernanda;Marisa;9001;Notebook;7;3993,04;2757,98;27951,28;8645,42
2022-11-30;Sul;Ana;Felipe;1005;Headset;9;989,61;694,58;8906,49;2655,27
2023-05-31;Sudeste;Ana;Antonia;5004;Monitor;7;912,13;688,76;6384,91;1563,59
2025-08-31;Sul;Eduardo;João;5004;Monitor;2;1057,04;833,76;2114,08;446,56
2023-07-31;Sul;Fernanda;Antonia;9001;Notebook;8;1777,78;965,35;14222,24;6499,44
2023-01-31;Sul;Fernanda;João;3003;Placa de Vídeo NVidia;4;3233,91;2349,36;12935,64;3538,2
2023-03-31;Nordeste;Carlos;Antonia;2006;WebCam 4k;6;2959,85;2338,09;17759,1;3730,56
2022-10-31;Sudeste;Eduardo;Felipe;2006;WebCam 4k;8;2711,12;2050,92;21688,96;5281,6
2024-12-31;Centro-Oeste;Carlos;Marisa;9001;Notebook;8;4964,79;3185,22;39718,32;14236,56
2022-04-30;Nordeste;Bruno;Manoela;1005;Headset;2;2006,59;1446,8;4013,18;1119,58
2022-12-31;Nordeste;Fernanda;Ciro;3003;Placa de Vídeo NVidia;9;2856,64;2189,63;25709,76;6003,09
2024-05-31;Sudeste;Eduardo;Ciro;1005;Headset;6;3700,99;2034,65;22205,94;9998,04
2025-10-31;Norte;Fernanda;Marisa;1005;Headset;7;2441,03;1324,97;17087,21;7812,42
2024-06-30;Nordeste;Ana;Manoela;3003;Placa de Vídeo NVidia;5;4870,27;3807,74;24351,35;5312,65
2022-10-31;Sudeste;Carlos;João;5004;Monitor;4;4631,15;3701,01;18524,6;3720,56
2022-05-31;Centro-Oeste;Bruno;Marisa;2006;WebCam 4k;7;2975,23;2273,8;20826,61;4910,01
2025-09-30;Nordeste;Eduardo;Marisa;5004;Monitor;8;913,02;632,31;7304,16;2245,68
2025-03-31;Centro-Oeste;Eduardo;Marisa;3003;Placa de Vídeo NVidia;4;4307,82;2433,43;17231,28;7497,56
2022-12-31;Norte;Fernanda;João;9001;Notebook;1;4818,47;2973,42;4818,47;1845,05
2024-01-31;Nordeste;Eduardo;Manoela;7002;Smartphone;4;3515,23;2734,65;14060,92;3122,32
2023-01-31;Sul;Fernanda;Felipe;3003;Placa de Vídeo NVidia;5;4616,91;3018,91;23084,55;7990,0
2025-04-30;Sul;Daniela;Marisa;7002;Smartphone;7;3872,13;2430,28;27104,91;10092,95
2024-04-30;Norte;Daniela;Marisa;3003;Placa de Vídeo NVidia;8;703,74;437,04;5629,92;2133,6
2022-11-30;Norte;Ana;Manoela;2006;WebCam 4k;8;709,6;461,99;5676,8;1980,88
2024-02-29;Centro-Oeste;Fernanda;Ciro;9001;Notebook;4;3631,97;1980,37;14527,88;6606,4
2023-05-31;Sul;Eduardo;Manoela;2006;WebCam 4k;1;4965,16;2993,76;4965,16;1971,4
2025-05-31;Centro-Oeste;Fernanda;Felipe;9001;Notebook;5;4351,0;3387,17;21755,0;4819,15
2024-09-30;Norte;Carlos;Marisa;5004;Monitor;5;981,32;602,74;4906,6;1892,9
2023-02-28;Nordeste;Bruno;João;7002;Smartphone;9;3607,95;2300,0;32471,55;11771,55
2024-08-31;Nordeste;Carlos;Manoela;3003;Placa de Vídeo NVidia;9;3766,81;1988,67;33901,29;16003,26
2023-08-31;Norte;Ana;Manoela;2006;WebCam 4k;4;2754,04;2100,82;11016,16;2612,88
2022-02-28;Sul;Bruno;Marisa;7002;Smartphone;7;3724,96;2498,2;26074,72;8587,32
2024-12-31;Sudeste;Fernanda;João;2006;WebCam 4k;4;1221,07;880,14;4884,28;1363,72
2022-10-31;Nordeste;Daniela;Marisa;9001;Notebook;3;4782,25;3716,18;14346,75;3198,21
2025-07-31;Sul;Daniela;Manoela;7002;Smartphone;2;3974,01;2464,41;7948,02;3019,2
2023-10-31;Sul;Daniela;Marisa;3003;Placa de Vídeo NVidia;5;779,35;453,57;3896,75;1628,9
2025-07-31;Norte;Ana;Manoela;1005;Headset;2;2978,57;2280,17;5957,14;1396,8
2024-04-30;Sudeste;Carlos;Ciro;1005;Headset;5;1722,05;936,05;8610,25;3930,0
2024-01-31;Centro-Oeste;Daniela;Manoela;7002;Smartphone;6;3217,29;1713,74;19303,74;9021,3
2023-08-31;Nordeste;Bruno;João;2006;WebCam 4k;6;3394,15;2093,95;20364,9;7801,2
2023-07-31;Nordeste;Carlos;Antonia;9001;Notebook;8;2598,02;1563,61;20784,16;8275,28
2023-08-31;Sul;Ana;Marisa;9001;Notebook;3;4039,35;2159,29;12118,05;5640,18
2022-01-31;Norte;Ana;Felipe;2006;WebCam 4k;3;1746,72;948,29;5240,16;2395,29
2025-09-30;Nordeste;Eduardo;Antonia;3003;Placa de Vídeo NVidia;2;1310,55;1001,61;2621,1;617,88
2022-07-31;Sudeste;Carlos;Manoela;2006;WebCam 4k;1;3211,66;2413,62;3211,66;798,04
2022-12-31;Sudeste;Bruno;Ciro;9001;Notebook;2;3290,41;2107,78;6580,82;2365,26
2024-04-30;Norte;Carlos;Antonia;2006;WebCam 4k;9;911,54;456,9;8203,86;4091,76
2023-07-31;Nordeste;Ana;João;1005;Headset;6;3334,79;1925,12;20008,74;8458,02
2023-08-31;Norte;Fernanda;João;5004;Monitor;5;2185,26;1111,39;10926,3;5369,35
2025-10-31;Norte;Daniela;Ciro;5004;Monitor;4;1970,92;1041,24;7883,68;3718,72
2025-08-31;Nordeste;Bruno;Marisa;3003;Placa de Vídeo NVidia;6;3327,38;2593,68;19964,28;4402,2
2022-01-31;Sul;Bruno;João;3003;Placa de Vídeo NVidia;4;4751,5;3756,56;19006,0;3979,76
2023-04-30;Sudeste;Carlos;Ciro;5004;Monitor;2;1805,32;1052,83;3610,64;1504,98
2023-01-31;Norte;Bruno;Ciro;1005;Headset;3;2465,86;1627,45;7397,58;2515,23
2025-05-31;Sul;Daniela;Felipe;1005;Headset;4;2930,2;2301,32;11720,8;2515,52
2024-10-31;Norte;Daniela;Felipe;7002;Smartphone;2;2250,34;1408,67;4500,68;1683,34
2022-10-31;Nordeste;Carlos;Marisa;3003;Placa de Vídeo NVidia;1;681,33;415,71;681,33;265,62
2024-03-31;Sudeste;Carlos;Marisa;5004;Monitor;9;1561,74;1102,1;14055,66;4136,76
2023-11-30;Sul;Fernanda;Marisa;2006;WebCam 4k;3;2010,16;1187,07;6030,48;2469,27
2025-06-30;Centro-Oeste;Fernanda;Marisa;3003;Placa de Vídeo NVidia;8;3367,21;2324,44;26937,68;8342,16
2025-05-31;Sudeste;Ana;João;1005;Headset;5;1399,24;1103,97;6996,2;1476,35
2023-05-31;Nordeste;Carlos;Marisa;2006;WebCam 4k;5;2709,52;1800,95;13547,6;4542,85
2022-12-31;Nordeste;Bruno;Marisa;7002;Smartphone;7;2315,9;1730,1;16211,3;4100,6
2023-06-30;Norte;Carlos;Felipe;3003;Placa de Vídeo NVidia;9;4706,41;3278,39;42357,69;12852,18
2025-09-30;Nordeste;Fernanda;Marisa;5004;Monitor;3;2283,68;1548,35;6851,04;2205,99
2025-05-31;Sul;Daniela;Felipe;9001;Notebook;4;4573,28;3467,11;18293,12;4424,68
2023-08-31;Centro-Oeste;Bruno;Ciro;9001;Notebook;9;846,96;598,11;7622,64;2239,65
2025-06-30;Sul;Daniela;Felipe;3003;Placa de Vídeo NVidia;5;3967,33;2624,74;19836,65;6712,95
2022-10-31;Nordeste;Carlos;João;9001;Notebook;8;1535,26;1056,21;12282,08;3832,4
2023-11-30;Norte;Carlos;João;5004;Monitor;6;874,41;636,2;5246,46;1429,26
2024-09-30;Centro-Oeste;Fernanda;Marisa;9001;Notebook;8;2943,93;1932,46;23551,44;8091,76
2025-10-31;Nordeste;Bruno;João;1005;Headset;2;4576,2;3468,71;9152,4;2214,98
2023-05-31;Nordeste;Eduardo;Marisa;1005;Headset;6;4552,4;3132,92;27314,4;8516,88
2023-02-28;Centro-Oeste;Bruno;Ciro;5004;Monitor;5;2027,97;1093,45;10139,85;4672,6
2022-06-30;Sudeste;Daniela;Manoela;3003;Placa de Vídeo NVidia;3;1912,5;1342,45;5737,5;1710,15
2023-05-31;Sul;Bruno;Manoela;1005;Headset;5;3901,0;2544,88;19505,0;6780,6
2023-10-31;Sudeste;Carlos;Marisa;1005;Headset;8;2591,26;1641,48;20730,08;7598,24
2023-08-31;Sul;Fernanda;Marisa;1005;Headset;9;1150,59;815,52;10355,31;3015,63
2023-01-31;Norte;Bruno;Felipe;2006;WebCam 4k;5;4892,99;3866,09;24464,95;5134,5
2022-02-28;Centro-Oeste;Eduardo;João;3003;Placa de Vídeo NVidia;7;1992,0;1294,09;13944,0;4885,37
2023-10-31;Sul;Eduardo;Felipe;7002;Smartphone;2;4483,3;3570,78;8966,6;1825,04
2024-06-30;Nordeste;Carlos;Manoela;5004;Monitor;2;3854,02;2793,59;7708,04;2120,86
2024-05-31;Norte;Ana;Felipe;9001;Notebook;3;4528,5;3089,98;13585,5;4315,56
2022-10-31;Sul;Fernanda;João;2006;WebCam 4k;6;1577,96;1086,46;9467,76;2949,0
2025-03-31;Sul;Ana;Marisa;5004;Monitor;2;3185,41;2016,43;6370,82;2337,96
2023-06-30;Sudeste;Daniela;Antonia;5004;Monitor;9;3657,16;2497,18;32914,44;10439,82
2022-07-31;Norte;Bruno;Antonia;5004;Monitor;4;1201,52;635,34;4806,08;2264,72
2025-09-30;Centro-Oeste;Fernanda;Ciro;1005;Headset;6;4528,78;2744,78;27172,68;10704,0
2022-01-31;Sul;Eduardo;Marisa;7002;Smartphone;5;1667,68;1003,87;8338,4;3319,05
2022-01-31;Centro-Oeste;Bruno;Marisa;2006;WebCam 4k;9;3586,95;2854,34;32282,55;6593,49
2025-01-31;Sul;Bruno;Manoela;5004;Monitor;2;2510,11;1803,49;5020,22;1413,24
2024-11-30;Nordeste;Ana;Manoela;9001;Notebook;6;4937,26;3895,1;29623,56;6252,96
2023-07-31;Nordeste;Fernanda;Marisa;5004;Monitor;6;3765,46;2830,35;22592,76;5610,66
2022-01-31;Sudeste;Carlos;Marisa;7002;Smartphone;3;3294,64;2550,72;9883,92;2231,76
2024-03-31;Nordeste;Bruno;Felipe;5004;Monitor;1;2535,66;1619,11;2535,66;916,55
2023-07-31;Sul;Fernanda;João;5004;Monitor;7;832,57;502,75;5827,99;2308,74
2023-07-31;Nordeste;Eduardo;Felipe;1005;Headset;4;1129,86;716,58;4519,44;1653,12
2024-03-31;Norte;Eduardo;Antonia;5004;Monitor;2;3697,59;2214,98;7395,18;2965,22
2023-07-31;Nordeste;Ana;João;1005;Headset;8;4636,17;2488,96;37089,36;17177,68
2025-08-31;Sul;Eduardo;João;3003;Placa de Vídeo NVidia;4;4585,85;2635,38;18343,4;7801,88
2024-08-31;Sudeste;Carlos;Manoela;2006;WebCam 4k;4;3066,75;1609,4;12267,0;5829,4
2025-09-30;Norte;Eduardo;Manoela;3003;Placa de Vídeo NVidia;3;4957,51;2593,8;14872,53;7091,13
2024-02-29;Centro-Oeste;Bruno;Manoela;9001;Notebook;4;2364,51;1884,65;9458,04;1919,44
2024-08-31;Sul;Bruno;Antonia;1005;Headset;9;686,41;406,11;6177,69;2522,7
2023-07-31;Sul;Carlos;Felipe;1005;Headset;1;4177,95;2578,31;4177,95;1599,64
2022-03-31;Sul;Fernanda;Marisa;2006;WebCam 4k;6;821,2;656,18;4927,2;990,12
2024-03-31;Sudeste;Daniela;Felipe;7002;Smartphone;8;569,27;361,85;4554,16;1659,36
2024-05-31;Centro-Oeste;Carlos;João;9001;Notebook;8;798,33;455,67;6386,64;2741,28
2025-10-31;Sul;Ana;João;5004;Monitor;8;1869,13;1106,26;14953,04;6102,96
2024-03-31;Sudeste;Bruno;Felipe;7002;Smartphone;3;2520,51;1738,18;7561,53;2346,99
2022-11-30;Nordeste;Carlos;João;3003;Placa de Vídeo NVidia;2;3186,43;2469,02;6372,86;1434,82
2024-02-29;Centro-Oeste;Daniela;Manoela;5004;Monitor;1;4994,48;2687,04;4994,48;2307,44
2025-04-30;Nordeste;Bruno;Ciro;3003;Placa de Vídeo NVidia;6;1406,35;980,32;8438,1;2556,18
2025-04-30;Norte;Carlos;Marisa;3003;Placa de Vídeo NVidia;4;810,41;600,89;3241,64;838,08
2023-06-30;Centro-Oeste;Eduardo;Felipe;9001;Notebook;6;502,42;348,78;3014,52;921,84
2025-05-31;Norte;Ana;Marisa;1005;Headset;2;4878,02;2693,4;9756,04;4369,24
2024-09-30;Sudeste;Fernanda;Ciro;2006;WebCam 4k;1;4117,74;2432,28;4117,74;1685,46
2024-11-30;Norte;Daniela;Antonia;2006;WebCam 4k;3;2656,29;1497,28;7968,87;3477,03
2022-03-31;Centro-Oeste;Eduardo;Manoela;2006;WebCam 4k;4;3835,98;2643,42;15343,92;4770,24
2024-02-29;Centro-Oeste;Ana;João;9001;Notebook;6;3951,43;2459,76;23708,58;8950,02
2025-05-31;Centro-Oeste;Daniela;Felipe;5004;Monitor;3;4830,86;3314,86;14492,58;4548,0
2023-06-30;Nordeste;Daniela;Felipe;1005;Headset;7;1464,83;928,83;10253,81;3752,0
2024-11-30;Centro-Oeste;Daniela;Ciro;1005;Headset;5;1316,1;883,88;6580,5;2161,1
2022-02-28;Sudeste;Bruno;Antonia;7002;Smartphone;4;3168,76;1697,04;12675,04;5886,88
2022-06-30;Norte;Bruno;Felipe;5004;Monitor;1;968,6;766,36;968,6;202,24
2024-01-31;Sul;Carlos;Felipe;1005;Headset;9;1478,08;791,25;13302,72;6181,47
2024-05-31;Sudeste;Carlos;Manoela;2006;WebCam 4k;4;4395,38;3190,45;17581,52;4819,72
2022-03-31;Sudeste;Daniela;Marisa;9001;Notebook;1;4713,75;3206,82;4713,75;1506,93
2025-10-31;Sul;Carlos;Marisa;1005;Headset;7;4000,19;2328,96;28001,33;11698,61
2022-04-30;Sudeste;Ana;Ciro;7002;Smartphone;3;3761,09;2250,95;11283,27;4530,42
2022-10-31;Sul;Eduardo;Antonia;3003;Placa de Vídeo NVidia;8;2075,01;1265,81;16600,08;6473,6
2023-09-30;Centro-Oeste;Carlos;Ciro;1005;Headset;2;4689,25;2469,0;9378,5;4440,5
2025-08-31;Norte;Eduardo;Manoela;5004;Monitor;1;2642,94;1824,58;2642,94;818,36
2024-04-30;Norte;Fernanda;Ciro;7002;Smartphone;2;744,62;588,51;1489,24;312,22
2025-04-30;Nordeste;Daniela;Antonia;7002;Smartphone;9;3654,85;2506,2;32893,65;10337,85
2024-04-30;Nordeste;Fernanda;Felipe;1005;Headset;6;3816,33;2094,55;22897,98;10330,68
2025-06-30;Norte;Ana;Felipe;7002;Smartphone;8;1224,38;815,19;9795,04;3273,52
2023-08-31;Nordeste;Bruno;Ciro;9001;Notebook;7;4203,79;2202,52;29426,53;14008,89
2022-12-31;Centro-Oeste;Ana;Marisa;9001;Notebook;5;4143,86;3298,67;20719,3;4225,95
2023-02-28;Sul;Fernanda;Marisa;5004;Monitor;9;1962,48;1095,6;17662,32;7801,92
2022-12-31;Sudeste;Daniela;João;7002;Smartphone;3;2643,75;1375,85;7931,25;3803,7
2022-11-30;Norte;Ana;Felipe;5004;Monitor;1;668,7;468,75;668,7;199,95
2023-05-31;Sul;Ana;Felipe;5004;Monitor;6;1776,76;1292,85;10660,56;2903,46
2024-04-30;Norte;Bruno;Felipe;5004;Monitor;1;1537,57;1049,19;1537,57;488,38
2024-11-30;Centro-Oeste;Fernanda;Antonia;9001;Notebook;6;3326,1;1928,71;19956,6;8384,34
2023-11-30;Centro-Oeste;Ana;João;2006;WebCam 4k;9;1910,68;1128,29;17196,12;7041,51
2025-10-31;Centro-Oeste;Bruno;Felipe;2006;WebCam 4k;1;4588,04;2579,67;4588,04;2008,37
2022-04-30;Sudeste;Eduardo;Felipe;1005;Headset;4;3143,01;2095,7;12572,04;4189,24
2023-08-31;Sudeste;Fernanda;Marisa;5004;Monitor;1;4945,6;2481,63;4945,6;2463,97
2023-11-30;Norte;Eduardo;Manoela;7002;Smartphone;1;1377,93;903,34;1377,93;474,59
2024-09-30;Centro-Oeste;Eduardo;Antonia;5004;Monitor;2;3559,03;2705,04;7118,06;1707,98
2022-11-30;Sudeste;Fernanda;Marisa;3003;Placa de Vídeo NVidia;6;1811,33;1254,0;10867,98;3343,98
2025-04-30;Sul;Eduardo;Manoela;5004;Monitor;1;3682,06;2394,02;3682,06;1288,04
2025-07-31;Norte;Eduardo;Antonia;2006;WebCam 4k;7;1322,44;1018,52;9257,08;2127,44
2022-09-30;Norte;Bruno;Marisa;2006;WebCam 4k;8;3012,32;1757,85;24098,56;10035,76
2025-09-30;Nordeste;Carlos;Felipe;5004;Monitor;6;583,21;392,2;3499,26;1146,06
2022-01-31;Sul;Eduardo;Ciro;5004;Monitor;7;519,09;330,73;3633,63;1318,52
2023-09-30;Sudeste;Bruno;Ciro;9001;Notebook;5;2747,68;1978,0;13738,4;3848,4
2023-08-31;Centro-Oeste;Fernanda;Ciro;1005;Headset;8;1821,09;1405,55;14568,72;3324,32
2023-02-28;Centro-Oeste;Bruno;João;9001;Notebook;3;845,58;595,59;2536,74;749,97
2022-02-28;Centro-Oeste;Fernanda;Manoela;1005;Headset;2;4668,47;3664,02;9336,94;2008,9
2025-04-30;Sul;Bruno;Antonia;1005;Headset;4;2841,68;2198,23;11366,72;2573,8
2025-04-30;Nordeste;Eduardo;Manoela;2006;WebCam 4k;3;1280,49;740,42;3841,47;1620,21
2025-07-31;Norte;Eduardo;João;3003;Placa de Vídeo NVidia;8;3552,0;2366,12;28416,0;9487,04
2022-11-30;Nordeste;Carlos;Felipe;1005;Headset;1;3838,07;2281,9;3838,07;1556,17
2022-08-31;Sul;Daniela;Manoela;1005;Headset;8;3541,73;2618,62;28333,84;7384,88
2022-05-31;Nordeste;Ana;Antonia;3003;Placa de Vídeo NVidia;8;1978,88;1250,94;15831,04;5823,52
2023-11-30;Nordeste;Fernanda;Marisa;3003;Placa de Vídeo NVidia;4;1189,86;836,91;4759,44;1411,8
2023-06-30;Centro-Oeste;Bruno;Felipe;3003;Placa de Vídeo NVidia;1;3274,63;2386,34;3274,63;888,29
2024-04-30;Sudeste;Bruno;Marisa;5004;Monitor;4;1654,03;1026,79;6616,12;2508,96
2022-10-31;Nordeste;Eduardo;Felipe;3003;Placa de Vídeo NVidia;2;3816,31;2839,21;7632,62;1954,2
2025-06-30;Centro-Oeste;Eduardo;Ciro;3003;Placa de Vídeo NVidia;2;4035,47;2136,68;8070,94;3797,58
2024-03-31;Sudeste;Ana;Marisa;9001;Notebook;3;1572,37;858,14;4717,11;2142,69
2024-06-30;Sul;Carlos;Manoela;7002;Smartphone;3;1016,0;582,54;3048,0;1300,38
2025-04-30;Centro-Oeste;Eduardo;Marisa;3003;Placa de Vídeo NVidia;3;1521,95;1154,54;4565,85;1102,23
2022-12-31;Nordeste;Daniela;Felipe;7002;Smartphone;4;608,26;343,48;2433,04;1059,12
2024-08-31;Sudeste;Ana;Manoela;1005;Headset;2;2031,35;1249,29;4062,7;1564,12
2025-01-31;Norte;Carlos;João;7002;Smartphone;5;2037,73;1565,27;10188,65;2362,3
2025-08-31;Sudeste;Eduardo;Felipe;2006;WebCam 4k;7;3104,35;1873,14;21730,45;8618,47
2025-06-30;Nordeste;Fernanda;Marisa;1005;Headset;1;4358,7;2600,85;4358,7;1757,85
2022-11-30;Sudeste;Ana;Ciro;1005;Headset;5;1734,09;902,05;8670,45;4160,2
2022-03-31;Norte;Eduardo;João;2006;WebCam 4k;9;4045,22;2618,26;36406,98;12842,64
2022-05-31;Centro-Oeste;Carlos;Ciro;7002;Smartphone;3;3903,21;2439,94;11709,63;4389,81
2024-10-31;Norte;Eduardo;Felipe;9001;Notebook;9;2921,8;1696,31;26296,2;11029,41
2023-04-30;Centro-Oeste;Fernanda;Manoela;3003;Placa de Vídeo NVidia;5;749,69;439,3;3748,45;1551,95
2022-07-31;Norte;Carlos;Antonia;9001;Notebook;6;1687,48;913,17;10124,88;4645,86
2023-06-30;Sudeste;Fernanda;Antonia;7002;Smartphone;4;920,69;734,93;3682,76;743,04
2023-04-30;Sudeste;Carlos;Manoela;2006;WebCam 4k;4;1720,57;1281,99;6882,28;1754,32
2024-05-31;Centro-Oeste;Fernanda;Manoela;7002;Smartphone;5;1447,6;908,3;7238,0;2696,5
2024-05-31;Sudeste;Bruno;Ciro;3003;Placa de Vídeo NVidia;1;1331,35;755,93;1331,35;575,42
2023-02-28;Nordeste;Carlos;Antonia;3003;Placa de Vídeo NVidia;1;1201,11;755,56;1201,11;445,55
2025-03-31;Sul;Carlos;Marisa;7002;Smartphone;7;1205,55;671,3;8438,85;3739,75
2024-04-30;Norte;Carlos;Antonia;1005;Headset;5;2271,65;1248,63;11358,25;5115,1
2025-01-31;Nordeste;Fernanda;Antonia;3003;Placa de Vídeo NVidia;9;1182,88;779,17;10645,92;3633,39
2023-06-30;Sul;Ana;Ciro;3003;Placa de Vídeo NVidia;4;3125,35;2281,85;12501,4;3374,0
2023-05-31;Nordeste;Bruno;Antonia;5004;Monitor;3;3875,35;2778,07;11626,05;3291,84
2024-11-30;Sudeste;Eduardo;Ciro;5004;Monitor;4;1290,89;652,72;5163,56;2552,68
2023-11-30;Sul;Fernanda;Manoela;9001;Notebook;7;3420,83;2241,03;23945,81;8258,6
2023-09-30;Norte;Daniela;Antonia;7002;Smartphone;4;2252,13;1722,33;9008,52;2119,2
2024-04-30;Norte;Eduardo;João;9001;Notebook;8;4753,41;3346,53;38027,28;11255,04
2023-11-30;Nordeste;Ana;João;1005;Headset;8;4514,66;2753,84;36117,28;14086,56
2025-06-30;Sudeste;Fernanda;João;5004;Monitor;6;3935,68;2631,33;23614,08;7826,1
2024-12-31;Centro-Oeste;Ana;Marisa;1005;Headset;2;4098,89;2244,21;8197,78;3709,36
2025-09-30;Sudeste;Daniela;João;1005;Headset;3;2350,42;1650,6;7051,26;2099,46
2025-03-31;Norte;Daniela;Marisa;7002;Smartphone;5;887,25;562,47;4436,25;1623,9
2024-09-30;Sudeste;Daniela;Felipe;9001;Notebook;5;3367,56;1865,77;16837,8;7508,95
2022-04-30;Norte;Eduardo;Manoela;3003;Placa de Vídeo NVidia;7;1527,29;904,44;10691,03;4359,95
2023-06-30;Sul;Fernanda;Ciro;3003;Placa de Vídeo NVidia;3;592,41;438,27;1777,23;462,42
2022-06-30;Nordeste;Ana;Felipe;1005;Headset;6;2757,79;1912,31;16546,74;5072,88
2022-08-31;Nordeste;Fernanda;Ciro;9001;Notebook;7;583,51;427,07;4084,57;1095,08
2023-04-30;Sul;Bruno;Ciro;9001;Notebook;4;4908,27;3815,0;19633,08;4373,08
2023-01-31;Sudeste;Ana;João;5004;Monitor;8;3634,23;2397,22;29073,84;9896,08
2022-03-31;Sudeste;Carlos;Manoela;9001;Notebook;9;2996,84;2354,03;26971,56;5785,29
2022-05-31;Norte;Fernanda;Manoela;7002;Smartphone;7;3006,27;1812,24;21043,89;8358,21
2023-01-31;Nordeste;Daniela;Felipe;5004;Monitor;5;3113,92;2154,67;15569,6;4796,25
2023-09-30;Nordeste;Fernanda;Ciro;2006;WebCam 4k;2;1747,55;1241,79;3495,1;1011,52
2023-02-28;Norte;Daniela;João;1005;Headset;1;2951,5;2231,8;2951,5;719,7
2023-11-30;Sul;Fernanda;Marisa;3003;Placa de Vídeo NVidia;5;4763,24;3692,29;23816,2;5354,75
2025-05-31;Sul;Ana;João;3003;Placa de Vídeo NVidia;1;2679,62;1406,8;2679,62;1272,82
2024-09-30;Norte;Daniela;Felipe;3003;Placa de Vídeo NVidia;8;1625,22;850,8;13001,76;6195,36
2022-12-31;Sudeste;Bruno;João;7002;Smartphone;6;2813,88;1710,18;16883,28;6622,2
2022-03-31;Nordeste;Ana;Manoela;7002;Smartphone;9;3897,98;2255,85;35081,82;14779,17
2025-10-31;Sul;Carlos;Antonia;9001;Notebook;3;3921,24;2628,38;11763,72;3878,58
2022-03-31;Sudeste;Ana;João;1005;Headset;7;3224,77;1848,11;22573,39;9636,62
2023-01-31;Nordeste;Ana;Manoela;1005;Headset;8;617,13;360,65;4937,04;2051,84
2023-09-30;Centro-Oeste;Eduardo;Felipe;2006;WebCam 4k;2;4131,79;2969,85;8263,58;2323,88
2023-04-30;Nordeste;Eduardo;Manoela;1005;Headset;7;1456,91;768,45;10198,37;4819,22
2023-06-30;Nordeste;Fernanda;Felipe;3003;Placa de Vídeo NVidia;6;1654,42;1218,88;9926,52;2613,24
2022-07-31;Nordeste;Bruno;Marisa;3003;Placa de Vídeo NVidia;8;1451,91;1142,1;11615,28;2478,48
2022-09-30;Norte;Bruno;Ciro;3003;Placa de Vídeo NVidia;3;2592,8;1417,75;7778,4;3525,15
2025-08-31;Nordeste;Eduardo;Ciro;1005;Headset;5;1061,03;844,43;5305,15;1083,0
2024-09-30;Centro-Oeste;Bruno;Manoela;3003;Placa de Vídeo NVidia;5;861,79;656,29;4308,95;1027,5
2024-03-31;Sul;Carlos;Manoela;2006;WebCam 4k;7;561,27;409,49;3928,89;1062,46
2023-11-30;Sul;Eduardo;Felipe;5004;Monitor;2;3424,26;2449,77;6848,52;1948,98
2023-11-30;Sudeste;Bruno;Manoela;7002;Smartphone;7;2404,91;1483,21;16834,37;6451,9
2023-09-30;Sul;Eduardo;Felipe;2006;WebCam 4k;4;2668,91;1414,24;10675,64;5018,68
2022-05-31;Sudeste;Ana;Felipe;2006;WebCam 4k;4;4303,12;2549,66;17212,48;7013,84
2024-11-30;Centro-Oeste;Daniela;Manoela;2006;WebCam 4k;5;3116,55;1858,24;15582,75;6291,55
2024-07-31;Centro-Oeste;Daniela;Manoela;7002;Smartphone;8;4432,06;2747,97;35456,48;13472,72
2022-09-30;Centro-Oeste;Fernanda;Felipe;2006;WebCam 4k;5;3906,12;2949,21;19530,6;4784,55
2025-08-31;Norte;Eduardo;Antonia;1005;Headset;9;4606,4;3105,23;41457,6;13510,53
2025-04-30;Centro-Oeste;Carlos;Felipe;9001;Notebook;3;4469,48;2317,37;13408,44;6456,33
2025-01-31;Nordeste;Ana;João;7002;Smartphone;9;3382,64;1823,39;30443,76;14033,25
2025-03-31;Centro-Oeste;Carlos;Ciro;9001;Notebook;2;4092,49;3018,62;8184,98;2147,74
2023-08-31;Centro-Oeste;Eduardo;João;2006;WebCam 4k;1;1749,2;1005,79;1749,2;743,41
2025-08-31;Norte;Eduardo;Felipe;1005;Headset;3;4353,56;3435,61;13060,68;2753,85
2023-01-31;Nordeste;Carlos;Ciro;5004;Monitor;2;1935,66;1331,12;3871,32;1209,08
2025-07-31;Centro-Oeste;Fernanda;Felipe;9001;Notebook;8;2165,01;1622,14;17320,08;4342,96
2024-03-31;Nordeste;Carlos;Marisa;7002;Smartphone;1;4177,65;2993,64;4177,65;1184,01
2024-02-29;Nordeste;Bruno;Antonia;2006;WebCam 4k;6;1936,59;1039,27;11619,54;5383,92
2023-06-30;Sudeste;Daniela;Antonia;7002;Smartphone;1;4789,16;2795,09;4789,16;1994,07
2023-08-31;Sudeste;Eduardo;João;7002;Smartphone;4;4863,35;2846,8;19453,4;8066,2
2024-04-30;Sul;Daniela;Ciro;3003;Placa de Vídeo NVidia;9;1400,08;822,61;12600,72;5197,23
2022-10-31;Sul;Ana;Antonia;1005;Headset;5;3497,03;2358,92;17485,15;5690,55
2022-03-31;Sudeste;Ana;Marisa;9001;Notebook;6;1000,94;725,6;6005,64;1652,04
2023-06-30;Nordeste;Bruno;Felipe;3003;Placa de Vídeo NVidia;9;3963,42;2706,2;35670,78;11314,98
2024-08-31;Nordeste;Ana;Ciro;1005;Headset;4;1057,48;642,29;4229,92;1660,76
2022-05-31;Norte;Carlos;Ciro;1005;Headset;9;1226,87;832,48;11041,83;3549,51
2025-10-31;Norte;Carlos;João;7002;Smartphone;3;3039,31;2387,57;9117,93;1955,22
2024-10-31;Sul;Carlos;Manoela;5004;Monitor;1;2392,04;1862,61;2392,04;529,43
2025-01-31;Centro-Oeste;Fernanda;Felipe;7002;Smartphone;7;2083,63;1058,43;14585,41;7176,4
2024-03-31;Sul;Eduardo;Ciro;3003;Placa de Vídeo NVidia;5;645,81;448,46;3229,05;986,75
2023-04-30;Sudeste;Ana;Marisa;9001;Notebook;2;3372,0;1772,41;6744,0;3199,18
2025-02-28;Norte;Fernanda;Marisa;3003;Placa de Vídeo NVidia;2;4830,53;2494,67;9661,06;4671,72
2023-01-31;Nordeste;Fernanda;Antonia;9001;Notebook;5;4772,57;2704,81;23862,85;10338,8
2022-11-30;Norte;Daniela;Marisa;3003;Placa de Vídeo NVidia;3;3140,32;1977,89;9420,96;3487,29
2024-07-31;Norte;Eduardo;Felipe;7002;Smartphone;5;4729,03;2894,58;23645,15;9172,25
2024-05-31;Norte;Bruno;Ciro;3003;Placa de Vídeo NVidia;6;1335,88;908,69;8015,28;2563,14
2022-10-31;Norte;Ana;Antonia;7002;Smartphone;4;4731,3;2460,28;18925,2;9084,08
2024-03-31;Sul;Fernanda;Felipe;7002;Smartphone;2;2090,52;1430,85;4181,04;1319,34
2023-07-31;Sudeste;Daniela;João;9001;Notebook;4;1239,83;901,42;4959,32;1353,64
2023-10-31;Sudeste;Carlos;Marisa;7002;Smartphone;5;3577,22;2341,77;17886,1;6177,25
2022-08-31;Sudeste;Ana;Manoela;2006;WebCam 4k;6;2847,07;2224,59;17082,42;3734,88
2023-03-31;Sudeste;Fernanda;Marisa;7002;Smartphone;1;2714,45;1698,17;2714,45;1016,28
2025-03-31;Sudeste;Fernanda;Ciro;1005;Headset;5;3339,26;1985,89;16696,3;6766,85
2025-09-30;Sul;Daniela;Ciro;7002;Smartphone;3;729,49;537,32;2188,47;576,51
2024-07-31;Sul;Eduardo;Antonia;2006;WebCam 4k;6;1503,86;896,2;9023,16;3645,96
2025-05-31;Sul;Fernanda;Antonia;1005;Headset;6;1535,33;900,21;9211,98;3810,72
2025-09-30;Centro-Oeste;Bruno;Marisa;3003;Placa de Vídeo NVidia;2;2015,94;1355,18;4031,88;1321,52
2024-07-31;Centro-Oeste;Ana;Ciro;9001;Notebook;6;3569,32;2439,47;21415,92;6779,1
2022-04-30;Centro-Oeste;Eduardo;Felipe;2006;WebCam 4k;3;4930,48;3567,59;14791,44;4088,67
2025-10-31;Centro-Oeste;Fernanda;Manoela;5004;Monitor;2;1028,52;774,99;2057,04;507,06
2023-08-31;Norte;Ana;Marisa;1005;Headset;9;4329,73;2774,23;38967,57;13999,5
2023-04-30;Sudeste;Ana;Marisa;1005;Headset;3;2109,04;1091,0;6327,12;3054,12
2024-08-31;Norte;Fernanda;Antonia;5004;Monitor;2;2652,02;1555,75;5304,04;2192,54
2024-05-31;Nordeste;Daniela;Antonia;2006;WebCam 4k;2;3908,58;2919,69;7817,16;1977,78
2025-06-30;Sudeste;Eduardo;Manoela;9001;Notebook;5;1238,92;839,6;6194,6;1996,6
2023-10-31;Sudeste;Carlos;João;1005;Headset;4;1466,13;888,87;5864,52;2309,04
2023-12-31;Sudeste;Bruno;Antonia;5004;Monitor;6;928,7;633,04;5572,2;1773,96
2024-04-30;Nordeste;Fernanda;Ciro;7002;Smartphone;2;2580,84;1840,94;5161,68;1479,8
2024-02-29;Nordeste;Bruno;João;7002;Smartphone;5;4517,02;3208,54;22585,1;6542,4
2025-09-30;Centro-Oeste;Daniela;Ciro;3003;Placa de Vídeo NVidia;2;4087,97;2382,27;8175,94;3411,4
2023-06-30;Centro-Oeste;Carlos;Manoela;3003;Placa de Vídeo NVidia;1;4759,89;3079,5;4759,89;1680,39
2024-10-31;Centro-Oeste;Bruno;Felipe;9001;Notebook;2;3175,57;1919,98;6351,14;2511,18
2025-03-31;Nordeste;Fernanda;João;1005;Headset;7;4171,12;3094,57;29197,84;7535,85
2024-05-31;Nordeste;Fernanda;Manoela;9001;Notebook;5;4001,8;2738,91;20009,0;6314,45
2024-08-31;Centro-Oeste;Ana;Marisa;7002;Smartphone;3;3912,53;2241,89;11737,59;5011,92
2023-10-31;Sul;Bruno;Felipe;5004;Monitor;5;2288,68;1426,69;11443,4;4309,95
2022-02-28;Sul;Bruno;João;5004;Monitor;6;2565,89;1607,75;15395,34;5748,84
2025-09-30;Centro-Oeste;Eduardo;Marisa;5004;Monitor;2;899,33;632,72;1798,66;533,22
2022-02-28;Norte;Bruno;Ciro;9001;Notebook;9;4749,77;3009,29;42747,93;15664,32
2024-12-31;Sudeste;Fernanda;João;5004;Monitor;8;1140,15;910,91;9121,2;1833,92
2023-10-31;Sul;Fernanda;Manoela;3003;Placa de Vídeo NVidia;9;722,19;565,09;6499,71;1413,9
2023-03-31;Nordeste;Eduardo;Antonia;3003;Placa de Vídeo NVidia;5;4072,6;2314,3;20363,0;8791,5
2024-10-31;Nordeste;Daniela;João;3003;Placa de Vídeo NVidia;6;3535,39;2611,15;21212,34;5545,44
2022-09-30;Centro-Oeste;Daniela;Ciro;5004;Monitor;3;4978,52;2590,16;14935,56;7165,08
2023-05-31;Norte;Ana;Manoela;9001;Notebook;8;2144,17;1225,83;17153,36;7346,72
2024-03-31;Sudeste;Daniela;Manoela;3003;Placa de Vídeo NVidia;6;4843,59;3642,6;29061,54;7205,94
2023-08-31;Centro-Oeste;Ana;Felipe;7002;Smartphone;7;4322,4;2860,18;30256,8;10235,54
2023-07-31;Norte;Carlos;Manoela;9001;Notebook;9;1927,52;1290,92;17347,68;5729,4
2024-10-31;Sudeste;Ana;Antonia;9001;Notebook;9;2886,13;2052,03;25975,17;7506,9
2024-02-29;Sul;Fernanda;Manoela;1005;Headset;9;3403,15;2501,84;30628,35;8111,79
2024-04-30;Sul;Fernanda;Felipe;5004;Monitor;8;4622,26;2363,47;36978,08;18070,32
2024-04-30;Sudeste;Fernanda;Antonia;9001;Notebook;7;2278,63;1200,77;15950,41;7545,02
2023-08-31;Centro-Oeste;Eduardo;Marisa;2006;WebCam 4k;2;1045,52;582,19;2091,04;926,66
2025-01-31;Sul;Daniela;Felipe;7002;Smartphone;5;4909,44;3408,58;24547,2;7504,3
2023-09-30;Nordeste;Daniela;João;3003;Placa de Vídeo NVidia;6;2962,91;1889,76;17777,46;6438,9
2024-06-30;Nordeste;Eduardo;Ciro;9001;Notebook;9;2396,07;1234,69;21564,63;10452,42
2022-10-31;Nordeste;Ana;Felipe;5004;Monitor;5;4715,35;2634,5;23576,75;10404,25
2023-09-30;Sudeste;Carlos;Ciro;2006;WebCam 4k;3;1354,74;955,98;4064,22;1196,28
2024-02-29;Norte;Fernanda;Manoela;9001;Notebook;6;2559,89;1691,78;15359,34;5208,66
2022-04-30;Sul;Daniela;Ciro;9001;Notebook;2;2339,77;1576,71;4679,54;1526,12
2024-07-31;Sul;Eduardo;João;1005;Headset;7;3614,97;2253,11;25304,79;9533,02
2025-09-30;Norte;Carlos;Antonia;3003;Placa de Vídeo NVidia;9;527,69;271,75;4749,21;2303,46
2023-08-31;Nordeste;Daniela;Ciro;7002;Smartphone;5;4264,42;2187,08;21322,1;10386,7
2025-09-30;Centro-Oeste;Eduardo;Marisa;1005;Headset;5;2827,37;1842,2;14136,85;4925,85
2023-02-28;Sudeste;Daniela;Ciro;7002;Smartphone;8;4766,98;2609,14;38135,84;17262,72
2023-12-31;Centro-Oeste;Eduardo;Marisa;7002;Smartphone;6;3803,55;2116,84;22821,3;10120,26
2022-10-31;Sul;Bruno;Ciro;2006;WebCam 4k;1;4434,4;2224,63;4434,4;2209,77
2024-08-31;Sudeste;Daniela;Ciro;2006;WebCam 4k;7;1064,55;707,05;7451,85;2502,5
2024-12-31;Norte;Carlos;Manoela;7002;Smartphone;8;828,61;640,97;6628,88;1501,12
2024-07-31;Norte;Bruno;Antonia;1005;Headset;8;4823,68;3364,26;38589,44;11675,36
2023-07-31;Nordeste;Carlos;Felipe;5004;Monitor;6;1637,31;1102,41;9823,86;3209,4
2022-11-30;Centro-Oeste;Bruno;Manoela;2006;WebCam 4k;4;3726,65;2519,79;14906,6;4827,44
2023-02-28;Norte;Bruno;Manoela;9001;Notebook;8;1215,39;954,73;9723,12;2085,28
2023-06-30;Centro-Oeste;Bruno;Marisa;5004;Monitor;9;809,92;452,07;7289,28;3220,65
2022-07-31;Sudeste;Daniela;Marisa;2006;WebCam 4k;9;1021,82;522,9;9196,38;4490,28
2023-02-28;Sul;Carlos;Ciro;7002;Smartphone;4;1243,57;873,37;4974,28;1480,8
2023-06-30;Nordeste;Eduardo;Manoela;1005;Headset;6;2186,82;1178,87;13120,92;6047,7
2025-06-30;Norte;Ana;Antonia;9001;Notebook;2;697,13;399,47;1394,26;595,32
2022-04-30;Nordeste;Bruno;Marisa;3003;Placa de Vídeo NVidia;7;2468,27;1605,2;17277,89;6041,49
2022-07-31;Centro-Oeste;Bruno;Manoela;5004;Monitor;4;4758,37;2877,6;19033,48;7523,08
2024-05-31;Centro-Oeste;Carlos;Marisa;1005;Headset;2;4690,54;2498,86;9381,08;4383,36
2023-07-31;Sudeste;Eduardo;Antonia;9001;Notebook;9;3524,69;2303,51;31722,21;10990,62
2024-08-31;Sul;Ana;Ciro;7002;Smartphone;7;3005,16;2000,58;21036,12;7032,06
2024-02-29;Norte;Ana;Antonia;3003;Placa de Vídeo NVidia;3;3622,7;2159,41;10868,1;4389,87
2024-05-31;Nordeste;Carlos;Antonia;3003;Placa de Vídeo NVidia;3;2581,4;1625,82;7744,2;2866,74
2023-01-31;Nordeste;Eduardo;João;3003;Placa de Vídeo NVidia;3;1635,82;1251,85;4907,46;1151,91
2022-05-31;Sudeste;Ana;João;2006;WebCam 4k;9;4968,19;2793,57;44713,71;19571,58
2025-02-28;Nordeste;Daniela;Manoela;3003;Placa de Vídeo NVidia;8;1685,33;1093,1;13482,64;4737,84
2024-07-31;Sudeste;Carlos;Antonia;2006;WebCam 4k;4;4252,73;3027,47;17010,92;4901,04
2023-04-30;Sul;Carlos;Felipe;2006;WebCam 4k;1;3911,94;2943,49;3911,94;968,45
2022-01-31;Nordeste;Daniela;Felipe;5004;Monitor;5;4741,99;2393,66;23709,95;11741,65
2024-01-31;Sul;Eduardo;Felipe;5004;Monitor;6;2745,51;1497,85;16473,06;7485,96
2025-02-28;Sul;Eduardo;Antonia;1005;Headset;2;728,07;559,81;1456,14;336,52
2024-03-31;Sudeste;Fernanda;Ciro;7002;Smartphone;8;1670,29;1119,19;13362,32;4408,8
2024-08-31;Centro-Oeste;Ana;Antonia;1005;Headset;9;3557,82;2825,4;32020,38;6591,78
2022-09-30;Sul;Carlos;Marisa;5004;Monitor;9;726,82;495,7;6541,38;2080,08
2022-08-31;Nordeste;Daniela;João;2006;WebCam 4k;9;2683,39;1462,82;24150,51;10985,13
2022-06-30;Norte;Daniela;Manoela;7002;Smartphone;9;775,31;488,01;6977,79;2585,7
2025-03-31;Sul;Bruno;João;7002;Smartphone;8;1889,83;1092,25;15118,64;6380,64
2023-11-30;Nordeste;Eduardo;Antonia;5004;Monitor;2;1379,12;905,59;2758,24;947,06
2025-05-31;Centro-Oeste;Fernanda;Ciro;9001;Notebook;6;2287,01;1440,58;13722,06;5078,58
2023-02-28;Nordeste;Ana;Felipe;1005;Headset;1;1307,22;962,79;1307,22;344,43
2024-08-31;Sudeste;Daniela;Ciro;2006;WebCam 4k;3;2236,77;1457,83;6710,31;2336,82
2023-08-31;Sudeste;Fernanda;João;7002;Smartphone;1;1007,13;617,26;1007,13;389,87
2022-11-30;Nordeste;Eduardo;Felipe;9001;Notebook;8;3483,32;2538,5;27866,56;7558,56
2025-08-31;Nordeste;Carlos;Ciro;1005;Headset;9;1300,85;992,82;11707,65;2772,27
2023-08-31;Sul;Ana;Ciro;1005;Headset;6;4287,58;3068,41;25725,48;7315,02
2025-01-31;Norte;Fernanda;Ciro;1005;Headset;9;2431,18;1633,44;21880,62;7179,66
2024-05-31;Norte;Ana;João;2006;WebCam 4k;1;2497,21;1492,07;2497,21;1005,14
2022-09-30;Centro-Oeste;Bruno;Felipe;9001;Notebook;7;692,76;548,79;4849,32;1007,79
2024-11-30;Norte;Fernanda;Marisa;3003;Placa de Vídeo NVidia;4;1897,65;1067,74;7590,6;3319,64
2025-05-31;Sul;Carlos;Felipe;9001;Notebook;3;1271,68;899,88;3815,04;1115,4
2025-09-30;Norte;Daniela;João;3003;Placa de Vídeo NVidia;2;1606,41;895,1;3212,82;1422,62
2024-01-31;Norte;Daniela;Manoela;3003;Placa de Vídeo NVidia;7;4630,46;3565,55;32413,22;7454,37
2025-06-30;Norte;Daniela;João;9001;Notebook;1;4141,47;3242,16;4141,47;899,31
2025-03-31;Norte;Ana;Felipe;1005;Headset;8;3428,01;2739,05;27424,08;5511,68
2022-02-28;Nordeste;Daniela;João;5004;Monitor;3;1460,53;1115,58;4381,59;1034,85
2022-08-31;Norte;Daniela;João;1005;Headset;4;2185,29;1720,69;8741,16;1858,4
2023-08-31;Centro-Oeste;Bruno;Ciro;3003;Placa de Vídeo NVidia;2;1219,41;707,77;2438,82;1023,28
2023-07-31;Sudeste;Eduardo;Marisa;5004;Monitor;2;4636,93;2376,38;9273,86;4521,1
2025-08-31;Sudeste;Fernanda;Felipe;9001;Notebook;9;3805,61;2657,11;34250,49;10336,5
2022-04-30;Centro-Oeste;Bruno;Ciro;3003;Placa de Vídeo NVidia;9;1405,96;999,83;12653,64;3655,17
2022-05-31;Centro-Oeste;Carlos;Marisa;2006;WebCam 4k;6;673,97;437,72;4043,82;1417,5
2022-08-31;Nordeste;Daniela;João;2006;WebCam 4k;6;2590,95;1853,7;15545,7;4423,5
2025-05-31;Sudeste;Bruno;Felipe;3003;Placa de Vídeo NVidia;4;946,96;627,57;3787,84;1277,56
2023-09-30;Sul;Fernanda;Felipe;3003;Placa de Vídeo NVidia;1;3226,24;1694,93;3226,24;1531,31
2024-01-31;Nordeste;Eduardo;Ciro;9001;Notebook;8;2767,99;1619,02;22143,92;9191,76
2025-07-31;Sul;Eduardo;Marisa;5004;Monitor;7;4104,03;2522,4;28728,21;11071,41
2024-05-31;Nordeste;Bruno;Manoela;9001;Notebook;4;3050,47;1860,41;12201,88;4760,24
2023-01-31;Norte;Eduardo;João;1005;Headset;1;3821,94;2483,51;3821,94;1338,43
2025-10-31;Centro-Oeste;Ana;Marisa;1005;Headset;5;2827,58;1431,82;14137,9;6978,8
2024-04-30;Centro-Oeste;Ana;Ciro;9001;Notebook;4;2133,87;1661,94;8535,48;1887,72
2024-07-31;Sul;Fernanda;Ciro;5004;Monitor;8;2909,5;2124,74;23276,0;6278,08
2022-06-30;Centro-Oeste;Daniela;Marisa;7002;Smartphone;4;2853,71;1611,67;11414,84;4968,16
2023-08-31;Nordeste;Daniela;Antonia;7002;Smartphone;9;2200,11;1246,1;19800,99;8586,09
2022-02-28;Norte;Fernanda;Felipe;1005;Headset;6;2839,42;2024,88;17036,52;4887,24
2024-11-30;Sudeste;Fernanda;Marisa;7002;Smartphone;7;1835,52;1411,17;12848,64;2970,45
2022-01-31;Sudeste;Fernanda;Felipe;1005;Headset;4;2889,03;2121,3;11556,12;3070,92
2023-01-31;Sudeste;Fernanda;João;9001;Notebook;8;3196,85;1715,84;25574,8;11848,08
2024-03-31;Nordeste;Eduardo;Antonia;9001;Notebook;9;3506,77;2622,64;31560,93;7957,17
2024-12-31;Nordeste;Fernanda;Marisa;5004;Monitor;1;1868,07;1056,44;1868,07;811,63
2023-10-31;Sudeste;Bruno;Felipe;5004;Monitor;7;2983,43;2169,42;20884,01;5698,07
2024-11-30;Sul;Fernanda;Manoela;3003;Placa de Vídeo NVidia;4;1474,21;1063,39;5896,84;1643,28
2023-01-31;Nordeste;Fernanda;Manoela;5004;Monitor;6;3371,02;2594,45;20226,12;4659,42
2023-08-31;Centro-Oeste;Eduardo;João;2006;WebCam 4k;2;3829,33;2698,88;7658,66;2260,9
2022-04-30;Norte;Carlos;Manoela;7002;Smartphone;8;1328,78;807,15;10630,24;4173,04
2025-02-28;Norte;Eduardo;Felipe;9001;Notebook;1;519,11;365,6;519,11;153,51
2023-12-31;Sudeste;Carlos;Manoela;5004;Monitor;1;2955,64;1916,43;2955,64;1039,21
2023-04-30;Sul;Daniela;João;1005;Headset;6;1187,04;784,15;7122,24;2417,34
2025-01-31;Sudeste;Bruno;Ciro;7002;Smartphone;8;3921,46;2519,61;31371,68;11214,8
2023-11-30;Nordeste;Carlos;Manoela;7002;Smartphone;2;2979,34;1649,05;5958,68;2660,58
2022-04-30;Nordeste;Eduardo;João;3003;Placa de Vídeo NVidia;9;2315,05;1164,31;20835,45;10356,66
2023-05-31;Norte;Ana;Felipe;7002;Smartphone;3;3299,71;2495,81;9899,13;2411,7
2022-05-31;Sul;Bruno;Manoela;3003;Placa de Vídeo NVidia;6;4279,25;3032,92;25675,5;7477,98
2024-04-30;Sudeste;Ana;João;5004;Monitor;5;2635,59;1375,9;13177,95;6298,45
2024-12-31;Sudeste;Fernanda;Felipe;1005;Headset;9;937,23;642,56;8435,07;2652,03
2024-07-31;Centro-Oeste;Eduardo;Antonia;3003;Placa de Vídeo NVidia;5;1080,52;540,59;5402,6;2699,65
2023-02-28;Centro-Oeste;Fernanda;Ciro;1005;Headset;3;596,19;421,09;1788,57;525,3
2024-04-30;Centro-Oeste;Ana;João;2006;WebCam 4k;9;823,31;449,92;7409,79;3360,51
2023-04-30;Centro-Oeste;Eduardo;Felipe;7002;Smartphone;1;4975,45;2690,71;4975,45;2284,74
2024-05-31;Sul;Eduardo;Manoela;3003;Placa de Vídeo NVidia;3;2834,83;1784,29;8504,49;3151,62
2023-07-31;Norte;Daniela;Ciro;2006;WebCam 4k;4;4880,79;3512,97;19523,16;5471,28
2025-09-30;Nordeste;Daniela;João;9001;Notebook;3;2945,69;2337,62;8837,07;1824,21
2022-06-30;Nordeste;Bruno;Felipe;3003;Placa de Vídeo NVidia;1;3994,57;3186,31;3994,57;808,26
2022-04-30;Centro-Oeste;Eduardo;Marisa;5004;Monitor;4;2876,22;1511,73;11504,88;5457,96
2022-06-30;Sul;Fernanda;Ciro;1005;Headset;4;788,69;414,31;3154,76;1497,52
2024-08-31;Sudeste;Carlos;Antonia;9001;Notebook;2;2974,49;2353,33;5948,98;1242,32
2024-04-30;Norte;Ana;Antonia;1005;Headset;7;4547,99;3087,17;31835,93;10225,74
2024-07-31;Sul;Bruno;Manoela;5004;Monitor;4;1905,52;987,09;7622,08;3673,72
2025-05-31;Sudeste;Fernanda;Manoela;3003;Placa de Vídeo NVidia;1;2235,39;1510,22;2235,39;725,17
2022-02-28;Sul;Eduardo;Antonia;5004;Monitor;9;3831,57;2262,67;34484,13;14120,1
2022-01-31;Norte;Bruno;Felipe;2006;WebCam 4k;5;4848,35;2953,82;24241,75;9472,65
2024-10-31;Nordeste;Fernanda;Antonia;1005;Headset;7;4706,29;2471,16;32944,03;15645,91
2023-04-30;Centro-Oeste;Ana;Felipe;5004;Monitor;4;1624,38;1061,52;6497,52;2251,44
2025-07-31;Norte;Ana;Felipe;9001;Notebook;4;4648,52;3676,55;18594,08;3887,88
2022-01-31;Centro-Oeste;Daniela;Felipe;7002;Smartphone;9;4787,08;3335,32;43083,72;13065,84
2024-06-30;Centro-Oeste;Daniela;Marisa;1005;Headset;8;2888,65;1685,52;23109,2;9625,04
2024-02-29;Nordeste;Eduardo;João;9001;Notebook;1;2286,9;1316,96;2286,9;969,94
2023-06-30;Sul;Carlos;Ciro;3003;Placa de Vídeo NVidia;8;1594,07;1187,51;12752,56;3252,48
2023-02-28;Nordeste;Ana;Antonia;7002;Smartphone;5;3273,1;2393,76;16365,5;4396,7
2024-08-31;Nordeste;Ana;Marisa;2006;WebCam 4k;4;2579,27;1874,16;10317,08;2820,44
2025-02-28;Nordeste;Carlos;João;3003;Placa de Vídeo NVidia;3;673,83;340,07;2021,49;1001,28
2023-01-31;Norte;Eduardo;Manoela;5004;Monitor;7;4646,15;3063,63;32523,05;11077,64
2024-02-29;Sudeste;Fernanda;Marisa;3003;Placa de Vídeo NVidia;5;682,23;405,82;3411,15;1382,05
2025-06-30;Nordeste;Carlos;Marisa;7002;Smartphone;1;2982,23;2000,12;2982,23;982,11
2022-08-31;Sul;Fernanda;Antonia;5004;Monitor;8;596,44;457,62;4771,52;1110,56
2022-12-31;Sul;Daniela;João;9001;Notebook;7;1248,19;889,84;8737,33;2508,45
2024-03-31;Nordeste;Daniela;Antonia;1005;Headset;5;3386,69;2483,88;16933,45;4514,05
2022-07-31;Nordeste;Eduardo;João;1005;Headset;2;2285,87;1223,45;4571,74;2124,84
2023-08-31;Sudeste;Ana;Antonia;3003;Placa de Vídeo NVidia;7;1798,26;1271,95;12587,82;3684,17
2025-06-30;Nordeste;Daniela;Felipe;9001;Notebook;9;4767,62;3116,23;42908,58;14862,51
2022-01-31;Sudeste;Eduardo;Felipe;7002;Smartphone;7;2180,03;1435,68;15260,21;5210,45
2023-07-31;Nordeste;Fernanda;Ciro;3003;Placa de Vídeo NVidia;7;2671,73;1437,04;18702,11;8642,83
2022-05-31;Norte;Ana;Ciro;2006;WebCam 4k;3;3157,99;2180,44;9473,97;2932,65
2023-09-30;Norte;Ana;Manoela;1005;Headset;9;4363,99;2351,57;39275,91;18111,78
2023-01-31;Sul;Fernanda;João;1005;Headset;3;2855,36;2269,09;8566,08;1758,81
2022-12-31;Centro-Oeste;Ana;Manoela;9001;Notebook;7;3704,57;2202,92;25931,99;10511,55
2024-07-31;Norte;Bruno;Felipe;9001;Notebook;5;2552,74;1952,43;12763,7;3001,55
2023-12-31;Sudeste;Eduardo;Ciro;3003;Placa de Vídeo NVidia;8;3601,36;2200,11;28810,88;11210,0
2022-05-31;Norte;Daniela;Antonia;5004;Monitor;4;538,72;291,44;2154,88;989,12
2022-07-31;Centro-Oeste;Bruno;Felipe;3003;Placa de Vídeo NVidia;8;4067,75;2921,63;32542,0;9168,96
2025-03-31;Norte;Fernanda;Manoela;7002;Smartphone;4;4321,75;2300,26;17287,0;8085,96
2022-12-31;Nordeste;Daniela;Felipe;2006;WebCam 4k;9;2041,73;1385,63;18375,57;5904,9
2023-11-30;Centro-Oeste;Carlos;João;2006;WebCam 4k;5;1031,72;702,57;5158,6;1645,75
2023-01-31;Centro-Oeste;Daniela;João;7002;Smartphone;5;3443,75;2402,78;17218,75;5204,85
2022-11-30;Norte;Eduardo;Antonia;1005;Headset;1;997,42;708,79;997,42;288,63
2022-08-31;Sul;Ana;Ciro;3003;Placa de Vídeo NVidia;6;3758,45;2309,89;22550,7;8691,36
2024-10-31;Centro-Oeste;Carlos;Ciro;5004;Monitor;1;1161,53;772,17;1161,53;389,36
2022-06-30;Nordeste;Eduardo;Marisa;3003;Placa de Vídeo NVidia;5;2080,85;1211,99;10404,25;4344,3
2023-10-31;Centro-Oeste;Fernanda;Marisa;9001;Notebook;1;3110,62;1941,02;3110,62;1169,6
2024-01-31;Norte;Eduardo;João;1005;Headset;2;2779,78;2202,76;5559,56;1154,04
2022-09-30;Sudeste;Bruno;Marisa;2006;WebCam 4k;9;1473,06;1013,76;13257,54;4133,7
2024-06-30;Nordeste;Ana;Ciro;1005;Headset;8;3476,69;2349,03;27813,52;9021,28
2024-08-31;Centro-Oeste;Ana;Marisa;3003;Placa de Vídeo NVidia;7;2656,73;1399,07;18597,11;8803,62
2024-11-30;Nordeste;Carlos;Marisa;2006;WebCam 4k;9;1809,0;1251,01;16281,0;5021,91
2023-06-30;Sul;Ana;Antonia;1005;Headset;8;1363,44;949,64;10907,52;3310,4
2025-01-31;Norte;Ana;João;2006;WebCam 4k;4;4626,39;3307,79;18505,56;5274,4
2022-11-30;Sul;Bruno;Felipe;3003;Placa de Vídeo NVidia;6;3148,69;2106,15;18892,14;6255,24
2022-04-30;Sul;Carlos;Ciro;9001;Notebook;8;1968,52;1475,41;15748,16;3944,88
2023-02-28;Nordeste;Daniela;Antonia;3003;Placa de Vídeo NVidia;7;1230,28;966,35;8611,96;1847,51
2025-05-31;Nordeste;Ana;Antonia;7002;Smartphone;1;4253,02;3096,17;4253,02;1156,85
2023-05-31;Sul;Eduardo;Marisa;5004;Monitor;2;4273,84;2705,83;8547,68;3136,02
2022-12-31;Norte;Bruno;Marisa;1005;Headset;2;2740,24;2168,4;5480,48;1143,68
2024-09-30;Norte;Eduardo;Marisa;1005;Headset;6;4225,3;2913,4;25351,8;7871,4
2023-08-31;Centro-Oeste;Ana;Manoela;5004;Monitor;7;3629,89;2826,03;25409,23;5627,02
2022-10-31;Sudeste;Carlos;Ciro;2006;WebCam 4k;7;2655,61;1904,0;18589,27;5261,27
2025-10-31;Nordeste;Ana;Felipe;9001;Notebook;6;1768,44;1272,89;10610,64;2973,3
2025-02-28;Sudeste;Daniela;Antonia;7002;Smartphone;8;941,25;687,57;7530,0;2029,44
2024-10-31;Centro-Oeste;Eduardo;João;5004;Monitor;1;1668,74;1165,12;1668,74;503,62
2023-05-31;Sudeste;Daniela;Manoela;5004;Monitor;6;3047,06;1910,44;18282,36;6819,72
2025-01-31;Centro-Oeste;Bruno;Felipe;1005;Headset;1;1011,39;657,8;1011,39;353,59
2022-02-28;Sul;Carlos;Antonia;7002;Smartphone;8;4531,91;2797,59;36255,28;13874,56
2023-10-31;Centro-Oeste;Bruno;Marisa;9001;Notebook;2;2845,4;1900,29;5690,8;1890,22
2023-03-31;Norte;Fernanda;Manoela;5004;Monitor;6;3013,12;1569,24;18078,72;8663,28
2025-06-30;Sul;Daniela;Felipe;3003;Placa de Vídeo NVidia;6;2109,25;1539,58;12655,5;3418,02
2025-01-31;Sudeste;Carlos;Marisa;7002;Smartphone;5;2586,23;1604,19;12931,15;4910,2
2022-02-28;Sudeste;Ana;Manoela;3003;Placa de Vídeo NVidia;6;3525,43;1873,97;21152,58;9908,76
2024-02-29;Centro-Oeste;Carlos;Antonia;3003;Placa de Vídeo NVidia;4;3772,58;2354,75;15090,32;5671,32
2025-02-28;Nordeste;Eduardo;Manoela;5004;Monitor;3;4816,28;2536,79;14448,84;6838,47
2024-01-31;Centro-Oeste;Carlos;Marisa;7002;Smartphone;5;2586,76;1414,39;12933,8;5861,85
2024-02-29;Norte;Carlos;Antonia;9001;Notebook;8;1236,69;937,3;9893,52;2395,12
2024-11-30;Nordeste;Fernanda;Ciro;7002;Smartphone;2;1659,36;1168,58;3318,72;981,56
2025-03-31;Centro-Oeste;Eduardo;Marisa;7002;Smartphone;1;4930,55;3082,52;4930,55;1848,03
2022-04-30;Nordeste;Fernanda;Ciro;9001;Notebook;1;4034,75;2515,26;4034,75;1519,49
2024-11-30;Norte;Daniela;Ciro;1005;Headset;3;3517,07;2102,79;10551,21;4242,84
2024-04-30;Sul;Eduardo;Manoela;3003;Placa de Vídeo NVidia;2;4870,51;3202,92;9741,02;3335,18
2023-04-30;Norte;Ana;Felipe;3003;Placa de Vídeo NVidia;1;646,27;452,21;646,27;194,06
2025-07-31;Sul;Fernanda;Ciro;3003;Placa de Vídeo NVidia;8;1401,74;740,59;11213,92;5289,2
2024-11-30;Sul;Bruno;João;2006;WebCam 4k;7;4668,8;2365,37;32681,6;16124,01
2022-09-30;Sudeste;Ana;Marisa;3003;Placa de Vídeo NVidia;7;2747,17;1409,83;19230,19;9361,38
2023-12-31;Centro-Oeste;Carlos;Felipe;5004;Monitor;4;4286,56;3427,99;17146,24;3434,28
2022-01-31;Norte;Carlos;Felipe;9001;Notebook;1;3167,43;2328,36;3167,43;839,07
2025-01-31;Sul;Carlos;Manoela;3003;Placa de Vídeo NVidia;3;2123,86;1570,59;6371,58;1659,81
2025-06-30;Norte;Daniela;Antonia;3003;Placa de Vídeo NVidia;3;2533,63;1347,5;7600,89;3558,39
2024-01-31;Nordeste;Carlos;Ciro;1005;Headset;8;3389,2;1792,29;27113,6;12775,28
2024-08-31;Centro-Oeste;Fernanda;Ciro;7002;Smartphone;8;3450,44;2647,17;27603,52;6426,16
2025-10-31;Norte;Ana;Marisa;1005;Headset;3;4543,85;3248,45;13631,55;3886,2
2024-03-31;Centro-Oeste;Carlos;Marisa;2006;WebCam 4k;6;4732,85;3651,92;28397,1;6485,58
2023-05-31;Sudeste;Fernanda;Ciro;7002;Smartphone;3;3050,96;1623,42;9152,88;4282,62
2024-10-31;Sul;Carlos;Ciro;5004;Monitor;4;1155,53;643,88;4622,12;2046,6
2022-05-31;Nordeste;Fernanda;Marisa;7002;Smartphone;1;2199,43;1602,77;2199,43;596,66
2022-09-30;Norte;Bruno;Antonia;3003;Placa de Vídeo NVidia;4;2866,51;1629,75;11466,04;4947,04
2022-12-31;Nordeste;Fernanda;Marisa;3003;Placa de Vídeo NVidia;1;3109,55;1875,59;3109,55;1233,96
2023-08-31;Nordeste;Eduardo;Manoela;9001;Notebook;9;2230,71;1668,41;20076,39;5060,7
2023-10-31;Centro-Oeste;Eduardo;Marisa;5004;Monitor;1;3555,94;2184,37;3555,94;1371,57
2023-06-30;Sul;Bruno;Antonia;1005;Headset;6;1321,13;975,38;7926,78;2074,5
2024-03-31;Nordeste;Carlos;Marisa;3003;Placa de Vídeo NVidia;1;4888,97;3365,95;4888,97;1523,02
2022-06-30;Norte;Carlos;Felipe;5004;Monitor;6;2208,29;1147,08;13249,74;6367,26
2022-07-31;Centro-Oeste;Fernanda;Ciro;9001;Notebook;4;4736,15;3592,79;18944,6;4573,44
2022-04-30;Centro-Oeste;Carlos;Felipe;5004;Monitor;2;2535,13;1382,83;5070,26;2304,6
2022-03-31;Sul;Fernanda;Marisa;9001;Notebook;4;1685,97;1135,52;6743,88;2201,8
2022-01-31;Sudeste;Carlos;Antonia;9001;Notebook;3;1808,93;1244,73;5426,79;1692,6
2025-04-30;Sudeste;Eduardo;Antonia;1005;Headset;2;1022,3;536,7;2044,6;971,2
2025-05-31;Nordeste;Eduardo;Ciro;7002;Smartphone;7;2272,59;1784,96;15908,13;3413,41
2022-05-31;Norte;Fernanda;Manoela;1005;Headset;5;3338,12;1709,35;16690,6;8143,85
2023-11-30;Norte;Carlos;João;7002;Smartphone;7;2739,45;2092,05;19176,15;4531,8
2025-02-28;Norte;Ana;Ciro;2006;WebCam 4k;6;4954,74;2894,52;29728,44;12361,32
2022-12-31;Sudeste;Fernanda;Manoela;3003;Placa de Vídeo NVidia;6;1232,43;709,89;7394,58;3135,24
2025-02-28;Sul;Daniela;Manoela;3003;Placa de Vídeo NVidia;7;3092,54;2395,23;21647,78;4881,17
2022-08-31;Sudeste;Ana;Antonia;2006;WebCam 4k;2;2966,62;2280,75;5933,24;1371,74
2023-02-28;Centro-Oeste;Fernanda;Felipe;2006;WebCam 4k;2;4306,87;2161,04;8613,74;4291,66
2022-12-31;Centro-Oeste;Daniela;Antonia;3003;Placa de Vídeo NVidia;7;688,06;508,5;4816,42;1256,92
2023-11-30;Centro-Oeste;Daniela;João;1005;Headset;3;3486,77;2474,56;10460,31;3036,63
2024-07-31;Norte;Daniela;Ciro;7002;Smartphone;2;4302,2;2498,32;8604,4;3607,76
2023-03-31;Nordeste;Carlos;Antonia;7002;Smartphone;1;3201,17;2237,84;3201,17;963,33
2022-02-28;Centro-Oeste;Ana;Felipe;1005;Headset;4;4446,95;2558,18;17787,8;7555,08
2024-02-29;Centro-Oeste;Ana;Ciro;2006;WebCam 4k;2;3622,08;1831,79;7244,16;3580,58
2023-11-30;Centro-Oeste;Eduardo;Ciro;7002;Smartphone;7;3133,22;1628,44;21932,54;10533,46
2025-07-31;Nordeste;Ana;Ciro;1005;Headset;5;721,18;483,16;3605,9;1190,1
2025-10-31;Sul;Daniela;Marisa;9001;Notebook;5;1409,29;979,09;7046,45;2151,0
2023-08-31;Centro-Oeste;Ana;Ciro;9001;Notebook;4;3250,8;2479,48;13003,2;3085,28
2022-04-30;Nordeste;Bruno;Ciro;1005;Headset;6;2140,59;1429,98;12843,54;4263,66
2022-05-31;Sudeste;Bruno;Felipe;5004;Monitor;3;2573,05;1761,29;7719,15;2435,28
2025-07-31;Centro-Oeste;Daniela;Felipe;7002;Smartphone;8;1030,02;729,28;8240,16;2405,92
2022-01-31;Nordeste;Daniela;Felipe;3003;Placa de Vídeo NVidia;3;2205,01;1376,22;6615,03;2486,37
2023-09-30;Norte;Carlos;Manoela;3003;Placa de Vídeo NVidia;6;1288,61;919,83;7731,66;2212,68
2023-04-30;Centro-Oeste;Eduardo;Ciro;3003;Placa de Vídeo NVidia;6;2449,68;1761,1;14698,08;4131,48
2024-07-31;Centro-Oeste;Daniela;Ciro;3003;Placa de Vídeo NVidia;2;2908,24;1709,01;5816,48;2398,46
2025-04-30;Centro-Oeste;Carlos;Manoela;3003;Placa de Vídeo NVidia;2;3417,61;2504,78;6835,22;1825,66
2023-10-31;Sudeste;Bruno;Manoela;7002;Smartphone;4;3813,66;2328,94;15254,64;5938,88
2024-08-31;Centro-Oeste;Fernanda;Antonia;7002;Smartphone;9;889,9;504,95;8009,1;3464,55
2023-12-31;Centro-Oeste;Carlos;João;9001;Notebook;7;3880,07;3048,57;27160,49;5820,5
2024-01-31;Norte;Carlos;Ciro;3003;Placa de Vídeo NVidia;1;1273,69;650,59;1273,69;623,1
2025-04-30;Sul;Ana;Manoela;2006;WebCam 4k;8;2777,09;1461,62;22216,72;10523,76
2024-04-30;Sul;Fernanda;Antonia;5004;Monitor;4;657,41;488,17;2629,64;676,96
2025-01-31;Sul;Bruno;Antonia;2006;WebCam 4k;6;1454,42;950,65;8726,52;3022,62
2024-08-31;Centro-Oeste;Fernanda;Felipe;3003;Placa de Vídeo NVidia;2;2658,47;1947,38;5316,94;1422,18
2023-08-31;Sul;Eduardo;Ciro;5004;Monitor;4;2462,4;1390,12;9849,6;4289,12
2023-10-31;Sudeste;Fernanda;Marisa;1005;Headset;8;1568,76;1153,69;12550,08;3320,56
2023-10-31;Centro-Oeste;Carlos;Felipe;5004;Monitor;8;1453,02;975,18;11624,16;3822,72
2023-09-30;Sudeste;Daniela;Ciro;7002;Smartphone;6;4353,77;2410,77;26122,62;11658,0
2022-03-31;Sudeste;Bruno;João;7002;Smartphone;5;2254,11;1172,15;11270,55;5409,8
2025-06-30;Sul;Daniela;Felipe;9001;Notebook;6;1884,9;986,83;11309,4;5388,42
2025-03-31;Centro-Oeste;Eduardo;Ciro;5004;Monitor;4;812,68;534,73;3250,72;1111,8
2023-02-28;Sudeste;Daniela;Felipe;1005;Headset;2;2255,51;1395,7;4511,02;1719,62
2022-07-31;Norte;Carlos;Felipe;5004;Monitor;6;919,35;715,26;5516,1;1224,54
2023-11-30;Norte;Daniela;Ciro;9001;Notebook;6;3000,94;2301,74;18005,64;4195,2
2023-09-30;Nordeste;Daniela;Manoela;5004;Monitor;4;929,6;725,95;3718,4;814,6
2025-09-30;Centro-Oeste;Bruno;Marisa;2006;WebCam 4k;6;2908,25;2082,62;17449,5;4953,78
2025-02-28;Norte;Carlos;Marisa;3003;Placa de Vídeo NVidia;6;1379,1;880,53;8274,6;2991,42
2024-05-31;Centro-Oeste;Fernanda;Ciro;5004;Monitor;1;3937,7;2074,96;3937,7;1862,74
2025-08-31;Sudeste;Ana;João;5004;Monitor;3;1564,26;836,08;4692,78;2184,54
2024-01-31;Centro-Oeste;Eduardo;Antonia;9001;Notebook;7;776,85;465,83;5437,95;2177,14
2022-10-31;Nordeste;Daniela;Felipe;2006;WebCam 4k;1;1960,6;1371,14;1960,6;589,46
2022-05-31;Sudeste;Eduardo;Felipe;1005;Headset;8;3898,91;2610,21;31191,28;10309,6
2022-04-30;Sul;Fernanda;João;2006;WebCam 4k;1;1942,14;1094,87;1942,14;847,27
2022-12-31;Nordeste;Fernanda;Ciro;1005;Headset;6;1356,51;789,67;8139,06;3401,04
2023-05-31;Nordeste;Eduardo;Felipe;1005;Headset;3;1954,79;986,95;5864,37;2903,52
2024-05-31;Centro-Oeste;Carlos;Manoela;1005;Headset;7;3027,6;2251,15;21193,2;5435,15
2022-07-31;Sudeste;Carlos;Manoela;1005;Headset;2;2578,58;1941,56;5157,16;1274,04
2025-02-28;Sul;Fernanda;Felipe;3003;Placa de Vídeo NVidia;8;3911,92;2332,1;31295,36;12638,56
2022-01-31;Nordeste;Ana;João;3003;Placa de Vídeo NVidia;2;3389,11;2346,73;6778,22;2084,76
2024-02-29;Nordeste;Fernanda;Felipe;1005;Headset;5;2393,5;1634,08;11967,5;3797,1
2023-12-31;Sudeste;Bruno;João;7002;Smartphone;6;2102,69;1286,91;12616,14;4894,68
2025-06-30;Norte;Ana;Ciro;7002;Smartphone;8;4804,99;2707,05;38439,92;16783,52
2023-01-31;Sudeste;Bruno;Marisa;2006;WebCam 4k;5;3423,16;2446,06;17115,8;4885,5
2024-01-31;Nordeste;Ana;Felipe;9001;Notebook;8;4440,79;2991,15;35526,32;11597,12
2025-05-31;Sudeste;Daniela;Felipe;9001;Notebook;5;4523,31;3093,95;22616,55;7146,8
2023-01-31;Nordeste;Daniela;Ciro;7002;Smartphone;7;4278,68;2787,51;29950,76;10438,19
2025-09-30;Nordeste;Fernanda;Antonia;9001;Notebook;6;3269,29;2310,08;19615,74;5755,26
2025-08-31;Nordeste;Daniela;Manoela;2006;WebCam 4k;5;3752,39;2342,16;18761,95;7051,15
2023-04-30;Norte;Daniela;Manoela;7002;Smartphone;2;1309,82;744,47;2619,64;1130,7
2022-06-30;Centro-Oeste;Daniela;Felipe;7002;Smartphone;2;2185,13;1627,47;4370,26;1115,32
2024-01-31;Nordeste;Ana;Felipe;5004;Monitor;5;905,88;593,86;4529,4;1560,1
2023-09-30;Nordeste;Eduardo;Felipe;1005;Headset;1;2390,85;1259,8;2390,85;1131,05
2022-04-30;Sul;Fernanda;Marisa;1005;Headset;3;2826,52;1933,06;8479,56;2680,38
2024-01-31;Sudeste;Carlos;Felipe;2006;WebCam 4k;9;1810,54;1442,9;16294,86;3308,76
2023-07-31;Sul;Eduardo;João;3003;Placa de Vídeo NVidia;5;816,78;408,41;4083,9;2041,85
2025-10-31;Norte;Fernanda;Manoela;1005;Headset;9;630,04;365,31;5670,36;2382,57
2025-07-31;Centro-Oeste;Carlos;Ciro;5004;Monitor;6;4134,97;2440,58;24809,82;10166,34
2024-02-29;Norte;Carlos;Antonia;7002;Smartphone;3;639,48;361,64;1918,44;833,52
2023-03-31;Sudeste;Fernanda;Antonia;1005;Headset;3;2894,54;2138,16;8683,62;2269,14
2024-10-31;Sul;Carlos;Ciro;5004;Monitor;8;1536,39;775,77;12291,12;6084,96
2022-05-31;Sudeste;Carlos;Felipe;9001;Notebook;2;811,53;519,72;1623,06;583,62
2023-06-30;Centro-Oeste;Eduardo;Antonia;1005;Headset;5;3006,85;2375,01;15034,25;3159,2
2022-01-31;Sudeste;Carlos;Antonia;5004;Monitor;7;4020,6;2324,82;28144,2;11870,46
2025-05-31;Sul;Carlos;João;2006;WebCam 4k;4;1286,94;730,78;5147,76;2224,64
2023-08-31;Sul;Eduardo;João;7002;Smartphone;8;2526,0;1719,96;20208,0;6448,32
2022-04-30;Centro-Oeste;Fernanda;Ciro;1005;Headset;9;1756,31;1130,45;15806,79;5632,74
2025-09-30;Centro-Oeste;Eduardo;Felipe;2006;WebCam 4k;6;3404,25;2175,69;20425,5;7371,36
2025-03-31;Sul;Bruno;Ciro;3003;Placa de Vídeo NVidia;1;1148,19;656,76;1148,19;491,43
2023-11-30;Norte;Fernanda;Ciro;9001;Notebook;3;2598,74;2013,5;7796,22;1755,72
2022-11-30;Norte;Eduardo;Antonia;3003;Placa de Vídeo NVidia;3;4676,45;2509,0;14029,35;6502,35
2022-01-31;Norte;Fernanda;João;9001;Notebook;1;1599,67;907,0;1599,67;692,67
2023-07-31;Norte;Eduardo;João;7002;Smartphone;3;1839,28;1214,05;5517,84;1875,69
2024-07-31;Centro-Oeste;Ana;Antonia;3003;Placa de Vídeo NVidia;6;3538,54;2493,11;21231,24;6272,58
2022-10-31;Sudeste;Eduardo;João;5004;Monitor;8;901,25;651,36;7210,0;1999,12
2025-10-31;Sul;Eduardo;Marisa;7002;Smartphone;6;3652,37;2566,79;21914,22;6513,48
2025-10-31;Nordeste;Bruno;Ciro;3003;Placa de Vídeo NVidia;6;1367,77;807,08;8206,62;3364,14
2024-10-31;Centro-Oeste;Ana;Felipe;9001;Notebook;1;4134,33;3066,85;4134,33;1067,48
2025-04-30;Sul;Fernanda;Ciro;9001;Notebook;3;1226,67;624,4;3680,01;1806,81
2025-05-31;Centro-Oeste;Eduardo;João;9001;Notebook;9;1362,1;754,04;12258,9;5472,54
2025-03-31;Centro-Oeste;Ana;João;9001;Notebook;4;4499,56;2275,1;17998,24;8897,84
2022-06-30;Nordeste;Daniela;João;3003;Placa de Vídeo NVidia;2;2958,18;2215,83;5916,36;1484,7
2022-01-31;Nordeste;Daniela;Antonia;3003;Placa de Vídeo NVidia;4;849,7;549,04;3398,8;1202,64
2024-05-31;Sul;Daniela;Felipe;1005;Headset;9;3931,88;2209,63;35386,92;15500,25
2025-05-31;Norte;Ana;Ciro;5004;Monitor;2;1322,51;687,29;2645,02;1270,44
2024-09-30;Nordeste;Carlos;Antonia;9001;Notebook;8;3641,71;1928,76;29133,68;13703,6
2025-06-30;Sudeste;Fernanda;Ciro;5004;Monitor;8;2394,52;1793,47;19156,16;4808,4
2023-10-31;Sudeste;Daniela;Felipe;9001;Notebook;8;2536,99;1706,96;20295,92;6640,24
2025-09-30;Nordeste;Daniela;João;7002;Smartphone;5;3132,38;1675,45;15661,9;7284,65
2023-07-31;Nordeste;Eduardo;João;9001;Notebook;3;928,68;679,08;2786,04;748,8
2024-10-31;Sul;Eduardo;João;1005;Headset;9;1101,72;645,66;9915,48;4104,54
2023-12-31;Centro-Oeste;Eduardo;Manoela;3003;Placa de Vídeo NVidia;6;4993,37;2507,05;29960,22;14917,92
2024-02-29;Nordeste;Daniela;Felipe;2006;WebCam 4k;8;3200,07;2349,85;25600,56;6801,76
2022-07-31;Norte;Eduardo;Ciro;1005;Headset;3;2040,13;1224,82;6120,39;2445,93
2025-01-31;Nordeste;Carlos;Manoela;2006;WebCam 4k;4;2403,75;1388,56;9615,0;4060,76
2025-09-30;Sul;Daniela;Ciro;3003;Placa de Vídeo NVidia;4;1762,14;1242,22;7048,56;2079,68
2023-08-31;Centro-Oeste;Bruno;Antonia;9001;Notebook;7;2544,55;1980,31;17811,85;3949,68
2025-09-30;Sudeste;Ana;Ciro;3003;Placa de Vídeo NVidia;7;4601,11;2307,25;32207,77;16057,02
2024-02-29;Norte;Bruno;Felipe;3003;Placa de Vídeo NVidia;2;3404,21;2367,77;6808,42;2072,88
2023-10-31;Sudeste;Ana;João;2006;WebCam 4k;2;4891,09;3547,91;9782,18;2686,36
2025-03-31;Sudeste;Eduardo;Felipe;3003;Placa de Vídeo NVidia;3;4519,42;2392,7;13558,26;6380,16
2025-05-31;Centro-Oeste;Bruno;João;1005;Headset;9;2616,87;1746,29;23551,83;7835,22
2023-05-31;Sudeste;Bruno;Felipe;5004;Monitor;3;1982,06;1070,63;5946,18;2734,29
2022-06-30;Sul;Daniela;Marisa;3003;Placa de Vídeo NVidia;4;2883,42;2009,5;11533,68;3495,68
2022-10-31;Norte;Bruno;João;9001;Notebook;3;2682,61;1896,76;8047,83;2357,55
2022-04-30;Nordeste;Bruno;Felipe;3003;Placa de Vídeo NVidia;3;742,87;473,33;2228,61;808,62
2022-05-31;Norte;Daniela;João;3003;Placa de Vídeo NVidia;1;2233,66;1266,92;2233,66;966,74
2023-04-30;Sudeste;Eduardo;Manoela;3003;Placa de Vídeo NVidia;6;2273,99;1531,03;13643,94;4457,76
2024-01-31;Sul;Carlos;Manoela;7002;Smartphone;7;2117,73;1524,38;14824,11;4153,45
2022-07-31;Nordeste;Ana;Ciro;3003;Placa de Vídeo NVidia;4;699,74;373,76;2798,96;1303,92
2023-10-31;Nordeste;Daniela;Antonia;2006;WebCam 4k;4;4318,81;3108,34;17275,24;4841,88
2024-09-30;Centro-Oeste;Fernanda;Felipe;9001;Notebook;4;4710,05;3201,32;18840,2;6034,92
2024-04-30;Nordeste;Daniela;Antonia;9001;Notebook;4;2809,58;2001,0;11238,32;3234,32
2022-10-31;Centro-Oeste;Daniela;Felipe;3003;Placa de Vídeo NVidia;3;953,93;638,14;2861,79;947,37
2023-10-31;Sul;Carlos;Marisa;2006;WebCam 4k;1;3267,03;2511,0;3267,03;756,03
2023-04-30;Nordeste;Eduardo;Marisa;5004;Monitor;5;4854,38;2826,68;24271,9;10138,5
2022-11-30;Norte;Daniela;João;7002;Smartphone;8;4737,0;3273,44;37896,0;11708,48
2024-10-31;Nordeste;Carlos;Antonia;2006;WebCam 4k;4;3320,79;1688,2;13283,16;6530,36
2025-03-31;Nordeste;Fernanda;Antonia;1005;Headset;1;4310,7;2250,06;4310,7;2060,64
2023-07-31;Sudeste;Fernanda;Marisa;7002;Smartphone;5;992,74;621,79;4963,7;1854,75
2023-03-31;Centro-Oeste;Ana;Antonia;1005;Headset;4;4833,39;2751,44;19333,56;8327,8
2023-04-30;Nordeste;Eduardo;Marisa;9001;Notebook;9;2998,69;1621,04;26988,21;12398,85
2023-07-31;Nordeste;Bruno;Manoela;5004;Monitor;8;2412,69;1843,36;19301,52;4554,64
2025-07-31;Nordeste;Bruno;Ciro;7002;Smartphone;5;2904,32;1523,47;14521,6;6904,25
2022-06-30;Centro-Oeste;Eduardo;João;2006;WebCam 4k;9;3437,2;2176,62;30934,8;11345,22
2024-01-31;Nordeste;Carlos;Ciro;2006;WebCam 4k;6;3813,37;2318,22;22880,22;8970,9
2023-02-28;Nordeste;Bruno;Marisa;2006;WebCam 4k;3;2570,95;2023,07;7712,85;1643,64
2025-01-31;Norte;Bruno;Marisa;9001;Notebook;3;2072,38;1309,79;6217,14;2287,77
2022-10-31;Nordeste;Carlos;Manoela;9001;Notebook;5;1729,23;1129,56;8646,15;2998,35
2023-10-31;Norte;Bruno;Manoela;7002;Smartphone;2;4571,53;3155,28;9143,06;2832,5
2023-09-30;Nordeste;Carlos;João;3003;Placa de Vídeo NVidia;7;673,73;461,49;4716,11;1485,68
2022-10-31;Nordeste;Carlos;Felipe;2006;WebCam 4k;1;4611,26;2309,82;4611,26;2301,44
2025-03-31;Sudeste;Bruno;Marisa;7002;Smartphone;1;2403,4;1610,03;2403,4;793,37
2024-07-31;Norte;Eduardo;João;7002;Smartphone;9;4837,29;3574,84;43535,61;11362,05
2022-01-31;Norte;Carlos;Ciro;3003;Placa de Vídeo NVidia;6;2660,24;1537,56;15961,44;6736,08
2025-10-31;Sul;Carlos;João;5004;Monitor;6;1742,46;1319,55;10454,76;2537,46
2024-04-30;Sudeste;Bruno;Antonia;7002;Smartphone;4;4696,32;3443,84;18785,28;5009,92
2024-08-31;Nordeste;Daniela;Manoela;5004;Monitor;1;2859,94;2041,2;2859,94;818,74
2024-08-31;Sudeste;Eduardo;João;9001;Notebook;4;3078,66;1789,01;12314,64;5158,6
2024-06-30;Sudeste;Carlos;Manoela;7002;Smartphone;7;644,57;406,26;4511,99;1668,17
2023-02-28;Norte;Carlos;Manoela;2006;WebCam 4k;5;3754,31;2217,22;18771,55;7685,45
2022-02-28;Norte;Carlos;Antonia;3003;Placa de Vídeo NVidia;5;4445,33;2291,09;22226,65;10771,2
2022-05-31;Sul;Fernanda;Marisa;5004;Monitor;7;3157,34;2258,15;22101,38;6294,33
2025-10-31;Sul;Carlos;Marisa;7002;Smartphone;3;3013,61;1833,92;9040,83;3539,07
2025-02-28;Centro-Oeste;Fernanda;Antonia;9001;Notebook;7;3400,59;2673,15;23804,13;5092,08
2025-02-28;Centro-Oeste;Daniela;Manoela;3003;Placa de Vídeo NVidia;8;4713,32;3038,42;37706,56;13399,2
2022-07-31;Sudeste;Daniela;João;9001;Notebook;3;2378,06;1493,98;7134,18;2652,24
2022-02-28;Sul;Daniela;Marisa;5004;Monitor;7;3007,39;2298,94;21051,73;4959,15
2024-09-30;Sul;Carlos;Marisa;3003;Placa de Vídeo NVidia;7;3740,57;2560,13;26183,99;8263,08
2022-07-31;Sudeste;Carlos;Antonia;9001;Notebook;9;4233,36;3009,54;38100,24;11014,38
2024-05-31;Centro-Oeste;Carlos;Ciro;1005;Headset;1;2436,81;1769,2;2436,81;667,61
2022-08-31;Nordeste;Ana;Antonia;2006;WebCam 4k;2;4940,83;2587,04;9881,66;4707,58
2024-06-30;Nordeste;Eduardo;Ciro;2006;WebCam 4k;2;1071,95;712,71;2143,9;718,48
2024-05-31;Nordeste;Bruno;Antonia;7002;Smartphone;9;4941,22;2553,32;44470,98;21491,1
2022-11-30;Sul;Bruno;João;2006;WebCam 4k;7;3662,38;1837,84;25636,66;12771,78
2024-02-29;Norte;Carlos;Marisa;1005;Headset;1;796,96;596,26;796,96;200,7
2022-04-30;Nordeste;Daniela;Ciro;1005;Headset;6;2657,69;1676,72;15946,14;5885,82
2022-12-31;Sudeste;Bruno;Ciro;3003;Placa de Vídeo NVidia;8;2960,67;1846,99;23685,36;8909,44
2022-11-30;Centro-Oeste;Eduardo;Ciro;7002;Smartphone;9;3955,26;2369,04;35597,34;14275,98
2022-04-30;Norte;Bruno;Marisa;3003;Placa de Vídeo NVidia;5;4350,09;2937,92;21750,45;7060,85
2023-04-30;Nordeste;Fernanda;João;5004;Monitor;9;2012,18;1190,14;18109,62;7398,36
2023-04-30;Sul;Carlos;Felipe;5004;Monitor;7;1199,9;795,64;8399,3;2829,82
2022-02-28;Sudeste;Ana;Marisa;9001;Notebook;6;4242,34;3244,69;25454,04;5985,9
2023-01-31;Centro-Oeste;Fernanda;Manoela;3003;Placa de Vídeo NVidia;7;4143,32;2711,37;29003,24;10023,65
2025-10-31;Nordeste;Eduardo;Manoela;1005;Headset;1;1330,15;727,9;1330,15;602,25
2023-08-31;Norte;Ana;Manoela;1005;Headset;1;4487,91;2762,18;4487,91;1725,73
2023-12-31;Sul;Eduardo;Ciro;2006;WebCam 4k;2;4186,33;3105,57;8372,66;2161,52
2025-08-31;Sul;Carlos;Manoela;1005;Headset;5;1121,5;739,21;5607,5;1911,45
2024-03-31;Nordeste;Bruno;João;5004;Monitor;8;3515,73;2487,61;28125,84;8224,96
2022-11-30;Centro-Oeste;Fernanda;João;7002;Smartphone;3;4545,45;3134,12;13636,35;4233,99
2022-03-31;Sudeste;Eduardo;Manoela;3003;Placa de Vídeo NVidia;7;4239,55;3277,93;29676,85;6731,34
2023-09-30;Norte;Daniela;Antonia;9001;Notebook;3;1797,4;911,02;5392,2;2659,14
2024-01-31;Norte;Daniela;Antonia;5004;Monitor;1;1559,21;875,49;1559,21;683,72
2024-08-31;Centro-Oeste;Eduardo;Manoela;1005;Headset;8;4466,15;2723,92;35729,2;13937,84
2023-07-31;Nordeste;Carlos;Manoela;9001;Notebook;6;1334,37;728,9;8006,22;3632,82
2023-09-30;Nordeste;Ana;Marisa;9001;Notebook;7;4880,54;3107,49;34163,78;12411,35
2024-01-31;Sul;Carlos;João;7002;Smartphone;7;4054,35;3148,79;28380,45;6338,92
2022-12-31;Sudeste;Daniela;Antonia;1005;Headset;8;1609,81;948,44;12878,48;5290,96
2025-08-31;Norte;Daniela;Ciro;2006;WebCam 4k;6;1361,72;875,65;8170,32;2916,42
2024-07-31;Centro-Oeste;Carlos;Felipe;9001;Notebook;5;3730,81;2789,72;18654,05;4705,45
2025-06-30;Sudeste;Ana;Felipe;7002;Smartphone;4;3946,74;2560,0;15786,96;5546,96
2022-08-31;Sul;Carlos;Marisa;9001;Notebook;4;3370,34;2319,18;13481,36;4204,64
2025-09-30;Sudeste;Fernanda;Manoela;1005;Headset;1;4039,52;2163,26;4039,52;1876,26
2023-02-28;Norte;Daniela;Manoela;9001;Notebook;4;1262,13;849,44;5048,52;1650,76
2022-03-31;Norte;Carlos;Marisa;3003;Placa de Vídeo NVidia;9;4224,7;2701,23;38022,3;13711,23
2022-02-28;Centro-Oeste;Daniela;Felipe;2006;WebCam 4k;2;1143,9;879,13;2287,8;529,54
2023-06-30;Sul;Bruno;Ciro;9001;Notebook;2;2733,41;1712,18;5466,82;2042,46
2022-01-31;Centro-Oeste;Fernanda;Ciro;2006;WebCam 4k;2;1043,0;800,14;2086,0;485,72
2023-11-30;Sudeste;Eduardo;Manoela;1005;Headset;1;2015,33;1069,58;2015,33;945,75
2023-07-31;Nordeste;Bruno;Manoela;2006;WebCam 4k;8;3458,55;2624,88;27668,4;6669,36
2025-04-30;Sul;Eduardo;Manoela;2006;WebCam 4k;3;1869,1;1432,75;5607,3;1309,05
2023-04-30;Sul;Fernanda;Manoela;5004;Monitor;2;3522,46;2373,22;7044,92;2298,48
2023-04-30;Sudeste;Daniela;Antonia;5004;Monitor;3;2119,02;1512,7;6357,06;1818,96
2022-04-30;Sudeste;Ana;Marisa;2006;WebCam 4k;8;1053,92;774,58;8431,36;2234,72
2025-09-30;Sul;Carlos;Antonia;5004;Monitor;9;1930,1;1488,24;17370,9;3976,74
2023-11-30;Centro-Oeste;Bruno;João;2006;WebCam 4k;5;4293,36;3420,1;21466,8;4366,3
2022-02-28;Centro-Oeste;Fernanda;Felipe;2006;WebCam 4k;2;4687,24;2969,29;9374,48;3435,9
2024-02-29;Nordeste;Eduardo;Manoela;7002;Smartphone;6;4685,66;3722,45;28113,96;5779,26
2025-03-31;Sul;Fernanda;Marisa;1005;Headset;7;3413,28;2616,37;23892,96;5578,37
2025-09-30;Nordeste;Ana;Felipe;1005;Headset;2;3191,26;2003,97;6382,52;2374,58
2024-09-30;Centro-Oeste;Ana;Antonia;3003;Placa de Vídeo NVidia;6;636,59;434,15;3819,54;1214,64
2022-06-30;Norte;Bruno;Ciro;9001;Notebook;3;3394,94;2252,57;10184,82;3427,11
2023-07-31;Nordeste;Ana;Marisa;2006;WebCam 4k;2;2242,61;1504,34;4485,22;1476,54
2024-12-31;Sudeste;Eduardo;Felipe;9001;Notebook;7;3179,71;2223,85;22257,97;6691,02
2025-07-31;Sul;Daniela;Antonia;3003;Placa de Vídeo NVidia;3;849,34;517,24;2548,02;996,3
2024-03-31;Centro-Oeste;Ana;Marisa;1005;Headset;5;4984,67;2974,89;24923,35;10048,9
2024-03-31;Norte;Fernanda;Marisa;5004;Monitor;3;2299,88;1750,76;6899,64;1647,36
2023-08-31;Sul;Eduardo;João;7002;Smartphone;6;4439,57;3522,8;26637,42;5500,62
2025-02-28;Nordeste;Daniela;João;2006;WebCam 4k;7;1017,95;745,66;7125,65;1906,03
2022-10-31;Norte;Carlos;Antonia;1005;Headset;6;3737,18;2951,76;22423,08;4712,52
2023-03-31;Sul;Bruno;Felipe;3003;Placa de Vídeo NVidia;4;2090,21;1512,67;8360,84;2310,16
2023-10-31;Norte;Ana;Manoela;3003;Placa de Vídeo NVidia;4;4544,0;2875,6;18176,0;6673,6
2025-02-28;Norte;Daniela;João;1005;Headset;8;3774,05;2783,65;30192,4;7923,2
2022-09-30;Sudeste;Ana;Felipe;2006;WebCam 4k;8;2210,67;1426,42;17685,36;6274,0
2025-09-30;Centro-Oeste;Ana;Ciro;7002;Smartphone;2;4701,71;3113,78;9403,42;3175,86
2023-11-30;Norte;Eduardo;Felipe;9001;Notebook;8;4516,99;3257,01;36135,92;10079,84
2024-02-29;Norte;Fernanda;Ciro;5004;Monitor;2;4460,16;2241,13;8920,32;4438,06
2022-12-31;Sudeste;Bruno;Ciro;9001;Notebook;7;568,04;406,4;3976,28;1131,48
2024-01-31;Sudeste;Fernanda;Manoela;3003;Placa de Vídeo NVidia;1;3980,84;2037,84;3980,84;1943,0
2023-06-30;Centro-Oeste;Daniela;Manoela;9001;Notebook;2;4132,28;2068,13;8264,56;4128,3
2022-07-31;Sul;Carlos;João;7002;Smartphone;9;1347,0;735,84;12123,0;5500,44
2023-07-31;Sul;Daniela;Antonia;2006;WebCam 4k;8;1032,55;748,29;8260,4;2274,08
2022-10-31;Sudeste;Eduardo;Ciro;7002;Smartphone;3;3416,41;2006,24;10249,23;4230,51
2024-04-30;Norte;Carlos;João;1005;Headset;6;783,33;499,85;4699,98;1700,88
2022-11-30;Nordeste;Bruno;Ciro;3003;Placa de Vídeo NVidia;1;2023,02;1301,83;2023,02;721,19
2022-10-31;Nordeste;Ana;Manoela;9001;Notebook;7;962,92;754,78;6740,44;1456,98
2023-10-31;Sul;Bruno;Antonia;5004;Monitor;1;4009,95;2692,41;4009,95;1317,54
2024-10-31;Sudeste;Carlos;Manoela;2006;WebCam 4k;9;2184,6;1620,85;19661,4;5073,75
2023-12-31;Centro-Oeste;Carlos;Marisa;3003;Placa de Vídeo NVidia;6;3164,32;2225,14;18985,92;5635,08
2022-12-31;Sul;Daniela;Felipe;3003;Placa de Vídeo NVidia;5;2768,05;1595,08;13840,25;5864,85
2023-09-30;Sul;Daniela;João;5004;Monitor;9;1339,1;771,44;12051,9;5108,94
2023-05-31;Sudeste;Eduardo;Felipe;9001;Notebook;1;859,59;663,8;859,59;195,79
2022-06-30;Norte;Ana;João;1005;Headset;7;2118,13;1356,33;14826,91;5332,6
2024-07-31;Nordeste;Eduardo;Ciro;1005;Headset;8;530,0;296,66;4240,0;1866,72
2025-02-28;Centro-Oeste;Bruno;Ciro;2006;WebCam 4k;7;1673,84;1157,42;11716,88;3614,94
2022-12-31;Sudeste;Fernanda;Antonia;7002;Smartphone;5;1790,64;1196,7;8953,2;2969,7
2023-07-31;Nordeste;Eduardo;Manoela;7002;Smartphone;5;710,69;526,54;3553,45;920,75
2024-07-31;Nordeste;Carlos;Felipe;2006;WebCam 4k;2;2089,59;1241,63;4179,18;1695,92
2024-01-31;Sudeste;Daniela;João;2006;WebCam 4k;4;2999,27;2030,74;11997,08;3874,12
2022-02-28;Centro-Oeste;Carlos;João;3003;Placa de Vídeo NVidia;2;2403,49;1696,88;4806,98;1413,22
2025-09-30;Sul;Carlos;João;7002;Smartphone;8;3353,91;1714,18;26831,28;13117,84
2022-11-30;Norte;Ana;Ciro;1005;Headset;9;4251,51;3016,31;38263,59;11116,8
2023-02-28;Norte;Carlos;Felipe;5004;Monitor;5;3849,09;2737,49;19245,45;5558,0
2023-04-30;Nordeste;Daniela;Manoela;7002;Smartphone;7;1058,47;651,49;7409,29;2848,86
2025-08-31;Sudeste;Carlos;Antonia;1005;Headset;4;4765,97;3724,59;19063,88;4165,52
2023-04-30;Centro-Oeste;Carlos;Manoela;9001;Notebook;2;779,37;610,3;1558,74;338,14
2022-01-31;Nordeste;Carlos;Ciro;7002;Smartphone;4;3758,51;2864,73;15034,04;3575,12
2024-09-30;Sudeste;Daniela;João;3003;Placa de Vídeo NVidia;7;964,66;665,2;6752,62;2096,22
2022-08-31;Nordeste;Eduardo;Felipe;7002;Smartphone;2;2382,37;1301,8;4764,74;2161,14
2022-06-30;Nordeste;Ana;Antonia;3003;Placa de Vídeo NVidia;5;806,06;519,7;4030,3;1431,8
2023-02-28;Sudeste;Daniela;Felipe;7002;Smartphone;4;4207,88;2712,09;16831,52;5983,16
2022-05-31;Sul;Daniela;Antonia;9001;Notebook;7;4592,25;2804,25;32145,75;12516,0
2023-11-30;Norte;Ana;Ciro;7002;Smartphone;2;988,5;757,63;1977,0;461,74
2022-01-31;Nordeste;Daniela;Marisa;2006;WebCam 4k;5;3069,93;1646,01;15349,65;7119,6
2024-06-30;Sul;Eduardo;Ciro;1005;Headset;1;4356,53;3281,9;4356,53;1074,63
2022-07-31;Sudeste;Carlos;Ciro;1005;Headset;8;2134,91;1103,32;17079,28;8252,72
2023-08-31;Sul;Bruno;Ciro;5004;Monitor;5;1135,7;792,92;5678,5;1713,9
2022-01-31;Centro-Oeste;Eduardo;Ciro;7002;Smartphone;7;4832,51;3487,99;33827,57;9411,64
2024-05-31;Norte;Fernanda;Manoela;3003;Placa de Vídeo NVidia;1;4490,28;2795,68;4490,28;1694,6
2024-07-31;Sudeste;Fernanda;Antonia;1005;Headset;2;2588,09;1970,58;5176,18;1235,02
2023-09-30;Sul;Daniela;Ciro;9001;Notebook;9;1089,26;760,89;9803,34;2955,33
2024-12-31;Nordeste;Carlos;Felipe;2006;WebCam 4k;5;625,95;403,0;3129,75;1114,75
2022-08-31;Sudeste;Eduardo;João;7002;Smartphone;7;3840,23;2163,05;26881,61;11740,26
2023-02-28;Nordeste;Fernanda;Antonia;2006;WebCam 4k;1;1630,44;1254,56;1630,44;375,88
2025-05-31;Sudeste;Ana;João;9001;Notebook;1;2927,14;2173,3;2927,14;753,84
2022-12-31;Sul;Bruno;João;1005;Headset;2;755,58;544,84;1511,16;421,48
2025-05-31;Sul;Fernanda;João;1005;Headset;5;953,43;676,24;4767,15;1385,95
2023-10-31;Nordeste;Eduardo;Ciro;9001;Notebook;3;2408,92;1878,65;7226,76;1590,81
2022-02-28;Sul;Bruno;Felipe;9001;Notebook;3;4920,96;3169,3;14762,88;5254,98
2025-07-31;Norte;Ana;Antonia;5004;Monitor;1;2443,36;1627,61;2443,36;815,75
2025-05-31;Sudeste;Daniela;João;3003;Placa de Vídeo NVidia;1;2339,44;1694,42;2339,44;645,02
2025-06-30;Sudeste;Ana;João;1005;Headset;7;2471,01;1437,49;17297,07;7234,64
2023-03-31;Nordeste;Eduardo;Marisa;1005;Headset;2;1411,83;1090,2;2823,66;643,26
2024-05-31;Sul;Carlos;Felipe;5004;Monitor;3;4239,82;3389,7;12719,46;2550,36
2025-07-31;Nordeste;Ana;Antonia;1005;Headset;3;1783,18;1099,35;5349,54;2051,49
2024-03-31;Nordeste;Ana;Manoela;5004;Monitor;8;3855,33;2998,64;30842,64;6853,52
2022-12-31;Norte;Daniela;Marisa;7002;Smartphone;2;1658,1;1253,11;3316,2;809,98
2023-02-28;Centro-Oeste;Ana;João;5004;Monitor;1;3494,35;1793,27;3494,35;1701,08
2023-01-31;Centro-Oeste;Eduardo;Felipe;5004;Monitor;3;3759,53;2948,42;11278,59;2433,33
2023-01-31;Sul;Carlos;Antonia;2006;WebCam 4k;2;4206,55;2505,33;8413,1;3402,44
2023-09-30;Sul;Ana;Manoela;5004;Monitor;2;4947,39;3332,68;9894,78;3229,42
2025-05-31;Centro-Oeste;Fernanda;João;9001;Notebook;5;4425,36;3112,59;22126,8;6563,85
2023-02-28;Sudeste;Daniela;João;9001;Notebook;1;2873,65;2277,35;2873,65;596,3
2023-05-31;Sudeste;Daniela;Felipe;9001;Notebook;3;750,79;386,45;2252,37;1093,02
2024-09-30;Sul;Daniela;Ciro;5004;Monitor;6;4815,47;3645,86;28892,82;7017,66
2023-08-31;Centro-Oeste;Carlos;Ciro;3003;Placa de Vídeo NVidia;9;3271,91;1833,9;29447,19;12942,09
2025-10-31;Centro-Oeste;Carlos;João;2006;WebCam 4k;1;2308,6;1479,98;2308,6;828,62
2024-06-30;Centro-Oeste;Eduardo;Felipe;3003;Placa de Vídeo NVidia;6;3365,83;1773,78;20194,98;9552,3
2022-10-31;Sul;Eduardo;Felipe;3003;Placa de Vídeo NVidia;6;4139,24;3139,54;24835,44;5998,2
2024-06-30;Nordeste;Bruno;Antonia;2006;WebCam 4k;3;3603,46;2288,4;10810,38;3945,18
2024-06-30;Norte;Eduardo;Marisa;2006;WebCam 4k;5;4931,31;3460,85;24656,55;7352,3
2025-05-31;Norte;Eduardo;Manoela;2006;WebCam 4k;8;3308,55;1906,18;26468,4;11218,96
2025-03-31;Centro-Oeste;Daniela;João;2006;WebCam 4k;4;2601,05;1469,85;10404,2;4524,8
2024-01-31;Sul;Eduardo;Marisa;1005;Headset;2;1265,04;782,18;2530,08;965,72
2024-02-29;Sul;Bruno;João;1005;Headset;7;3935,07;1994,44;27545,49;13584,41
2025-02-28;Sudeste;Carlos;Ciro;7002;Smartphone;6;1708,5;1184,34;10251,0;3144,96
2024-07-31;Centro-Oeste;Carlos;Felipe;5004;Monitor;1;1194,45;943,04;1194,45;251,41
2022-06-30;Sul;Fernanda;Ciro;3003;Placa de Vídeo NVidia;4;1531,37;926,79;6125,48;2418,32
2023-11-30;Sudeste;Eduardo;Antonia;1005;Headset;4;4134,7;2940,69;16538,8;4776,04
2025-08-31;Sudeste;Fernanda;Antonia;3003;Placa de Vídeo NVidia;1;1850,05;937,0;1850,05;913,05
2024-06-30;Norte;Daniela;Manoela;3003;Placa de Vídeo NVidia;8;1788,89;1189,4;14311,12;4795,92
2023-05-31;Sudeste;Eduardo;Felipe;5004;Monitor;6;2418,97;1834,2;14513,82;3508,62
2025-07-31;Sul;Fernanda;Manoela;7002;Smartphone;2;3101,54;2031,36;6203,08;2140,36
2024-08-31;Centro-Oeste;Carlos;Manoela;7002;Smartphone;7;2413,11;1610,96;16891,77;5615,05
2022-10-31;Sudeste;Ana;Ciro;7002;Smartphone;5;2097,7;1410,23;10488,5;3437,35
2023-08-31;Sudeste;Daniela;João;7002;Smartphone;1;4819,88;3681,14;4819,88;1138,74
2025-08-31;Nordeste;Daniela;Marisa;9001;Notebook;2;2180,06;1735,79;4360,12;888,54
2022-10-31;Norte;Daniela;João;7002;Smartphone;4;3339,86;1721,19;13359,44;6474,68
2022-09-30;Norte;Fernanda;Ciro;2006;WebCam 4k;8;4464,59;2565,25;35716,72;15194,72
2024-04-30;Norte;Daniela;Ciro;3003;Placa de Vídeo NVidia;5;1175,56;873,79;5877,8;1508,85
2023-06-30;Sul;Carlos;Ciro;9001;Notebook;4;2951,4;2013,52;11805,6;3751,52
2022-01-31;Centro-Oeste;Bruno;Ciro;3003;Placa de Vídeo NVidia;4;3593,43;2281,15;14373,72;5249,12
2024-09-30;Centro-Oeste;Carlos;Marisa;1005;Headset;4;1992,83;1371,68;7971,32;2484,6
2023-04-30;Norte;Eduardo;Manoela;7002;Smartphone;5;2948,5;1623,04;14742,5;6627,3
2022-10-31;Centro-Oeste;Ana;Manoela;1005;Headset;9;2633,63;1541,97;23702,67;9824,94
2025-07-31;Centro-Oeste;Fernanda;Manoela;5004;Monitor;4;741,83;451,05;2967,32;1163,12
2025-08-31;Nordeste;Bruno;Marisa;3003;Placa de Vídeo NVidia;4;4555,56;3119,68;18222,24;5743,52
2024-12-31;Norte;Eduardo;Felipe;3003;Placa de Vídeo NVidia;5;4344,19;2396,7;21720,95;9737,45
2025-09-30;Centro-Oeste;Ana;Manoela;3003;Placa de Vídeo NVidia;2;4283,28;2492,15;8566,56;3582,26
2025-03-31;Norte;Fernanda;Felipe;7002;Smartphone;2;4082,91;2857,5;8165,82;2450,82
2025-08-31;Nordeste;Bruno;Ciro;3003;Placa de Vídeo NVidia;6;850,85;501,75;5105,1;2094,6
2023-03-31;Sudeste;Carlos;Felipe;3003;Placa de Vídeo NVidia;4;3547,93;2023,63;14191,72;6097,2
2023-01-31;Centro-Oeste;Daniela;Manoela;1005;Headset;9;1517,67;932,49;13659,03;5266,62
2025-06-30;Norte;Ana;Marisa;2006;WebCam 4k;7;4086,87;3000,08;28608,09;7607,53
2025-03-31;Nordeste;Fernanda;João;3003;Placa de Vídeo NVidia;2;4008,81;3020,15;8017,62;1977,32
2024-09-30;Nordeste;Fernanda;Ciro;7002;Smartphone;2;3898,16;2468,29;7796,32;2859,74
2025-07-31;Sudeste;Daniela;João;2006;WebCam 4k;9;1283,47;815,87;11551,23;4208,4
2024-11-30;Sul;Ana;Felipe;9001;Notebook;7;4166,59;2706,45;29166,13;10220,98
2025-05-31;Nordeste;Daniela;Ciro;3003;Placa de Vídeo NVidia;1;4690,55;2673,56;4690,55;2016,99
2024-11-30;Sudeste;Bruno;João;5004;Monitor;9;3045,12;1553,43;27406,08;13425,21
2025-09-30;Centro-Oeste;Ana;Ciro;2006;WebCam 4k;6;731,46;537,54;4388,76;1163,52
2024-01-31;Sudeste;Fernanda;Ciro;2006;WebCam 4k;2;2206,78;1559,72;4413,56;1294,12
2025-03-31;Norte;Fernanda;Ciro;5004;Monitor;1;2546,24;1276,81;2546,24;1269,43
2023-09-30;Nordeste;Bruno;Marisa;5004;Monitor;5;4850,61;2796,71;24253,05;10269,5
2022-09-30;Centro-Oeste;Ana;Antonia;7002;Smartphone;8;1512,47;779,58;12099,76;5863,12
2024-12-31;Sul;Ana;Ciro;3003;Placa de Vídeo NVidia;9;1029,62;611,04;9266,58;3767,22
2022-08-31;Sudeste;Ana;Antonia;3003;Placa de Vídeo NVidia;7;4382,09;3288,65;30674,63;7654,08
2025-05-31;Sudeste;Eduardo;Antonia;5004;Monitor;6;1362,78;716,52;8176,68;3877,56
2023-10-31;Norte;Carlos;Manoela;1005;Headset;4;850,94;535,88;3403,76;1260,24
2023-04-30;Nordeste;Carlos;Antonia;3003;Placa de Vídeo NVidia;3;995,36;599,63;2986,08;1187,19
2023-02-28;Centro-Oeste;Ana;Antonia;7002;Smartphone;4;2710,15;1926,63;10840,6;3134,08
2023-07-31;Norte;Eduardo;Manoela;9001;Notebook;5;2569,98;1932,44;12849,9;3187,7
2022-06-30;Norte;Daniela;Manoela;3003;Placa de Vídeo NVidia;4;2258,44;1700,52;9033,76;2231,68
2022-06-30;Nordeste;Carlos;Antonia;9001;Notebook;2;4691,25;3505,53;9382,5;2371,44
2022-06-30;Sudeste;Fernanda;Felipe;2006;WebCam 4k;8;4804,71;2643,14;38437,68;17292,56
2022-06-30;Nordeste;Eduardo;Ciro;5004;Monitor;7;3668,61;2921,8;25680,27;5227,67
2023-02-28;Sudeste;Ana;Ciro;1005;Headset;5;4661,7;2416,83;23308,5;11224,35
2022-08-31;Sudeste;Daniela;Marisa;5004;Monitor;9;1030,48;749,17;9274,32;2531,79
2025-02-28;Sul;Bruno;Felipe;5004;Monitor;1;809,34;462,02;809,34;347,32
2025-04-30;Sudeste;Carlos;João;2006;WebCam 4k;6;931,53;727,62;5589,18;1223,46
2025-07-31;Nordeste;Bruno;Felipe;1005;Headset;3;1718,85;1072,62;5156,55;1938,69
2025-05-31;Norte;Bruno;João;2006;WebCam 4k;2;3664,11;2133,39;7328,22;3061,44
2022-06-30;Norte;Carlos;Antonia;9001;Notebook;6;1796,95;1432,88;10781,7;2184,42
2025-04-30;Nordeste;Fernanda;Antonia;5004;Monitor;3;4111,9;2953,18;12335,7;3476,16
2022-04-30;Centro-Oeste;Eduardo;João;7002;Smartphone;1;4772,08;2598,15;4772,08;2173,93
2024-12-31;Nordeste;Daniela;João;9001;Notebook;6;4936,4;3549,3;29618,4;8322,6
2023-12-31;Nordeste;Fernanda;Marisa;2006;WebCam 4k;7;4839,05;3521,18;33873,35;9225,09
2022-01-31;Sudeste;Daniela;Ciro;2006;WebCam 4k;4;1268,91;685,28;5075,64;2334,52
2022-01-31;Nordeste;Ana;Marisa;3003;Placa de Vídeo NVidia;4;4282,58;2257,24;17130,32;8101,36
2022-06-30;Nordeste;Eduardo;Ciro;9001;Notebook;6;3310,31;2397,69;19861,86;5475,72
2024-10-31;Sudeste;Daniela;Manoela;9001;Notebook;9;2336,76;1337,02;21030,84;8997,66
2022-03-31;Nordeste;Ana;Marisa;2006;WebCam 4k;2;2434,46;1929,49;4868,92;1009,94
2023-05-31;Norte;Carlos;Marisa;2006;WebCam 4k;4;701,37;380,28;2805,48;1284,36
2025-08-31;Sul;Fernanda;João;5004;Monitor;3;4862,14;3697,05;14586,42;3495,27
2024-08-31;Sudeste;Fernanda;Felipe;5004;Monitor;2;700,06;470,38;1400,12;459,36
2022-07-31;Centro-Oeste;Ana;Antonia;3003;Placa de Vídeo NVidia;1;4969,99;3168,44;4969,99;1801,55
2023-07-31;Centro-Oeste;Fernanda;Marisa;2006;WebCam 4k;3;3381,98;1862,72;10145,94;4557,78
2022-05-31;Centro-Oeste;Eduardo;Felipe;3003;Placa de Vídeo NVidia;9;2582,06;1456,56;23238,54;10129,5
2025-08-31;Centro-Oeste;Ana;João;1005;Headset;1;4677,37;2955,93;4677,37;1721,44
2023-03-31;Nordeste;Bruno;Ciro;9001;Notebook;4;1642,29;928,73;6569,16;2854,24
2022-01-31;Norte;Ana;Felipe;1005;Headset;1;2916,76;1987,41;2916,76;929,35
2023-12-31;Sudeste;Eduardo;Felipe;7002;Smartphone;5;3679,47;2091,71;18397,35;7938,8
2024-11-30;Sul;Carlos;Marisa;1005;Headset;1;3654,52;1932,92;3654,52;1721,6
2025-02-28;Nordeste;Eduardo;Manoela;5004;Monitor;6;1892,85;1432,53;11357,1;2761,92
2025-05-31;Centro-Oeste;Carlos;Marisa;9001;Notebook;1;2155,87;1373,54;2155,87;782,33
2022-01-31;Sudeste;Fernanda;Manoela;5004;Monitor;5;2869,69;1623,57;14348,45;6230,6
2024-04-30;Sudeste;Daniela;Marisa;5004;Monitor;2;4651,62;2516,72;9303,24;4269,8
2023-08-31;Nordeste;Carlos;Antonia;3003;Placa de Vídeo NVidia;9;3790,89;2501,99;34118,01;11600,1
2023-07-31;Centro-Oeste;Fernanda;Ciro;7002;Smartphone;2;2757,52;1675,93;5515,04;2163,18
2023-05-31;Sudeste;Ana;Felipe;5004;Monitor;8;2085,43;1277,07;16683,44;6466,88
2023-07-31;Norte;Ana;Felipe;2006;WebCam 4k;4;1490,23;1001,97;5960,92;1953,04
2025-08-31;Sudeste;Bruno;João;3003;Placa de Vídeo NVidia;6;2010,17;1212,84;12061,02;4783,98
2023-04-30;Norte;Daniela;Antonia;7002;Smartphone;6;2130,06;1165,39;12780,36;5788,02
2024-11-30;Norte;Carlos;Ciro;1005;Headset;3;4815,2;2577,27;14445,6;6713,79
2025-08-31;Norte;Daniela;Ciro;3003;Placa de Vídeo NVidia;2;4728,82;2614,01;9457,64;4229,62
2024-08-31;Nordeste;Carlos;João;9001;Notebook;5;2491,37;1968,66;12456,85;2613,55
2022-03-31;Sudeste;Bruno;Felipe;1005;Headset;3;3333,61;2019,53;10000,83;3942,24
2025-09-30;Sudeste;Fernanda;João;9001;Notebook;5;2093,86;1067,51;10469,3;5131,75
2023-03-31;Sul;Daniela;Antonia;9001;Notebook;2;2545,71;1516,77;5091,42;2057,88
2022-04-30;Centro-Oeste;Daniela;Manoela;9001;Notebook;9;2030,76;1418,04;18276,84;5514,48
2023-06-30;Nordeste;Eduardo;João;2006;WebCam 4k;4;3212,58;2081,39;12850,32;4524,76
2024-01-31;Sul;Fernanda;Felipe;5004;Monitor;9;749,34;392,44;6744,06;3212,1
2023-02-28;Nordeste;Ana;João;2006;WebCam 4k;3;1399,93;829,42;4199,79;1711,53
2025-08-31;Norte;Eduardo;Felipe;9001;Notebook;2;2076,01;1179,49;4152,02;1793,04
2023-04-30;Sul;Fernanda;Antonia;5004;Monitor;3;4299,5;2399,34;12898,5;5700,48
2023-03-31;Norte;Ana;Antonia;7002;Smartphone;5;3622,83;1869,42;18114,15;8767,05
2024-01-31;Norte;Bruno;Marisa;5004;Monitor;8;828,46;419,19;6627,68;3274,16
2022-09-30;Nordeste;Eduardo;Felipe;2006;WebCam 4k;4;4556,38;2989,09;18225,52;6269,16
2022-01-31;Sul;Fernanda;João;3003;Placa de Vídeo NVidia;2;1702,57;1181,85;3405,14;1041,44
2022-07-31;Norte;Ana;Felipe;5004;Monitor;2;1972,65;1388,35;3945,3;1168,6
2024-04-30;Norte;Carlos;Antonia;2006;WebCam 4k;8;3133,99;1942,91;25071,92;9528,64
2022-10-31;Centro-Oeste;Daniela;Felipe;3003;Placa de Vídeo NVidia;9;3860,12;2966,84;34741,08;8039,52
2023-10-31;Nordeste;Ana;Manoela;2006;WebCam 4k;7;1325,85;1058,05;9280,95;1874,6
2025-01-31;Centro-Oeste;Eduardo;Antonia;9001;Notebook;3;2503,04;1919,56;7509,12;1750,44
2024-05-31;Sul;Ana;Manoela;2006;WebCam 4k;8;1294,97;767,81;10359,76;4217,28
2025-01-31;Norte;Carlos;Marisa;9001;Notebook;8;3544,66;2812,67;28357,28;5855,92
2024-09-30;Sudeste;Ana;João;7002;Smartphone;8;4451,0;3117,95;35608,0;10664,4
2022-03-31;Centro-Oeste;Fernanda;Marisa;3003;Placa de Vídeo NVidia;9;1238,88;974,35;11149,92;2380,77
2023-03-31;Nordeste;Carlos;Antonia;5004;Monitor;9;2193,11;1109,85;19737,99;9749,34
2023-12-31;Sul;Eduardo;Antonia;1005;Headset;3;3315,67;1945,01;9947,01;4111,98
2025-05-31;Centro-Oeste;Carlos;Antonia;5004;Monitor;2;4858,75;3583,3;9717,5;2550,9
2023-10-31;Nordeste;Carlos;Felipe;9001;Notebook;1;1701,97;1351,55;1701,97;350,42
2024-01-31;Sul;Daniela;João;2006;WebCam 4k;4;1885,89;1347,17;7543,56;2154,88
2022-03-31;Sul;Bruno;Ciro;9001;Notebook;1;1375,36;877,42;1375,36;497,94
2024-08-31;Sudeste;Ana;Marisa;9001;Notebook;4;1226,15;646,15;4904,6;2320,0
2024-07-31;Sul;Ana;João;1005;Headset;3;4631,1;3207,73;13893,3;4270,11
2022-03-31;Centro-Oeste;Daniela;Marisa;3003;Placa de Vídeo NVidia;9;1729,69;987,09;15567,21;6683,4
2024-07-31;Norte;Fernanda;Manoela;2006;WebCam 4k;4;1521,08;1177,1;6084,32;1375,92
2024-04-30;Sudeste;Fernanda;Felipe;3003;Placa de Vídeo NVidia;7;1788,7;1281,59;12520,9;3549,77
2023-11-30;Sudeste;Ana;Antonia;1005;Headset;6;785,14;430,66;4710,84;2126,88
2023-07-31;Norte;Daniela;João;2006;WebCam 4k;5;1825,16;1086,43;9125,8;3693,65
2024-03-31;Norte;Daniela;João;9001;Notebook;5;1033,45;735,79;5167,25;1488,3
2023-03-31;Sul;Ana;Antonia;9001;Notebook;3;1798,08;992,11;5394,24;2417,91
2023-03-31;Sudeste;Fernanda;Marisa;7002;Smartphone;1;2481,21;1684,11;2481,21;797,1
2023-08-31;Centro-Oeste;Daniela;João;7002;Smartphone;9;3865,31;2223,11;34787,79;14779,8
2024-04-30;Sul;Eduardo;Ciro;5004;Monitor;8;1618,75;1273,28;12950,0;2763,76
2025-05-31;Sul;Ana;Antonia;1005;Headset;8;759,31;564,74;6074,48;1556,56
2025-09-30;Sul;Daniela;Antonia;1005;Headset;3;3695,83;2858,17;11087,49;2512,98
2025-01-31;Nordeste;Fernanda;Marisa;3003;Placa de Vídeo NVidia;3;803,0;482,27;2409,0;962,19
2024-04-30;Sul;Bruno;Marisa;1005;Headset;5;1007,47;517,67;5037,35;2449,0
2022-07-31;Centro-Oeste;Carlos;Marisa;7002;Smartphone;6;3590,83;2542,59;21544,98;6289,44
2022-08-31;Sudeste;Eduardo;João;2006;WebCam 4k;2;2486,91;1631,96;4973,82;1709,9
2022-11-30;Sul;Fernanda;João;7002;Smartphone;6;4847,44;3243,08;29084,64;9626,16
2023-06-30;Norte;Daniela;Antonia;9001;Notebook;9;2173,34;1365,58;19560,06;7269,84
2024-11-30;Centro-Oeste;Carlos;Antonia;7002;Smartphone;7;1235,06;778,36;8645,42;3196,9
2024-04-30;Norte;Bruno;Marisa;5004;Monitor;5;1314,42;1032,89;6572,1;1407,65
2024-01-31;Sul;Bruno;Manoela;9001;Notebook;3;2313,72;1789,1;6941,16;1573,86
2022-03-31;Nordeste;Fernanda;Antonia;7002;Smartphone;6;1932,45;1519,64;11594,7;2476,86
2023-01-31;Norte;Carlos;Ciro;2006;WebCam 4k;9;3919,91;2694,0;35279,19;11033,19
2025-06-30;Norte;Ana;Manoela;7002;Smartphone;8;679,67;388,3;5437,36;2330,96
2023-02-28;Norte;Bruno;Marisa;2006;WebCam 4k;9;4355,99;3011,56;39203,91;12099,87
2025-06-30;Nordeste;Daniela;Marisa;7002;Smartphone;6;2955,6;1781,61;17733,6;7043,94
2025-03-31;Norte;Ana;Marisa;3003;Placa de Vídeo NVidia;5;3426,02;2672,13;17130,1;3769,45
2024-03-31;Sul;Bruno;Marisa;5004;Monitor;9;4478,53;2693,74;40306,77;16063,11
2024-12-31;Centro-Oeste;Daniela;João;1005;Headset;6;791,63;554,85;4749,78;1420,68
2025-06-30;Sul;Carlos;Marisa;2006;WebCam 4k;1;3590,82;2806,32;3590,82;784,5
2023-05-31;Nordeste;Eduardo;Felipe;3003;Placa de Vídeo NVidia;2;2443,71;1269,58;4887,42;2348,26
2023-10-31;Nordeste;Ana;Felipe;7002;Smartphone;1;3181,83;2208,94;3181,83;972,89
2022-06-30;Sul;Eduardo;Marisa;5004;Monitor;7;4510,78;2725,45;31575,46;12497,31
2023-12-31;Sul;Bruno;João;5004;Monitor;8;2743,42;2082,23;21947,36;5289,52
2023-03-31;Sul;Daniela;Manoela;5004;Monitor;8;2460,19;1737,17;19681,52;5784,16
2024-11-30;Centro-Oeste;Bruno;João;1005;Headset;7;2383,66;1650,74;16685,62;5130,44
2023-05-31;Norte;Carlos;Antonia;1005;Headset;1;3104,9;2423,2;3104,9;681,7
2025-01-31;Nordeste;Fernanda;Marisa;9001;Notebook;7;2085,06;1209,02;14595,42;6132,28
2025-07-31;Centro-Oeste;Bruno;Ciro;5004;Monitor;4;4548,7;2425,69;18194,8;8492,04
2025-05-31;Sul;Daniela;Felipe;9001;Notebook;7;1117,38;764,01;7821,66;2473,59
2025-08-31;Centro-Oeste;Ana;Manoela;7002;Smartphone;3;2520,75;1385,07;7562,25;3407,04
2024-02-29;Nordeste;Eduardo;Ciro;5004;Monitor;3;2386,24;1829,36;7158,72;1670,64
2023-12-31;Sul;Bruno;Ciro;2006;WebCam 4k;4;4745,38;2461,65;18981,52;9134,92
2024-11-30;Norte;Daniela;Felipe;2006;WebCam 4k;7;651,3;517,9;4559,1;933,8
2022-03-31;Centro-Oeste;Eduardo;Manoela;9001;Notebook;5;4889,22;3717,36;24446,1;5859,3
2023-03-31;Sul;Ana;João;7002;Smartphone;1;2319,79;1627,13;2319,79;692,66
2023-05-31;Sul;Eduardo;Manoela;1005;Headset;3;2005,03;1089,02;6015,09;2748,03
2024-06-30;Sul;Ana;Felipe;9001;Notebook;9;3609,6;2048,82;32486,4;14047,02
2022-06-30;Sudeste;Daniela;Marisa;5004;Monitor;7;2685,14;1369,04;18795,98;9212,7
2024-07-31;Sudeste;Eduardo;Manoela;2006;WebCam 4k;5;2297,73;1728,53;11488,65;2846,0
2025-05-31;Sudeste;Daniela;Manoela;3003;Placa de Vídeo NVidia;7;1667,05;867,26;11669,35;5598,53
2023-04-30;Nordeste;Fernanda;João;3003;Placa de Vídeo NVidia;3;3318,91;2476,54;9956,73;2527,11
2024-11-30;Centro-Oeste;Carlos;Ciro;5004;Monitor;7;2377,94;1757,94;16645,58;4340,0
2022-02-28;Norte;Bruno;Ciro;1005;Headset;2;4253,55;2139,45;8507,1;4228,2
2022-10-31;Nordeste;Eduardo;João;7002;Smartphone;1;3657,21;2308,31;3657,21;1348,9
2025-04-30;Sul;Bruno;Manoela;5004;Monitor;6;1927,95;1245,77;11567,7;4093,08
2023-09-30;Centro-Oeste;Fernanda;Ciro;9001;Notebook;9;4407,13;2411,33;39664,17;17962,2
2023-07-31;Norte;Fernanda;Antonia;7002;Smartphone;4;2468,21;1741,89;9872,84;2905,28
2025-01-31;Sudeste;Eduardo;Ciro;5004;Monitor;9;2936,03;1758,07;26424,27;10601,64
2023-09-30;Norte;Eduardo;Manoela;9001;Notebook;8;2827,16;1496,04;22617,28;10648,96
2023-08-31;Norte;Ana;Manoela;1005;Headset;5;3169,07;2161,31;15845,35;5038,8
2025-03-31;Norte;Fernanda;Ciro;2006;WebCam 4k;2;4307,67;2938,2;8615,34;2738,94
2022-07-31;Nordeste;Eduardo;Marisa;1005;Headset;6;4873,91;3692,45;29243,46;7088,76
2022-09-30;Norte;Bruno;Felipe;7002;Smartphone;8;3606,1;2162,59;28848,8;11548,08
2024-02-29;Norte;Ana;Ciro;9001;Notebook;1;1904,36;1409,11;1904,36;495,25
2023-10-31;Centro-Oeste;Eduardo;João;3003;Placa de Vídeo NVidia;1;3921,52;2383,02;3921,52;1538,5
2022-06-30;Norte;Bruno;Antonia;2006;WebCam 4k;8;3096,69;1662,14;24773,52;11476,4
2022-10-31;Norte;Daniela;Ciro;1005;Headset;1;4444,42;3468,58;4444,42;975,84
2022-12-31;Sudeste;Carlos;Manoela;1005;Headset;2;4375,85;2305,52;8751,7;4140,66
2022-12-31;Sul;Fernanda;Ciro;2006;WebCam 4k;5;2024,56;1448,54;10122,8;2880,1
2025-06-30;Nordeste;Bruno;Manoela;7002;Smartphone;7;1356,3;823,25;9494,1;3731,35
2024-10-31;Nordeste;Eduardo;Antonia;7002;Smartphone;3;4808,41;3055,58;14425,23;5258,49
2022-08-31;Nordeste;Ana;João;2006;WebCam 4k;7;1151,05;875,36;8057,35;1929,83
2025-09-30;Sul;Fernanda;Manoela;9001;Notebook;6;3477,04;1888,55;20862,24;9530,94
2023-04-30;Centro-Oeste;Fernanda;Felipe;5004;Monitor;1;4147,48;2425,55;4147,48;1721,93
2025-02-28;Nordeste;Carlos;Antonia;9001;Notebook;9;3733,17;2725,41;33598,53;9069,84
2022-01-31;Nordeste;Fernanda;Manoela;5004;Monitor;2;4707,68;2796,72;9415,36;3821,92
2024-04-30;Centro-Oeste;Bruno;Felipe;5004;Monitor;5;3465,62;2674,12;17328,1;3957,5
2024-03-31;Centro-Oeste;Fernanda;João;9001;Notebook;3;3668,82;2057,35;11006,46;4834,41
2023-04-30;Sudeste;Daniela;Felipe;3003;Placa de Vídeo NVidia;7;1781,16;1238,25;12468,12;3800,37
2022-08-31;Sul;Eduardo;Antonia;5004;Monitor;9;3958,54;2128,41;35626,86;16471,17
2022-04-30;Sul;Carlos;Marisa;5004;Monitor;6;1425,27;753,83;8551,62;4028,64
2023-05-31;Sudeste;Daniela;Marisa;5004;Monitor;2;4981,56;3471,22;9963,12;3020,68
2022-07-31;Sudeste;Fernanda;João;2006;WebCam 4k;5;1281,56;834,74;6407,8;2234,1
2024-01-31;Sul;Carlos;João;2006;WebCam 4k;9;1709,37;1124,5;15384,33;5263,83
2024-06-30;Sudeste;Ana;Marisa;2006;WebCam 4k;3;870,09;466,97;2610,27;1209,36
2024-09-30;Norte;Fernanda;Antonia;3003;Placa de Vídeo NVidia;6;3185,28;1931,05;19111,68;7525,38
2024-08-31;Nordeste;Daniela;Manoela;7002;Smartphone;9;541,58;341,22;4874,22;1803,24
2024-04-30;Centro-Oeste;Fernanda;Marisa;3003;Placa de Vídeo NVidia;4;3373,75;1739,64;13495,0;6536,44
2025-05-31;Centro-Oeste;Bruno;Manoela;2006;WebCam 4k;5;3502,92;2036,71;17514,6;7331,05
2025-06-30;Sul;Ana;Marisa;1005;Headset;4;1863,6;1050,03;7454,4;3254,28
2025-09-30;Norte;Ana;Felipe;7002;Smartphone;3;4760,29;2584,06;14280,87;6528,69
2025-10-31;Sudeste;Bruno;Antonia;1005;Headset;1;3152,62;2088,94;3152,62;1063,68
2024-08-31;Nordeste;Eduardo;João;1005;Headset;9;4220,46;2698,09;37984,14;13701,33
2023-04-30;Sudeste;Fernanda;Antonia;5004;Monitor;5;2412,82;1802,94;12064,1;3049,4
2023-10-31;Norte;Eduardo;João;9001;Notebook;8;4517,78;2750,16;36142,24;14140,96
2024-09-30;Sul;Daniela;Felipe;3003;Placa de Vídeo NVidia;5;2565,69;1485,39;12828,45;5401,5
2025-09-30;Norte;Daniela;Ciro;2006;WebCam 4k;1;1238,06;754,39;1238,06;483,67
2023-08-31;Sudeste;Daniela;Felipe;3003;Placa de Vídeo NVidia;8;2944,15;2103,41;23553,2;6725,92
2022-07-31;Norte;Bruno;João;1005;Headset;8;2002,63;1550,49;16021,04;3617,12
2023-04-30;Nordeste;Eduardo;Manoela;2006;WebCam 4k;3;4135,08;2175,96;12405,24;5877,36
2024-09-30;Sul;Bruno;Marisa;9001;Notebook;6;4238,69;2233,1;25432,14;12033,54
2023-06-30;Centro-Oeste;Ana;Manoela;9001;Notebook;9;4206,11;2693,87;37854,99;13610,16
2023-03-31;Nordeste;Bruno;Manoela;2006;WebCam 4k;7;2405,78;1302,85;16840,46;7720,51
2023-03-31;Norte;Fernanda;Felipe;9001;Notebook;5;4961,67;3615,67;24808,35;6730,0
2025-03-31;Sudeste;Fernanda;Marisa;2006;WebCam 4k;7;3743,14;2261,45;26201,98;10371,83
2025-05-31;Sudeste;Bruno;João;2006;WebCam 4k;2;1495,93;768,92;2991,86;1454,02
2024-11-30;Norte;Bruno;Felipe;9001;Notebook;8;518,18;380,53;4145,44;1101,2
2024-06-30;Norte;Eduardo;Manoela;1005;Headset;8;732,55;530,33;5860,4;1617,76
2022-08-31;Centro-Oeste;Carlos;Antonia;7002;Smartphone;3;1817,08;1429,18;5451,24;1163,7
2023-02-28;Centro-Oeste;Bruno;Ciro;1005;Headset;7;1146,41;903,12;8024,87;1703,03
2025-06-30;Sudeste;Fernanda;Felipe;1005;Headset;4;4444,31;2353,33;17777,24;8363,92
2024-11-30;Nordeste;Ana;Ciro;3003;Placa de Vídeo NVidia;6;4887,78;2666,47;29326,68;13327,86
2023-03-31;Sudeste;Fernanda;João;1005;Headset;9;841,4;586,73;7572,6;2292,03
2022-02-28;Nordeste;Bruno;Ciro;7002;Smartphone;2;3931,3;2105,14;7862,6;3652,32
2023-03-31;Norte;Daniela;Felipe;3003;Placa de Vídeo NVidia;1;970,33;711,92;970,33;258,41
2023-07-31;Nordeste;Ana;Manoela;2006;WebCam 4k;1;591,79;341,73;591,79;250,06
2022-06-30;Norte;Fernanda;Manoela;1005;Headset;1;2536,1;1749,88;2536,1;786,22
2022-09-30;Centro-Oeste;Ana;Felipe;9001;Notebook;7;844,34;616,11;5910,38;1597,61
2023-01-31;Sudeste;Fernanda;Ciro;7002;Smartphone;4;2539,21;1986,98;10156,84;2208,92
2024-07-31;Norte;Daniela;Antonia;2006;WebCam 4k;2;2476,6;1241,19;4953,2;2470,82
2023-03-31;Sul;Bruno;Antonia;7002;Smartphone;9;3075,98;1872,76;27683,82;10828,98
2023-06-30;Centro-Oeste;Carlos;Felipe;3003;Placa de Vídeo NVidia;6;1526,71;888,35;9160,26;3830,16
2022-05-31;Nordeste;Fernanda;Felipe;9001;Notebook;5;1340,31;1058,25;6701,55;1410,3
2022-05-31;Sul;Ana;Marisa;5004;Monitor;7;4326,61;2742,78;30286,27;11086,81
2023-03-31;Centro-Oeste;Daniela;Antonia;9001;Notebook;7;807,84;577,54;5654,88;1612,1
2025-05-31;Norte;Eduardo;Marisa;5004;Monitor;4;1633,14;1123,49;6532,56;2038,6
2025-10-31;Centro-Oeste;Daniela;João;3003;Placa de Vídeo NVidia;2;3676,37;2224,86;7352,74;2903,02
2023-04-30;Sudeste;Eduardo;Marisa;3003;Placa de Vídeo NVidia;1;2727,36;1867,1;2727,36;860,26
2023-05-31;Nordeste;Fernanda;Ciro;5004;Monitor;8;4444,83;3272,97;35558,64;9374,88
2025-08-31;Norte;Fernanda;João;3003;Placa de Vídeo NVidia;3;3722,53;2400,86;11167,59;3965,01
2024-03-31;Sudeste;Eduardo;Antonia;2006;WebCam 4k;8;3383,21;2101,62;27065,68;10252,72
2023-05-31;Norte;Daniela;Antonia;2006;WebCam 4k;8;1516,64;1096,26;12133,12;3363,04
2022-06-30;Centro-Oeste;Eduardo;Marisa;1005;Headset;2;3997,25;2152,72;7994,5;3689,06
2024-10-31;Sudeste;Daniela;Marisa;9001;Notebook;8;2069,0;1235,69;16552,0;6666,48
2023-12-31;Centro-Oeste;Eduardo;Marisa;2006;WebCam 4k;2;4279,81;3140,38;8559,62;2278,86
2023-10-31;Sudeste;Fernanda;Manoela;3003;Placa de Vídeo NVidia;5;3449,0;2746,26;17245,0;3513,7
2023-09-30;Norte;Bruno;Manoela;3003;Placa de Vídeo NVidia;5;4748,33;3637,0;23741,65;5556,65
2024-04-30;Centro-Oeste;Bruno;Felipe;3003;Placa de Vídeo NVidia;2;2693,79;1710,5;5387,58;1966,58
2024-06-30;Norte;Daniela;Marisa;7002;Smartphone;6;4050,51;2312,14;24303,06;10430,22
2025-02-28;Sudeste;Daniela;Antonia;9001;Notebook;7;2467,88;1936,46;17275,16;3719,94
2024-10-31;Centro-Oeste;Carlos;Felipe;2006;WebCam 4k;1;4258,67;2394,67;4258,67;1864,0
2024-09-30;Sul;Ana;Felipe;7002;Smartphone;7;1183,12;818,03;8281,84;2555,63
2024-02-29;Nordeste;Daniela;Marisa;9001;Notebook;3;2468,17;1464,13;7404,51;3012,12
2022-03-31;Centro-Oeste;Fernanda;Manoela;1005;Headset;3;3288,89;1803,89;9866,67;4455,0
2024-02-29;Nordeste;Bruno;João;7002;Smartphone;4;4074,11;3070,07;16296,44;4016,16
2025-02-28;Centro-Oeste;Eduardo;Felipe;9001;Notebook;2;4011,08;3004,56;8022,16;2013,04
2023-02-28;Nordeste;Bruno;Marisa;5004;Monitor;5;2649,92;2076,19;13249,6;2868,65
2022-06-30;Sudeste;Fernanda;Manoela;2006;WebCam 4k;1;2989,8;1676,17;2989,8;1313,63
2023-07-31;Nordeste;Eduardo;Marisa;7002;Smartphone;4;4948,09;2804,44;19792,36;8574,6
2022-08-31;Nordeste;Eduardo;João;1005;Headset;3;2580,47;1412,3;7741,41;3504,51
2022-01-31;Sul;Fernanda;Felipe;5004;Monitor;9;3132,7;1885,21;28194,3;11227,41
2023-07-31;Norte;Ana;Antonia;1005;Headset;4;3132,85;2262,16;12531,4;3482,76
2023-10-31;Sul;Daniela;Manoela;9001;Notebook;2;1537,74;1122,84;3075,48;829,8
2025-07-31;Sul;Bruno;Marisa;2006;WebCam 4k;7;2978,28;2110,87;20847,96;6071,87
2025-03-31;Norte;Ana;Marisa;2006;WebCam 4k;1;2089,63;1055,93;2089,63;1033,7
2024-08-31;Sul;Carlos;Ciro;5004;Monitor;3;4018,93;2673,91;12056,79;4035,06
2023-09-30;Centro-Oeste;Bruno;João;2006;WebCam 4k;1;1394,95;739,21;1394,95;655,74
2022-01-31;Nordeste;Ana;Marisa;9001;Notebook;3;923,31;565,78;2769,93;1072,59
2022-12-31;Norte;Ana;Manoela;5004;Monitor;2;1683,86;1252,13;3367,72;863,46
2022-11-30;Centro-Oeste;Bruno;Antonia;5004;Monitor;7;519,97;336,09;3639,79;1287,16
2024-02-29;Centro-Oeste;Carlos;Antonia;9001;Notebook;9;4989,31;3962,48;44903,79;9241,47
2025-06-30;Norte;Daniela;Ciro;1005;Headset;2;4911,66;3587,6;9823,32;2648,12
2023-08-31;Centro-Oeste;Carlos;Felipe;2006;WebCam 4k;5;959,68;583,61;4798,4;1880,35
2025-09-30;Sul;Bruno;Manoela;1005;Headset;5;4003,07;2266,43;20015,35;8683,2
2023-04-30;Sudeste;Carlos;Marisa;7002;Smartphone;1;4907,5;3508,54;4907,5;1398,96
2022-05-31;Nordeste;Daniela;Ciro;7002;Smartphone;2;4897,85;2463,98;9795,7;4867,74
2024-10-31;Centro-Oeste;Bruno;Ciro;5004;Monitor;2;3948,03;2129,87;7896,06;3636,32
2024-01-31;Nordeste;Bruno;Ciro;7002;Smartphone;6;1770,62;1198,67;10623,72;3431,7
2025-04-30;Sudeste;Ana;Felipe;1005;Headset;5;4567,89;3522,43;22839,45;5227,3
2023-10-31;Sul;Daniela;Antonia;5004;Monitor;5;1055,72;529,15;5278,6;2632,85
2025-09-30;Norte;Fernanda;Marisa;2006;WebCam 4k;6;836,16;501,78;5016,96;2006,28
2023-03-31;Centro-Oeste;Bruno;Marisa;5004;Monitor;7;2885,81;1909,79;20200,67;6832,14
2023-08-31;Sul;Ana;Antonia;9001;Notebook;6;2405,81;1394,91;14434,86;6065,4
2025-06-30;Nordeste;Carlos;Felipe;3003;Placa de Vídeo NVidia;1;1493,35;875,39;1493,35;617,96
2025-05-31;Nordeste;Fernanda;Antonia;3003;Placa de Vídeo NVidia;7;4838,85;2453,33;33871,95;16698,64
2022-10-31;Nordeste;Fernanda;Ciro;2006;WebCam 4k;3;2435,16;1502,94;7305,48;2796,66
2024-01-31;Sul;Bruno;Antonia;5004;Monitor;6;616,81;397,26;3700,86;1317,3
2024-10-31;Nordeste;Daniela;Manoela;9001;Notebook;7;3007,65;2145,95;21053,55;6031,9
2022-06-30;Nordeste;Fernanda;Ciro;1005;Headset;6;939,3;693,44;5635,8;1475,16
2022-06-30;Centro-Oeste;Fernanda;Felipe;5004;Monitor;3;4271,78;2543,95;12815,34;5183,49
2025-02-28;Norte;Ana;Felipe;7002;Smartphone;7;3537,09;1804,08;24759,63;12131,07
2022-07-31;Centro-Oeste;Bruno;Felipe;5004;Monitor;9;4176,16;3321,33;37585,44;7693,47
2023-08-31;Centro-Oeste;Eduardo;Marisa;5004;Monitor;1;3808,44;2786,06;3808,44;1022,38
2024-11-30;Centro-Oeste;Daniela;Antonia;7002;Smartphone;7;1025,53;814,28;7178,71;1478,75
2024-07-31;Sul;Fernanda;Antonia;3003;Placa de Vídeo NVidia;8;4310,39;3339,57;34483,12;7766,56
2025-10-31;Centro-Oeste;Carlos;Antonia;7002;Smartphone;4;585,0;412,69;2340,0;689,24
2023-09-30;Sul;Daniela;Marisa;7002;Smartphone;8;1965,18;1039,24;15721,44;7407,52
2022-01-31;Nordeste;Bruno;Felipe;9001;Notebook;2;2469,2;1906,61;4938,4;1125,18
2022-06-30;Nordeste;Eduardo;Ciro;2006;WebCam 4k;2;4179,66;2601,54;8359,32;3156,24
2023-04-30;Sul;Ana;Felipe;5004;Monitor;2;4023,76;2572,1;8047,52;2903,32
2025-07-31;Nordeste;Bruno;Marisa;5004;Monitor;6;844,31;488,09;5065,86;2137,32
2025-08-31;Centro-Oeste;Eduardo;Marisa;3003;Placa de Vídeo NVidia;1;1899,25;1330,07;1899,25;569,18
2022-06-30;Sul;Fernanda;Antonia;3003;Placa de Vídeo NVidia;9;4602,6;3380,07;41423,4;11002,77
2022-09-30;Sul;Ana;Antonia;3003;Placa de Vídeo NVidia;2;2349,44;1528,44;4698,88;1642,0
2024-04-30;Sudeste;Bruno;João;5004;Monitor;8;712,7;569,42;5701,6;1146,24
2024-02-29;Nordeste;Fernanda;Marisa;5004;Monitor;1;3048,04;2261,47;3048,04;786,57
2024-02-29;Norte;Daniela;Marisa;7002;Smartphone;9;1414,02;710,79;12726,18;6329,07
2023-10-31;Norte;Bruno;Felipe;3003;Placa de Vídeo NVidia;4;4839,27;3180,9;19357,08;6633,48
2023-11-30;Nordeste;Bruno;Marisa;5004;Monitor;7;2862,36;2090,6;20036,52;5402,32
2022-01-31;Sul;Bruno;Antonia;9001;Notebook;6;1416,37;728,19;8498,22;4129,08
2025-02-28;Sudeste;Eduardo;Manoela;2006;WebCam 4k;4;1488,86;807,82;5955,44;2724,16
2023-04-30;Norte;Ana;João;5004;Monitor;1;4538,26;2313,05;4538,26;2225,21
2023-07-31;Sul;Ana;João;9001;Notebook;3;2476,73;1789,48;7430,19;2061,75
2023-07-31;Sul;Bruno;Antonia;3003;Placa de Vídeo NVidia;3;4928,54;3593,46;14785,62;4005,24
2023-02-28;Sul;Daniela;Antonia;3003;Placa de Vídeo NVidia;8;3372,85;1755,45;26982,8;12939,2
2024-05-31;Sul;Bruno;Manoela;5004;Monitor;8;4395,78;2975,46;35166,24;11362,56
2022-05-31;Sul;Eduardo;Antonia;7002;Smartphone;3;3137,68;2093,75;9413,04;3131,79
2024-06-30;Sul;Eduardo;Manoela;3003;Placa de Vídeo NVidia;5;1918,64;1049,65;9593,2;4344,95
2025-02-28;Centro-Oeste;Daniela;João;9001;Notebook;9;3652,93;1904,38;32876,37;15736,95
2023-01-31;Sul;Eduardo;Manoela;3003;Placa de Vídeo NVidia;9;3867,67;2965,25;34809,03;8121,78
2023-08-31;Sul;Ana;Manoela;7002;Smartphone;8;4741,25;3593,6;37930,0;9181,2
2024-04-30;Sul;Bruno;Manoela;7002;Smartphone;9;2289,73;1247,42;20607,57;9380,79
2023-09-30;Nordeste;Bruno;Ciro;9001;Notebook;4;4685,12;2800,22;18740,48;7539,6
2025-01-31;Nordeste;Ana;Manoela;1005;Headset;9;1320,37;910,01;11883,33;3693,24
2025-02-28;Sul;Bruno;Manoela;3003;Placa de Vídeo NVidia;5;2219,53;1652,88;11097,65;2833,25
2024-07-31;Norte;Eduardo;Ciro;1005;Headset;3;2541,14;1280,49;7623,42;3781,95
2025-02-28;Nordeste;Daniela;Ciro;1005;Headset;6;735,07;520,87;4410,42;1285,2
2022-12-31;Centro-Oeste;Ana;Antonia;9001;Notebook;7;4447,02;2749,68;31129,14;11881,38
2024-08-31;Sul;Carlos;Ciro;2006;WebCam 4k;1;2310,03;1250,57;2310,03;1059,46
2022-11-30;Sudeste;Ana;Ciro;9001;Notebook;6;4959,38;3863,38;29756,28;6576,0
2023-10-31;Sul;Fernanda;Marisa;9001;Notebook;9;875,58;572,21;7880,22;2730,33
2025-04-30;Nordeste;Carlos;Felipe;9001;Notebook;9;3726,53;1956,72;33538,77;15928,29
2024-06-30;Nordeste;Bruno;Manoela;5004;Monitor;5;4764,85;3447,71;23824,25;6585,7
2025-04-30;Nordeste;Daniela;Marisa;3003;Placa de Vídeo NVidia;1;4928,37;3048,92;4928,37;1879,45
2025-06-30;Sul;Fernanda;Felipe;2006;WebCam 4k;1;624,74;406,21;624,74;218,53
2023-08-31;Sul;Ana;João;5004;Monitor;5;4396,86;2762,47;21984,3;8171,95
2023-04-30;Nordeste;Ana;João;7002;Smartphone;5;820,52;635,46;4102,6;925,3
2022-06-30;Sul;Ana;João;5004;Monitor;6;4391,1;2365,95;26346,6;12150,9
2024-05-31;Norte;Ana;Felipe;3003;Placa de Vídeo NVidia;8;4774,57;3338,31;38196,56;11490,08
2022-04-30;Norte;Ana;Marisa;9001;Notebook;3;2237,66;1167,73;6712,98;3209,79
2025-03-31;Nordeste;Carlos;João;3003;Placa de Vídeo NVidia;5;3920,03;2526,8;19600,15;6966,15
2024-01-31;Centro-Oeste;Fernanda;Antonia;5004;Monitor;6;2692,22;2009,91;16153,32;4093,86
2024-03-31;Sul;Ana;Ciro;1005;Headset;1;1973,17;1228,4;1973,17;744,77
2024-03-31;Sudeste;Daniela;Manoela;2006;WebCam 4k;6;918,85;720,24;5513,1;1191,66
2022-09-30;Centro-Oeste;Bruno;Antonia;5004;Monitor;2;2026,82;1313,19;4053,64;1427,26
2022-05-31;Sudeste;Fernanda;Felipe;9001;Notebook;8;2662,26;1905,46;21298,08;6054,4
2025-02-28;Sul;Bruno;Ciro;1005;Headset;4;1432,5;815,81;5730,0;2466,76
2022-11-30;Nordeste;Daniela;Ciro;1005;Headset;5;1488,82;930,12;7444,1;2793,5
2023-09-30;Norte;Bruno;João;9001;Notebook;1;3369,37;1984,29;3369,37;1385,08
2023-11-30;Norte;Bruno;Felipe;1005;Headset;1;3642,5;2026,9;3642,5;1615,6
2023-01-31;Norte;Ana;Antonia;7002;Smartphone;8;973,77;708,44;7790,16;2122,64
2023-08-31;Sudeste;Fernanda;João;7002;Smartphone;5;2253,67;1147,04;11268,35;5533,15
2024-11-30;Sudeste;Carlos;Ciro;7002;Smartphone;7;2877,08;2184,66;20139,56;4846,94
2023-08-31;Centro-Oeste;Fernanda;João;9001;Notebook;7;4572,92;3145,8;32010,44;9989,84
2022-09-30;Sudeste;Carlos;Ciro;2006;WebCam 4k;4;1702,07;861,75;6808,28;3361,28
2024-02-29;Sul;Daniela;João;9001;Notebook;9;4760,01;2622,61;42840,09;19236,6
2024-06-30;Sul;Ana;Ciro;9001;Notebook;2;4664,64;3723,01;9329,28;1883,26
2023-04-30;Centro-Oeste;Bruno;Manoela;3003;Placa de Vídeo NVidia;2;1871,23;1193,32;3742,46;1355,82
2024-01-31;Nordeste;Fernanda;Manoela;2006;WebCam 4k;5;3592,39;2768,46;17961,95;4119,65
2025-04-30;Sudeste;Fernanda;Antonia;2006;WebCam 4k;9;4147,23;2350,75;37325,07;16168,32
2025-05-31;Sul;Eduardo;Marisa;9001;Notebook;2;4165,31;3293,47;8330,62;1743,68
2023-10-31;Nordeste;Daniela;Marisa;1005;Headset;5;3591,09;1839,25;17955,45;8759,2
2022-12-31;Sul;Carlos;Ciro;7002;Smartphone;6;4335,46;3466,19;26012,76;5215,62
2023-09-30;Centro-Oeste;Bruno;João;5004;Monitor;7;4132,45;2200,18;28927,15;13525,89
2025-10-31;Centro-Oeste;Carlos;Felipe;9001;Notebook;4;3373,44;2458,81;13493,76;3658,52
2025-05-31;Nordeste;Carlos;João;5004;Monitor;9;689,11;445,81;6201,99;2189,7
2024-04-30;Centro-Oeste;Bruno;João;3003;Placa de Vídeo NVidia;6;1939,55;1208,93;11637,3;4383,72
2022-05-31;Sul;Bruno;Antonia;7002;Smartphone;2;2034,32;1160,99;4068,64;1746,66
2024-09-30;Norte;Fernanda;João;7002;Smartphone;8;1743,68;1133,66;13949,44;4880,16
2024-07-31;Centro-Oeste;Carlos;Manoela;9001;Notebook;4;866,17;477,76;3464,68;1553,64
2022-11-30;Norte;Bruno;João;5004;Monitor;6;866,69;610,48;5200,14;1537,26
2024-01-31;Centro-Oeste;Eduardo;Manoela;7002;Smartphone;1;2783,37;1832,34;2783,37;951,03
2023-02-28;Sudeste;Carlos;Marisa;5004;Monitor;2;3134,57;2211,33;6269,14;1846,48
2022-01-31;Sudeste;Eduardo;João;2006;WebCam 4k;7;536,5;319,83;3755,5;1516,69
2025-08-31;Sudeste;Ana;Antonia;5004;Monitor;3;1780,81;1298,8;5342,43;1446,03
2023-07-31;Centro-Oeste;Carlos;Felipe;7002;Smartphone;5;2065,09;1193,43;10325,45;4358,3
2024-05-31;Sudeste;Bruno;Felipe;5004;Monitor;9;3491,33;2061,63;31421,97;12867,3
2023-09-30;Sul;Daniela;Marisa;1005;Headset;9;1622,66;1094,28;14603,94;4755,42
2023-01-31;Sudeste;Fernanda;Manoela;1005;Headset;8;1282,59;1021,61;10260,72;2087,84
2022-11-30;Sul;Bruno;Manoela;3003;Placa de Vídeo NVidia;3;1230,78;842,7;3692,34;1164,24
2024-12-31;Norte;Bruno;Antonia;5004;Monitor;6;3798,8;2229,14;22792,8;9417,96
2024-05-31;Sudeste;Carlos;Marisa;9001;Notebook;5;840,85;545,55;4204,25;1476,5
2024-07-31;Sudeste;Eduardo;Antonia;5004;Monitor;8;2915,84;1980,63;23326,72;7481,68
2022-05-31;Centro-Oeste;Fernanda;Marisa;7002;Smartphone;4;2986,67;1497,33;11946,68;5957,36
2022-07-31;Nordeste;Ana;Felipe;7002;Smartphone;5;2799,78;1684,22;13998,9;5577,8
2024-03-31;Sudeste;Ana;João;3003;Placa de Vídeo NVidia;9;3269,02;2551,48;29421,18;6457,86
2024-03-31;Sul;Ana;Manoela;3003;Placa de Vídeo NVidia;1;4603,54;3372,63;4603,54;1230,91
2024-10-31;Nordeste;Ana;Ciro;3003;Placa de Vídeo NVidia;1;942,46;679,72;942,46;262,74
2025-08-31;Norte;Fernanda;Felipe;3003;Placa de Vídeo NVidia;7;3900,11;2788,26;27300,77;7782,95
2023-06-30;Centro-Oeste;Carlos;Ciro;2006;WebCam 4k;2;2676,37;2050,43;5352,74;1251,88
2022-08-31;Sul;Carlos;Manoela;3003;Placa de Vídeo NVidia;8;3365,25;1838,39;26922,0;12214,88
2025-10-31;Norte;Bruno;Felipe;3003;Placa de Vídeo NVidia;5;3327,53;1920,73;16637,65;7034,0
2025-05-31;Norte;Daniela;Manoela;1005;Headset;7;1616,75;1155,28;11317,25;3230,29
2022-11-30;Norte;Eduardo;Felipe;7002;Smartphone;8;2257,27;1310,91;18058,16;7570,88
2023-09-30;Nordeste;Carlos;Felipe;7002;Smartphone;1;4385,84;3026,83;4385,84;1359,01
2024-08-31;Centro-Oeste;Fernanda;Manoela;5004;Monitor;3;3217,47;2402,2;9652,41;2445,81
2023-11-30;Sudeste;Carlos;Felipe;7002;Smartphone;9;2679,55;1891,55;24115,95;7092,0
2024-02-29;Sudeste;Carlos;Manoela;1005;Headset;2;3766,79;2796,41;7533,58;1940,76
2022-07-31;Sudeste;Fernanda;João;3003;Placa de Vídeo NVidia;3;2715,49;1385,43;8146,47;3990,18
2024-08-31;Nordeste;Ana;Felipe;3003;Placa de Vídeo NVidia;9;1960,45;1274,86;17644,05;6170,31
2025-05-31;Centro-Oeste;Bruno;Ciro;2006;WebCam 4k;4;4820,22;2635,97;19280,88;8737,0
2023-11-30;Sul;Fernanda;Antonia;5004;Monitor;6;1524,82;972,14;9148,92;3316,08
2024-12-31;Centro-Oeste;Daniela;Antonia;5004;Monitor;1;2813,21;1853,8;2813,21;959,41
2022-09-30;Nordeste;Fernanda;Manoela;9001;Notebook;7;4840,45;3034,5;33883,15;12641,65
2022-08-31;Sul;Eduardo;João;2006;WebCam 4k;2;3523,15;2246,76;7046,3;2552,78
2025-07-31;Sudeste;Daniela;Felipe;5004;Monitor;5;4495,44;2529,36;22477,2;9830,4
2023-09-30;Centro-Oeste;Eduardo;Antonia;9001;Notebook;9;1946,16;1152,63;17515,44;7141,77
2025-01-31;Nordeste;Ana;Antonia;9001;Notebook;1;1677,13;937,58;1677,13;739,55
2025-07-31;Norte;Daniela;Manoela;7002;Smartphone;6;3087,88;2257,64;18527,28;4981,44
2024-08-31;Centro-Oeste;Fernanda;Ciro;5004;Monitor;8;1040,56;830,16;8324,48;1683,2
2022-05-31;Centro-Oeste;Ana;Manoela;7002;Smartphone;1;1104,38;563,42;1104,38;540,96
2024-02-29;Nordeste;Carlos;Antonia;2006;WebCam 4k;5;2083,33;1068,64;10416,65;5073,45
2024-02-29;Sudeste;Fernanda;Felipe;2006;WebCam 4k;1;2059,34;1314,01;2059,34;745,33
2022-05-31;Centro-Oeste;Daniela;João;7002;Smartphone;1;4589,87;3566,06;4589,87;1023,81
2022-11-30;Norte;Fernanda;João;5004;Monitor;6;949,45;621,59;5696,7;1967,16
2025-01-31;Centro-Oeste;Carlos;Felipe;3003;Placa de Vídeo NVidia;5;1352,53;972,83;6762,65;1898,5
2023-01-31;Nordeste;Eduardo;Antonia;7002;Smartphone;9;1245,91;887,75;11213,19;3223,44
2023-03-31;Nordeste;Daniela;João;3003;Placa de Vídeo NVidia;2;3127,83;2137,82;6255,66;1980,02
2022-04-30;Norte;Bruno;Marisa;3003;Placa de Vídeo NVidia;7;781,71;461,93;5471,97;2238,46
2022-02-28;Sudeste;Bruno;Marisa;1005;Headset;3;4488,5;2246,78;13465,5;6725,16
2022-09-30;Sudeste;Ana;Felipe;7002;Smartphone;1;3315,87;2109,53;3315,87;1206,34
2025-01-31;Norte;Fernanda;Manoela;5004;Monitor;3;1570,46;1206,87;4711,38;1090,77
2022-05-31;Sul;Ana;Antonia;7002;Smartphone;5;4002,78;2189,98;20013,9;9064,0
2022-11-30;Nordeste;Bruno;Ciro;5004;Monitor;5;4892,8;3868,03;24464,0;5123,85
2022-03-31;Sudeste;Bruno;Ciro;9001;Notebook;9;3056,0;2110,05;27504,0;8513,55
2024-03-31;Centro-Oeste;Fernanda;Manoela;3003;Placa de Vídeo NVidia;6;512,03;399,52;3072,18;675,06
2024-01-31;Nordeste;Carlos;Felipe;7002;Smartphone;1;3269,28;2316,94;3269,28;952,34
2022-06-30;Nordeste;Bruno;Marisa;1005;Headset;5;942,47;698,84;4712,35;1218,15
2024-03-31;Centro-Oeste;Carlos;Felipe;2006;WebCam 4k;3;3125,89;2386,62;9377,67;2217,81
2025-04-30;Norte;Fernanda;Manoela;5004;Monitor;5;660,44;472,25;3302,2;940,95
2024-03-31;Nordeste;Ana;Marisa;1005;Headset;4;1663,83;1187,44;6655,32;1905,56
2022-10-31;Centro-Oeste;Bruno;Marisa;3003;Placa de Vídeo NVidia;2;4198,1;2425,23;8396,2;3545,74
2023-03-31;Sudeste;Carlos;Marisa;3003;Placa de Vídeo NVidia;6;2115,9;1455,92;12695,4;3959,88
2025-08-31;Nordeste;Eduardo;Ciro;2006;WebCam 4k;5;4614,41;2573,77;23072,05;10203,2
2024-01-31;Sudeste;Bruno;Antonia;1005;Headset;7;1284,67;816,21;8992,69;3279,22
2022-12-31;Sul;Carlos;Marisa;3003;Placa de Vídeo NVidia;7;1875,8;1070,53;13130,6;5636,89
2024-02-29;Sudeste;Carlos;Ciro;9001;Notebook;4;2507,2;1962,91;10028,8;2177,16
2023-01-31;Nordeste;Ana;Marisa;3003;Placa de Vídeo NVidia;8;3415,43;1913,65;27323,44;12014,24
2024-07-31;Norte;Fernanda;Antonia;9001;Notebook;9;4439,8;2815,21;39958,2;14621,31
2025-04-30;Centro-Oeste;Carlos;Antonia;5004;Monitor;6;3859,9;2980,55;23159,4;5276,1
2023-07-31;Sudeste;Carlos;Manoela;1005;Headset;3;3899,58;2902,64;11698,74;2990,82
2022-05-31;Norte;Ana;Antonia;7002;Smartphone;3;557,35;373,27;1672,05;552,24
2023-08-31;Centro-Oeste;Carlos;Ciro;3003;Placa de Vídeo NVidia;9;2852,79;2252,07;25675,11;5406,48
2024-12-31;Norte;Carlos;João;1005;Headset;1;1672,09;960,03;1672,09;712,06
2025-07-31;Sul;Daniela;Ciro;1005;Headset;7;4019,39;2339,14;28135,73;11761,75
2023-12-31;Norte;Bruno;João;7002;Smartphone;9;1489,97;909,67;13409,73;5222,7
2024-03-31;Norte;Daniela;Felipe;1005;Headset;8;2602,51;2057,46;20820,08;4360,4
2022-10-31;Sul;Bruno;Antonia;2006;WebCam 4k;9;1368,51;850,16;12316,59;4665,15
2022-02-28;Norte;Ana;Felipe;7002;Smartphone;1;1592,6;1084,57;1592,6;508,03
2024-05-31;Sul;Eduardo;Felipe;3003;Placa de Vídeo NVidia;4;4798,83;3623,59;19195,32;4700,96
2023-10-31;Sudeste;Fernanda;Antonia;1005;Headset;1;4425,44;3322,8;4425,44;1102,64
2025-07-31;Norte;Eduardo;Ciro;9001;Notebook;8;4766,3;3078,81;38130,4;13499,92
2023-11-30;Sul;Eduardo;Antonia;7002;Smartphone;6;508,62;393,03;3051,72;693,54
2023-03-31;Sul;Bruno;Felipe;3003;Placa de Vídeo NVidia;5;2539,1;1279,81;12695,5;6296,45
2022-12-31;Sul;Eduardo;Marisa;9001;Notebook;4;4478,54;3356,55;17914,16;4487,96
2023-06-30;Sudeste;Ana;Marisa;9001;Notebook;1;3975,43;2263,31;3975,43;1712,12
2022-02-28;Norte;Daniela;João;5004;Monitor;7;1158,22;759,18;8107,54;2793,28
2022-10-31;Sul;Fernanda;Felipe;9001;Notebook;3;4253,16;2301,45;12759,48;5855,13
2022-12-31;Sudeste;Daniela;Manoela;1005;Headset;4;1786,77;1050,17;7147,08;2946,4
2025-03-31;Sul;Ana;Felipe;3003;Placa de Vídeo NVidia;7;1852,99;966,89;12970,93;6202,7
2023-10-31;Sul;Eduardo;Antonia;9001;Notebook;8;3359,91;2632,42;26879,28;5819,92
2024-06-30;Sudeste;Ana;João;3003;Placa de Vídeo NVidia;9;4789,48;2779,83;43105,32;18086,85
2024-11-30;Sul;Fernanda;Felipe;7002;Smartphone;4;2971,98;1653,03;11887,92;5275,8
2023-02-28;Norte;Ana;Ciro;2006;WebCam 4k;9;4368,97;2670,94;39320,73;15282,27
2023-04-30;Sudeste;Fernanda;João;7002;Smartphone;5;2949,3;2233,13;14746,5;3580,85
2025-02-28;Centro-Oeste;Carlos;Felipe;3003;Placa de Vídeo NVidia;8;631,58;378,22;5052,64;2026,88
2022-09-30;Sul;Carlos;Marisa;5004;Monitor;9;4649,54;3290,74;41845,86;12229,2
2025-06-30;Norte;Ana;Manoela;2006;WebCam 4k;3;4692,14;3548,97;14076,42;3429,51
2022-07-31;Sudeste;Fernanda;João;5004;Monitor;8;3147,26;2016,37;25178,08;9047,12
2022-12-31;Norte;Daniela;Felipe;9001;Notebook;3;535,69;387,76;1607,07;443,79
2023-12-31;Nordeste;Ana;Antonia;5004;Monitor;6;829,36;567,82;4976,16;1569,24
2025-07-31;Sul;Daniela;Ciro;1005;Headset;8;3091,51;1945,34;24732,08;9169,36
2022-09-30;Nordeste;Carlos;Marisa;1005;Headset;3;1085,06;782,37;3255,18;908,07
2024-09-30;Centro-Oeste;Daniela;Ciro;5004;Monitor;5;4457,86;3014,52;22289,3;7216,7
2022-04-30;Sul;Ana;Marisa;2006;WebCam 4k;9;1091,61;736,79;9824,49;3193,38
2022-12-31;Sudeste;Carlos;Ciro;5004;Monitor;9;4031,51;2617,6;36283,59;12725,19
2024-08-31;Centro-Oeste;Carlos;Felipe;3003;Placa de Vídeo NVidia;4;945,77;658,5;3783,08;1149,08
2024-03-31;Sudeste;Bruno;Manoela;2006;WebCam 4k;2;4095,2;3040,62;8190,4;2109,16
2023-11-30;Norte;Fernanda;Antonia;2006;WebCam 4k;3;4121,22;3233,14;12363,66;2664,24
2023-03-31;Centro-Oeste;Carlos;Antonia;9001;Notebook;5;3742,23;2725,9;18711,15;5081,65
2023-12-31;Nordeste;Ana;Felipe;3003;Placa de Vídeo NVidia;4;4369,26;3289,77;17477,04;4317,96
2024-08-31;Sudeste;Daniela;Felipe;5004;Monitor;8;3622,05;1854,26;28976,4;14142,32
2023-09-30;Centro-Oeste;Carlos;Manoela;7002;Smartphone;5;1812,94;981,71;9064,7;4156,15
2023-08-31;Nordeste;Bruno;Felipe;9001;Notebook;9;4286,44;2404,06;38577,96;16941,42
2024-07-31;Nordeste;Daniela;Antonia;1005;Headset;9;3035,71;1685,97;27321,39;12147,66
2024-10-31;Sudeste;Carlos;João;2006;WebCam 4k;6;1125,67;879,88;6754,02;1474,74
2024-10-31;Sul;Bruno;Felipe;2006;WebCam 4k;5;3964,51;2348,37;19822,55;8080,7
2024-06-30;Norte;Daniela;Felipe;9001;Notebook;1;2741,52;2139,39;2741,52;602,13
2022-02-28;Centro-Oeste;Fernanda;Manoela;9001;Notebook;8;2815,65;1506,79;22525,2;10470,88
2024-02-29;Norte;Daniela;Antonia;1005;Headset;1;4282,38;2756,19;4282,38;1526,19
2023-02-28;Norte;Eduardo;Ciro;9001;Notebook;8;3642,87;2493,01;29142,96;9198,88
2024-08-31;Centro-Oeste;Daniela;João;9001;Notebook;3;4154,83;2111,78;12464,49;6129,15
2023-12-31;Centro-Oeste;Daniela;Antonia;1005;Headset;3;3781,43;2935,02;11344,29;2539,23
2025-08-31;Sul;Daniela;Ciro;5004;Monitor;2;4711,48;3230,98;9422,96;2961,0
2024-03-31;Centro-Oeste;Carlos;João;1005;Headset;2;3180,84;2086,32;6361,68;2189,04
2024-12-31;Nordeste;Ana;Ciro;7002;Smartphone;2;838,24;550,47;1676,48;575,54
2024-01-31;Sul;Fernanda;João;5004;Monitor;6;2026,47;1295,13;12158,82;4388,04
2025-03-31;Sul;Carlos;Antonia;9001;Notebook;7;3994,27;2759,61;27959,89;8642,62
2023-08-31;Norte;Carlos;Ciro;3003;Placa de Vídeo NVidia;9;4712,17;3667,58;42409,53;9401,31
2022-04-30;Nordeste;Ana;Ciro;2006;WebCam 4k;8;1198,68;669,26;9589,44;4235,36
2022-05-31;Centro-Oeste;Fernanda;Felipe;1005;Headset;1;3099,37;2356,53;3099,37;742,84
2025-07-31;Sudeste;Eduardo;Ciro;3003;Placa de Vídeo NVidia;1;4973,54;2890,0;4973,54;2083,54
2023-07-31;Sudeste;Daniela;Marisa;1005;Headset;8;1631,87;1148,68;13054,96;3865,52
2025-10-31;Nordeste;Eduardo;Felipe;7002;Smartphone;6;3969,67;2013,11;23818,02;11739,36
2024-12-31;Sul;Ana;Felipe;2006;WebCam 4k;3;1536,18;1098,77;4608,54;1312,23
2024-06-30;Nordeste;Eduardo;Manoela;3003;Placa de Vídeo NVidia;1;1499,68;1113,92;1499,68;385,76
2024-04-30;Norte;Bruno;Felipe;7002;Smartphone;3;3400,68;1813,37;10202,04;4761,93
2023-06-30;Sudeste;Ana;Ciro;7002;Smartphone;5;2080,07;1078,2;10400,35;5009,35
2024-11-30;Norte;Carlos;Antonia;7002;Smartphone;3;1150,26;666,54;3450,78;1451,16
2024-07-31;Sudeste;Daniela;João;2006;WebCam 4k;2;528,66;389,48;1057,32;278,36
2022-07-31;Norte;Daniela;Marisa;9001;Notebook;2;1322,03;887,02;2644,06;870,02
2022-11-30;Norte;Ana;Ciro;5004;Monitor;7;3476,74;1805,7;24337,18;11697,28
2022-10-31;Nordeste;Eduardo;Antonia;3003;Placa de Vídeo NVidia;4;1391,88;974,17;5567,52;1670,84
2025-03-31;Norte;Fernanda;Felipe;2006;WebCam 4k;4;577,07;358,92;2308,28;872,6
2024-05-31;Centro-Oeste;Carlos;Manoela;2006;WebCam 4k;4;3486,82;2719,51;13947,28;3069,24
2024-10-31;Sul;Ana;Ciro;2006;WebCam 4k;9;864,43;462,76;7779,87;3615,03
2023-10-31;Centro-Oeste;Carlos;Felipe;1005;Headset;5;2759,86;1444,31;13799,3;6577,75
2025-04-30;Nordeste;Eduardo;Manoela;1005;Headset;3;3526,0;2389,36;10578,0;3409,92
2024-03-31;Nordeste;Eduardo;Antonia;2006;WebCam 4k;1;4863,1;2635,83;4863,1;2227,27
2023-05-31;Nordeste;Fernanda;Manoela;1005;Headset;4;4969,63;3969,58;19878,52;4000,2
2023-05-31;Centro-Oeste;Daniela;Antonia;2006;WebCam 4k;9;2368,95;1618,47;21320,55;6754,32
2023-12-31;Centro-Oeste;Carlos;Marisa;2006;WebCam 4k;3;2602,67;1361,93;7808,01;3722,22
2023-04-30;Sudeste;Ana;Marisa;5004;Monitor;5;4836,36;2607,51;24181,8;11144,25
2023-01-31;Centro-Oeste;Fernanda;Felipe;5004;Monitor;3;3450,93;1986,85;10352,79;4392,24
2022-10-31;Centro-Oeste;Eduardo;Felipe;7002;Smartphone;6;2541,71;1522,69;15250,26;6114,12
2022-07-31;Sul;Bruno;Manoela;5004;Monitor;8;838,38;656,38;6707,04;1456,0
2023-12-31;Norte;Eduardo;Manoela;5004;Monitor;2;4034,38;3194,11;8068,76;1680,54
2022-11-30;Sudeste;Fernanda;Felipe;9001;Notebook;3;3030,94;2063,4;9092,82;2902,62
2022-09-30;Nordeste;Eduardo;Manoela;3003;Placa de Vídeo NVidia;6;2111,02;1321,98;12666,12;4734,24
2025-06-30;Centro-Oeste;Fernanda;Felipe;1005;Headset;3;558,71;356,39;1676,13;606,96
2024-06-30;Sudeste;Fernanda;Marisa;9001;Notebook;7;4697,08;2760,81;32879,56;13553,89
2023-01-31;Nordeste;Ana;Felipe;9001;Notebook;3;895,36;675,48;2686,08;659,64
2025-06-30;Centro-Oeste;Bruno;Felipe;9001;Notebook;6;4846,34;2639,18;29078,04;13242,96
2023-09-30;Norte;Fernanda;Ciro;5004;Monitor;4;2755,63;1382,87;11022,52;5491,04
2023-07-31;Centro-Oeste;Fernanda;João;1005;Headset;4;1827,13;1069,41;7308,52;3030,88
2023-11-30;Sul;Carlos;Manoela;2006;WebCam 4k;5;4812,26;3475,18;24061,3;6685,4
2024-07-31;Sul;Daniela;Manoela;9001;Notebook;3;3219,28;2219,84;9657,84;2998,32
2025-04-30;Nordeste;Daniela;Ciro;5004;Monitor;3;4984,51;3296,24;14953,53;5064,81
2023-03-31;Sudeste;Fernanda;Felipe;5004;Monitor;3;3437,12;2089,22;10311,36;4043,7
2022-10-31;Norte;Fernanda;Marisa;1005;Headset;6;3297,81;2186,64;19786,86;6667,02
2022-01-31;Sudeste;Eduardo;Manoela;1005;Headset;1;2149,88;1599,23;2149,88;550,65
2023-03-31;Sudeste;Eduardo;João;2006;WebCam 4k;9;2960,82;2300,66;26647,38;5941,44
2025-02-28;Sudeste;Eduardo;Ciro;5004;Monitor;9;2462,15;1869,47;22159,35;5334,12
2023-10-31;Centro-Oeste;Eduardo;Manoela;5004;Monitor;5;855,02;665,55;4275,1;947,35
2025-03-31;Norte;Fernanda;João;1005;Headset;6;4906,47;3799,45;29438,82;6642,12
2024-12-31;Sul;Eduardo;Manoela;2006;WebCam 4k;8;4476,58;3407,35;35812,64;8553,84
2025-08-31;Sudeste;Daniela;João;2006;WebCam 4k;2;1490,65;908,36;2981,3;1164,58
2023-05-31;Sul;Ana;Manoela;5004;Monitor;1;4722,81;3187,24;4722,81;1535,57
2023-02-28;Sul;Carlos;Manoela;1005;Headset;5;4537,4;2901,88;22687,0;8177,6
2022-11-30;Centro-Oeste;Eduardo;Marisa;9001;Notebook;8;3540,4;2147,77;28323,2;11141,04
2023-11-30;Sudeste;Daniela;Marisa;9001;Notebook;5;4422,4;3411,82;22112,0;5052,9
2024-06-30;Sudeste;Daniela;Ciro;2006;WebCam 4k;6;1303,04;842,99;7818,24;2760,3
2022-10-31;Norte;Daniela;Felipe;2006;WebCam 4k;3;1692,86;1042,87;5078,58;1949,97
2023-12-31;Sudeste;Bruno;João;7002;Smartphone;4;2547,54;1672,39;10190,16;3500,6
2023-03-31;Norte;Ana;Antonia;2006;WebCam 4k;3;4330,8;2797,84;12992,4;4598,88
2023-05-31;Sul;Carlos;Manoela;3003;Placa de Vídeo NVidia;5;3562,1;1893,01;17810,5;8345,45
2025-04-30;Nordeste;Bruno;Felipe;1005;Headset;7;3492,97;2669,45;24450,79;5764,64
2022-04-30;Norte;Daniela;Ciro;5004;Monitor;6;1221,63;838,82;7329,78;2296,86
2022-03-31;Norte;Daniela;Felipe;9001;Notebook;2;3554,04;2281,2;7108,08;2545,68
2023-03-31;Norte;Carlos;Ciro;3003;Placa de Vídeo NVidia;4;1632,8;862,71;6531,2;3080,36
2022-05-31;Sudeste;Eduardo;Felipe;7002;Smartphone;7;2741,17;1471,91;19188,19;8884,82
2023-01-31;Sul;Fernanda;Marisa;5004;Monitor;7;3645,12;2903,78;25515,84;5189,38
2023-01-31;Sudeste;Fernanda;Marisa;7002;Smartphone;9;1005,81;712,73;9052,29;2637,72
2024-01-31;Norte;Bruno;Ciro;2006;WebCam 4k;4;3586,83;2499,24;14347,32;4350,36
2024-06-30;Norte;Carlos;Ciro;7002;Smartphone;2;1015,95;727,44;2031,9;577,02
2023-02-28;Sudeste;Daniela;Antonia;3003;Placa de Vídeo NVidia;8;3150,39;2452,77;25203,12;5580,96
2024-09-30;Norte;Daniela;Marisa;5004;Monitor;5;3416,88;2085,41;17084,4;6657,35
2023-07-31;Nordeste;Fernanda;Manoela;7002;Smartphone;2;4493,37;2491,24;8986,74;4004,26
2023-06-30;Centro-Oeste;Eduardo;Marisa;2006;WebCam 4k;6;4710,83;2579,58;28264,98;12787,5
2023-05-31;Sudeste;Daniela;Manoela;7002;Smartphone;2;4403,22;3050,09;8806,44;2706,26
2022-11-30;Centro-Oeste;Daniela;Marisa;5004;Monitor;9;3752,87;2299,26;33775,83;13082,49
2025-09-30;Centro-Oeste;Carlos;Marisa;3003;Placa de Vídeo NVidia;1;1296,76;803,43;1296,76;493,33
2024-12-31;Sul;Ana;Marisa;2006;WebCam 4k;7;4870,84;2584,69;34095,88;16003,05
2024-01-31;Norte;Ana;Felipe;9001;Notebook;2;758,7;554,04;1517,4;409,32
2023-11-30;Sul;Carlos;Marisa;7002;Smartphone;6;4727,06;3107,39;28362,36;9718,02
2025-06-30;Nordeste;Daniela;Marisa;3003;Placa de Vídeo NVidia;7;3467,81;2472,99;24274,67;6963,74
2025-05-31;Sul;Ana;Antonia;3003;Placa de Vídeo NVidia;2;2867,92;1713,59;5735,84;2308,66
2022-01-31;Norte;Daniela;Ciro;7002;Smartphone;6;3301,26;2030,64;19807,56;7623,72
2024-02-29;Centro-Oeste;Daniela;João;3003;Placa de Vídeo NVidia;3;4230,43;2211,37;12691,29;6057,18
2023-09-30;Centro-Oeste;Fernanda;Ciro;5004;Monitor;3;4287,19;3376,8;12861,57;2731,17
2025-07-31;Norte;Eduardo;João;9001;Notebook;3;2072,72;1274,62;6218,16;2394,3
2025-05-31;Sul;Fernanda;João;3003;Placa de Vídeo NVidia;5;2849,36;2031,03;14246,8;4091,65
2022-01-31;Sudeste;Bruno;Manoela;1005;Headset;6;4260,34;3140,47;25562,04;6719,22
2023-04-30;Nordeste;Eduardo;Antonia;2006;WebCam 4k;1;1611,52;1093,1;1611,52;518,42
2023-11-30;Centro-Oeste;Bruno;Ciro;9001;Notebook;3;1934,49;1266,63;5803,47;2003,58
2023-04-30;Centro-Oeste;Daniela;Manoela;5004;Monitor;8;4070,33;2531,79;32562,64;12308,32
2025-07-31;Nordeste;Bruno;João;9001;Notebook;2;2117,77;1235,85;4235,54;1763,84
2024-05-31;Sul;Eduardo;Antonia;7002;Smartphone;5;4016,23;2460,22;20081,15;7780,05
2024-07-31;Sudeste;Carlos;Antonia;3003;Placa de Vídeo NVidia;8;546,12;338,46;4368,96;1661,28
2023-08-31;Sudeste;Carlos;Marisa;7002;Smartphone;1;1439,11;873,31;1439,11;565,8
2025-08-31;Sudeste;Fernanda;João;1005;Headset;5;2284,59;1522,38;11422,95;3811,05
2024-03-31;Sul;Carlos;Marisa;7002;Smartphone;1;4414,49;2838,74;4414,49;1575,75
2024-09-30;Sul;Carlos;Antonia;1005;Headset;8;4071,65;2648,9;32573,2;11382,0
2022-06-30;Norte;Bruno;Ciro;7002;Smartphone;5;3077,88;2200,21;15389,4;4388,35
2024-01-31;Norte;Daniela;João;1005;Headset;7;2748,98;2077,18;19242,86;4702,6
2023-11-30;Nordeste;Eduardo;Antonia;7002;Smartphone;6;1832,0;1430,51;10992,0;2408,94
2025-06-30;Norte;Eduardo;Marisa;1005;Headset;5;3452,44;2195,34;17262,2;6285,5
2024-02-29;Nordeste;Ana;Marisa;3003;Placa de Vídeo NVidia;8;3991,74;3108,24;31933,92;7068,0
2022-08-31;Nordeste;Fernanda;Manoela;1005;Headset;5;4971,01;3043,92;24855,05;9635,45
2022-01-31;Sul;Daniela;Antonia;1005;Headset;8;2655,71;2115,12;21245,68;4324,72
2022-10-31;Sudeste;Fernanda;Antonia;3003;Placa de Vídeo NVidia;1;4088,93;2561,68;4088,93;1527,25
2023-10-31;Norte;Daniela;Marisa;3003;Placa de Vídeo NVidia;5;4967,93;3669,35;24839,65;6492,9
2023-05-31;Sudeste;Daniela;Manoela;7002;Smartphone;7;993,49;564,32;6954,43;3004,19
2024-05-31;Norte;Daniela;Ciro;7002;Smartphone;1;2080,43;1093,52;2080,43;986,91
2023-10-31;Sudeste;Bruno;Manoela;7002;Smartphone;7;4650,31;2683,06;32552,17;13770,75
2023-05-31;Centro-Oeste;Ana;João;2006;WebCam 4k;4;2438,05;1679,92;9752,2;3032,52
2023-09-30;Sudeste;Eduardo;Felipe;7002;Smartphone;5;1612,12;1147,07;8060,6;2325,25
2025-04-30;Nordeste;Daniela;Marisa;1005;Headset;8;4558,28;2894,86;36466,24;13307,36
2024-03-31;Nordeste;Ana;Felipe;5004;Monitor;2;4751,41;3715,52;9502,82;2071,78
2024-08-31;Sudeste;Carlos;Ciro;1005;Headset;1;3786,89;2061,51;3786,89;1725,38
2024-06-30;Sudeste;Fernanda;Felipe;3003;Placa de Vídeo NVidia;9;1811,67;970,82;16305,03;7567,65
2025-08-31;Nordeste;Bruno;João;5004;Monitor;6;1672,02;1052,55;10032,12;3716,82
2023-05-31;Sul;Carlos;Marisa;9001;Notebook;8;1064,39;780,65;8515,12;2269,92
2025-02-28;Centro-Oeste;Ana;Ciro;1005;Headset;4;1185,0;764,23;4740,0;1683,08
2024-09-30;Norte;Eduardo;João;7002;Smartphone;3;2926,96;2122,72;8780,88;2412,72
2023-07-31;Centro-Oeste;Carlos;Marisa;7002;Smartphone;2;1424,31;947,85;2848,62;952,92
2023-05-31;Norte;Carlos;João;7002;Smartphone;9;4009,88;2691,8;36088,92;11862,72
2022-12-31;Norte;Ana;Felipe;7002;Smartphone;7;1674,46;979,87;11721,22;4862,13
2024-11-30;Norte;Bruno;Antonia;3003;Placa de Vídeo NVidia;3;4366,31;2850,85;13098,93;4546,38
2025-06-30;Centro-Oeste;Carlos;Manoela;1005;Headset;2;4254,69;2849,6;8509,38;2810,18
2024-10-31;Norte;Fernanda;Antonia;9001;Notebook;2;3985,51;3153,4;7971,02;1664,22
2024-01-31;Sudeste;Fernanda;João;3003;Placa de Vídeo NVidia;5;3603,61;2554,2;18018,05;5247,05
2023-03-31;Nordeste;Bruno;Antonia;2006;WebCam 4k;3;3875,04;2612,56;11625,12;3787,44
2023-01-31;Sul;Carlos;Marisa;3003;Placa de Vídeo NVidia;5;856,62;493,71;4283,1;1814,55
2024-09-30;Centro-Oeste;Eduardo;Marisa;3003;Placa de Vídeo NVidia;2;2233,38;1313,52;4466,76;1839,72
2024-07-31;Sul;Carlos;Antonia;1005;Headset;1;1441,93;834,9;1441,93;607,03
2024-07-31;Sudeste;Fernanda;Antonia;9001;Notebook;9;1177,63;682,38;10598,67;4457,25
2022-02-28;Norte;Daniela;Felipe;5004;Monitor;5;2348,73;1683,33;11743,65;3327,0
2022-10-31;Sudeste;Daniela;Felipe;9001;Notebook;5;3478,26;1751,02;17391,3;8636,2
2023-06-30;Nordeste;Ana;Manoela;3003;Placa de Vídeo NVidia;6;3698,42;2768,68;22190,52;5578,44
2024-10-31;Nordeste;Bruno;Felipe;1005;Headset;2;3283,1;1888,08;6566,2;2790,04
2023-08-31;Norte;Daniela;Ciro;2006;WebCam 4k;7;864,34;646,03;6050,38;1528,17
2024-10-31;Sul;Carlos;Manoela;1005;Headset;4;2507,88;1626,58;10031,52;3525,2
2024-04-30;Nordeste;Fernanda;Ciro;2006;WebCam 4k;7;4868,39;3774,17;34078,73;7659,54
2024-02-29;Sudeste;Fernanda;João;7002;Smartphone;9;4071,74;2362,32;36645,66;15384,78
2023-06-30;Sul;Fernanda;Antonia;1005;Headset;9;1248,46;807,9;11236,14;3965,04
2025-07-31;Norte;Daniela;Manoela;2006;WebCam 4k;9;4358,49;3462,8;39226,41;8061,21
2022-01-31;Centro-Oeste;Daniela;Ciro;3003;Placa de Vídeo NVidia;2;1753,27;992,64;3506,54;1521,26
2024-11-30;Sudeste;Daniela;Felipe;9001;Notebook;5;1201,88;702,73;6009,4;2495,75
2022-09-30;Sul;Daniela;Felipe;1005;Headset;4;3961,08;2441,4;15844,32;6078,72
2023-07-31;Centro-Oeste;Carlos;Felipe;1005;Headset;1;1932,4;1214,89;1932,4;717,51
2022-02-28;Nordeste;Daniela;Ciro;2006;WebCam 4k;8;4902,61;3913,86;39220,88;7910,0
2025-08-31;Nordeste;Daniela;Ciro;7002;Smartphone;7;3098,14;1610,35;21686,98;10414,53
2025-02-28;Centro-Oeste;Ana;Felipe;1005;Headset;3;4415,11;2530,78;13245,33;5652,99
2024-02-29;Sul;Carlos;João;7002;Smartphone;9;1684,33;966,84;15158,97;6457,41
2023-01-31;Sudeste;Daniela;Antonia;5004;Monitor;4;2763,43;1636,01;11053,72;4509,68
2023-12-31;Norte;Ana;João;3003;Placa de Vídeo NVidia;5;1736,27;1028,93;8681,35;3536,7
2022-06-30;Sudeste;Bruno;Felipe;3003;Placa de Vídeo NVidia;5;4325,95;2751,17;21629,75;7873,9
2024-03-31;Sul;Fernanda;Marisa;3003;Placa de Vídeo NVidia;8;709,97;506,41;5679,76;1628,48
2023-02-28;Centro-Oeste;Eduardo;João;9001;Notebook;3;2971,21;1800,14;8913,63;3513,21
2024-07-31;Nordeste;Bruno;Antonia;1005;Headset;1;4362,1;2303,92;4362,1;2058,18
2025-01-31;Nordeste;Fernanda;Antonia;9001;Notebook;5;4352,08;3087,15;21760,4;6324,65
2025-10-31;Centro-Oeste;Fernanda;João;7002;Smartphone;3;2542,87;1812,92;7628,61;2189,85
2024-12-31;Nordeste;Eduardo;Felipe;2006;WebCam 4k;2;2862,33;1755,63;5724,66;2213,4
2022-05-31;Sul;Ana;Ciro;9001;Notebook;4;2619,97;1870,78;10479,88;2996,76
2025-01-31;Sul;Eduardo;Manoela;3003;Placa de Vídeo NVidia;2;642,28;498,58;1284,56;287,4
2023-01-31;Nordeste;Fernanda;Felipe;7002;Smartphone;8;3184,4;2154,66;25475,2;8237,92
2023-08-31;Nordeste;Bruno;Manoela;7002;Smartphone;1;2501,05;1991,06;2501,05;509,99
2022-11-30;Sudeste;Carlos;Ciro;7002;Smartphone;8;4311,86;2826,45;34494,88;11883,28
2024-01-31;Nordeste;Bruno;Marisa;1005;Headset;7;3782,93;2813,42;26480,51;6786,57
2022-11-30;Sudeste;Fernanda;Ciro;1005;Headset;9;3749,93;2779,87;33749,37;8730,54
2025-06-30;Centro-Oeste;Ana;Felipe;9001;Notebook;2;4264,54;2579,7;8529,08;3369,68
2024-02-29;Sul;Eduardo;Ciro;5004;Monitor;3;1147,14;766,87;3441,42;1140,81
2024-12-31;Norte;Eduardo;Ciro;7002;Smartphone;1;2176,57;1233,94;2176,57;942,63
2022-07-31;Sudeste;Bruno;Felipe;5004;Monitor;7;1110,42;788,48;7772,94;2253,58
2024-04-30;Centro-Oeste;Carlos;Marisa;3003;Placa de Vídeo NVidia;7;747,45;531,88;5232,15;1508,99
2023-09-30;Sul;Fernanda;Manoela;9001;Notebook;7;1281,16;1021,74;8968,12;1815,94
2025-07-31;Centro-Oeste;Eduardo;Ciro;3003;Placa de Vídeo NVidia;7;544,98;342,52;3814,86;1417,22
2023-12-31;Norte;Fernanda;Ciro;9001;Notebook;8;3868,5;2576,29;30948,0;10337,68
2024-10-31;Sul;Eduardo;Manoela;7002;Smartphone;4;4960,29;2681,32;19841,16;9115,88
2024-06-30;Nordeste;Carlos;Manoela;7002;Smartphone;6;2039,39;1514,57;12236,34;3148,92
2024-05-31;Sudeste;Ana;Manoela;7002;Smartphone;2;1661,74;934,85;3323,48;1453,78
2022-11-30;Norte;Daniela;Marisa;9001;Notebook;1;2088,1;1447,69;2088,1;640,41
2024-10-31;Sudeste;Bruno;Marisa;2006;WebCam 4k;6;4103,06;2278,65;24618,36;10946,46
2023-08-31;Sul;Carlos;Antonia;1005;Headset;6;923,91;680,92;5543,46;1457,94
2024-05-31;Nordeste;Eduardo;João;7002;Smartphone;9;1109,54;579,61;9985,86;4769,37
2023-01-31;Nordeste;Ana;Felipe;1005;Headset;8;2912,63;2213,68;23301,04;5591,6
2025-10-31;Nordeste;Eduardo;Antonia;3003;Placa de Vídeo NVidia;7;3899,5;3037,54;27296,5;6033,72
2022-04-30;Centro-Oeste;Daniela;Marisa;3003;Placa de Vídeo NVidia;2;1835,25;964,48;3670,5;1741,54
2023-12-31;Nordeste;Eduardo;Antonia;7002;Smartphone;4;724,19;436,58;2896,76;1150,44
2025-07-31;Norte;Ana;João;3003;Placa de Vídeo NVidia;8;2587,94;1977,81;20703,52;4881,04
2023-01-31;Centro-Oeste;Ana;Ciro;2006;WebCam 4k;1;1380,97;841,88;1380,97;539,09
2023-05-31;Sudeste;Bruno;Marisa;9001;Notebook;2;709,11;507,71;1418,22;402,8
2023-05-31;Nordeste;Bruno;Antonia;7002;Smartphone;1;4822,41;2716,81;4822,41;2105,6
2024-01-31;Sul;Ana;Felipe;2006;WebCam 4k;2;2552,12;2037,82;5104,24;1028,6
2024-04-30;Sul;Carlos;Ciro;3003;Placa de Vídeo NVidia;4;2246,92;1537,72;8987,68;2836,8
2022-04-30;Sul;Ana;Felipe;3003;Placa de Vídeo NVidia;8;1382,2;945,12;11057,6;3496,64
2023-05-31;Nordeste;Bruno;Felipe;5004;Monitor;8;3479,55;2259,69;27836,4;9758,88
2025-03-31;Sul;Bruno;Marisa;9001;Notebook;5;704,08;551,9;3520,4;760,9
2022-04-30;Sul;Ana;Ciro;2006;WebCam 4k;5;4653,67;3365,29;23268,35;6441,9
2022-08-31;Sul;Eduardo;Ciro;9001;Notebook;8;821,47;553,83;6571,76;2141,12
2024-06-30;Nordeste;Fernanda;Manoela;2006;WebCam 4k;9;3562,62;2375,52;32063,58;10683,9
2022-06-30;Norte;Carlos;João;9001;Notebook;3;3487,2;2029,94;10461,6;4371,78
2024-07-31;Nordeste;Daniela;Ciro;9001;Notebook;6;2438,45;1278,23;14630,7;6961,32
2025-10-31;Centro-Oeste;Carlos;João;5004;Monitor;8;2119,78;1171,36;16958,24;7587,36
2024-06-30;Norte;Ana;Ciro;3003;Placa de Vídeo NVidia;2;1912,92;1062,38;3825,84;1701,08
2025-05-31;Sul;Fernanda;Antonia;5004;Monitor;6;4712,83;3720,51;28276,98;5953,92
2024-04-30;Sudeste;Eduardo;Antonia;1005;Headset;3;2058,1;1502,46;6174,3;1666,92
2023-06-30;Sul;Fernanda;Marisa;2006;WebCam 4k;3;3394,55;2320,81;10183,65;3221,22
2024-07-31;Sul;Fernanda;Manoela;3003;Placa de Vídeo NVidia;7;3245,38;1967,75;22717,66;8943,41
2025-05-31;Nordeste;Bruno;João;2006;WebCam 4k;6;4125,01;2804,37;24750,06;7923,84
2022-11-30;Nordeste;Fernanda;Felipe;5004;Monitor;9;999,17;590,44;8992,53;3678,57
2023-04-30;Sudeste;Ana;Ciro;3003;Placa de Vídeo NVidia;7;2806,76;2156,05;19647,32;4554,97
2025-02-28;Sudeste;Ana;Ciro;2006;WebCam 4k;9;2876,68;1836,18;25890,12;9364,5
2025-08-31;Nordeste;Carlos;Manoela;7002;Smartphone;3;4309,85;3347,47;12929,55;2887,14
2025-01-31;Nordeste;Eduardo;Antonia;9001;Notebook;3;2438,62;1603,92;7315,86;2504,1
2024-12-31;Norte;Carlos;Marisa;7002;Smartphone;6;3571,89;2100,28;21431,34;8829,66
2025-06-30;Sul;Fernanda;Marisa;1005;Headset;8;4119,25;2687,9;32954,0;11450,8
2023-02-28;Sul;Eduardo;Antonia;3003;Placa de Vídeo NVidia;9;2154,12;1190,98;19387,08;8668,26
2022-09-30;Sudeste;Fernanda;Antonia;7002;Smartphone;1;805,59;489,1;805,59;316,49
2024-03-31;Sudeste;Carlos;João;1005;Headset;9;2890,34;1665,03;26013,06;11027,79
2024-01-31;Centro-Oeste;Fernanda;Felipe;2006;WebCam 4k;3;4273,21;3313,88;12819,63;2877,99
2023-11-30;Sul;Ana;Antonia;5004;Monitor;3;1556,99;984,07;4670,97;1718,76
2023-10-31;Centro-Oeste;Daniela;Ciro;1005;Headset;3;1515,57;1156,33;4546,71;1077,72
2023-07-31;Norte;Daniela;Manoela;5004;Monitor;5;3159,94;1605,18;15799,7;7773,8
2022-04-30;Norte;Daniela;Ciro;5004;Monitor;7;2357,25;1253,2;16500,75;7728,35
2025-06-30;Nordeste;Fernanda;Ciro;1005;Headset;3;1123,75;790,97;3371,25;998,34
2023-02-28;Norte;Ana;Ciro;5004;Monitor;8;3336,11;2146,91;26688,88;9513,6
2022-04-30;Sul;Fernanda;João;7002;Smartphone;7;2486,95;1726,3;17408,65;5324,55
2025-08-31;Centro-Oeste;Fernanda;Ciro;9001;Notebook;9;1153,06;788,73;10377,54;3278,97
2023-05-31;Nordeste;Eduardo;Manoela;3003;Placa de Vídeo NVidia;2;531,24;275,57;1062,48;511,34
2025-08-31;Sul;Bruno;Manoela;3003;Placa de Vídeo NVidia;1;908,59;639,97;908,59;268,62
2023-03-31;Sul;Eduardo;Marisa;7002;Smartphone;2;4872,61;2864,09;9745,22;4017,04
2022-05-31;Sul;Carlos;João;1005;Headset;4;4901,94;2636,39;19607,76;9062,2
2022-02-28;Sul;Bruno;Marisa;3003;Placa de Vídeo NVidia;3;4127,53;2939,91;12382,59;3562,86
2023-02-28;Centro-Oeste;Ana;Ciro;7002;Smartphone;3;4141,07;2383,64;12423,21;5272,29
2025-03-31;Centro-Oeste;Ana;Felipe;1005;Headset;4;2852,06;2034,33;11408,24;3270,92
2025-10-31;Sul;Eduardo;Ciro;3003;Placa de Vídeo NVidia;7;1740,29;1218,6;12182,03;3651,83
2022-07-31;Sul;Eduardo;Antonia;9001;Notebook;6;4562,77;2470,65;27376,62;12552,72
2023-05-31;Nordeste;Ana;Manoela;9001;Notebook;1;3475,11;2773,77;3475,11;701,34
2023-05-31;Centro-Oeste;Eduardo;Felipe;9001;Notebook;6;3468,6;2329,56;20811,6;6834,24
2025-04-30;Norte;Carlos;Manoela;2006;WebCam 4k;6;562,04;439,67;3372,24;734,22
2022-02-28;Sudeste;Daniela;Ciro;5004;Monitor;6;4543,81;3475,78;27262,86;6408,18
2025-01-31;Sudeste;Ana;Manoela;7002;Smartphone;8;2324,18;1836,89;18593,44;3898,32
2023-10-31;Centro-Oeste;Bruno;Ciro;2006;WebCam 4k;9;740,45;453,29;6664,05;2584,44
2024-04-30;Nordeste;Daniela;Marisa;1005;Headset;8;2049,16;1427,16;16393,28;4976,0
2023-04-30;Centro-Oeste;Eduardo;Antonia;3003;Placa de Vídeo NVidia;8;4655,04;3055,44;37240,32;12796,8
2023-09-30;Norte;Bruno;Manoela;3003;Placa de Vídeo NVidia;1;2255,67;1295,39;2255,67;960,28
2023-09-30;Sul;Carlos;Antonia;3003;Placa de Vídeo NVidia;5;1682,38;869,72;8411,9;4063,3
2025-08-31;Centro-Oeste;Fernanda;Manoela;2006;WebCam 4k;5;787,25;531,52;3936,25;1278,65
2022-04-30;Centro-Oeste;Daniela;Ciro;1005;Headset;8;2676,72;1808,34;21413,76;6947,04
2025-03-31;Sul;Carlos;Antonia;5004;Monitor;9;2543,76;2034,4;22893,84;4584,24
2022-05-31;Nordeste;Daniela;Felipe;3003;Placa de Vídeo NVidia;9;4927,44;2807,01;44346,96;19083,87
2025-03-31;Norte;Ana;Ciro;3003;Placa de Vídeo NVidia;4;2916,52;1943,57;11666,08;3891,8
2024-09-30;Norte;Ana;Manoela;5004;Monitor;8;4800,01;2647,7;38400,08;17218,48
2023-06-30;Nordeste;Fernanda;Manoela;1005;Headset;9;3909,53;2667,35;35185,77;11179,62
2022-09-30;Nordeste;Carlos;Manoela;7002;Smartphone;8;1137,4;589,97;9099,2;4379,44
2024-08-31;Sul;Eduardo;Ciro;1005;Headset;4;1280,32;749,27;5121,28;2124,2
2023-11-30;Sul;Fernanda;Manoela;7002;Smartphone;4;1347,61;738,73;5390,44;2435,52
2025-08-31;Nordeste;Carlos;Ciro;2006;WebCam 4k;9;1342,81;985,38;12085,29;3216,87
2024-02-29;Sudeste;Bruno;Antonia;5004;Monitor;2;2359,52;1515,09;4719,04;1688,86
2022-05-31;Nordeste;Bruno;Manoela;7002;Smartphone;3;2217,42;1595,86;6652,26;1864,68
2022-06-30;Norte;Bruno;Ciro;1005;Headset;7;2896,4;1944,13;20274,8;6665,89
2022-05-31;Sudeste;Ana;Marisa;7002;Smartphone;3;3505,76;2018,21;10517,28;4462,65
2024-09-30;Centro-Oeste;Fernanda;Ciro;7002;Smartphone;3;4275,82;2653,12;12827,46;4868,1
2023-10-31;Sul;Ana;Ciro;1005;Headset;5;675,36;443,3;3376,8;1160,3
2023-07-31;Sul;Eduardo;Antonia;2006;WebCam 4k;6;4374,39;3409,42;26246,34;5789,82
2025-01-31;Norte;Daniela;Marisa;5004;Monitor;1;3825,0;2973,29;3825,0;851,71
2024-02-29;Norte;Daniela;Antonia;2006;WebCam 4k;7;1048,85;791,27;7341,95;1803,06
2024-08-31;Norte;Daniela;Ciro;1005;Headset;2;1366,09;910,93;2732,18;910,32
2024-08-31;Nordeste;Daniela;Manoela;1005;Headset;6;4235,69;3248,73;25414,14;5921,76
2022-12-31;Norte;Fernanda;Antonia;2006;WebCam 4k;3;4196,02;3094,55;12588,06;3304,41
2025-01-31;Nordeste;Daniela;Ciro;3003;Placa de Vídeo NVidia;8;3110,47;1935,5;24883,76;9399,76
2023-10-31;Nordeste;Eduardo;Ciro;7002;Smartphone;3;1649,6;992,78;4948,8;1970,46
2025-09-30;Norte;Ana;Felipe;2006;WebCam 4k;4;594,73;416,72;2378,92;712,04
2024-04-30;Sul;Bruno;Manoela;7002;Smartphone;9;1557,75;1177,47;14019,75;3422,52
2024-07-31;Norte;Carlos;Antonia;2006;WebCam 4k;8;1566,64;1001,81;12533,12;4518,64
2025-10-31;Sul;Ana;João;7002;Smartphone;3;3840,23;2620,63;11520,69;3658,8
2022-06-30;Centro-Oeste;Daniela;João;9001;Notebook;1;1660,98;913,54;1660,98;747,44
2022-04-30;Centro-Oeste;Carlos;Antonia;7002;Smartphone;5;1557,28;1025,77;7786,4;2657,55
2024-04-30;Norte;Bruno;Antonia;3003;Placa de Vídeo NVidia;1;2979,6;1750,08;2979,6;1229,52
2024-12-31;Norte;Fernanda;João;7002;Smartphone;3;1216,29;613,79;3648,87;1807,5
2022-07-31;Sudeste;Bruno;Ciro;3003;Placa de Vídeo NVidia;1;2788,79;1946,88;2788,79;841,91
2023-07-31;Centro-Oeste;Carlos;Antonia;7002;Smartphone;8;1711,5;913,28;13692,0;6385,76
2023-09-30;Norte;Bruno;Manoela;7002;Smartphone;9;1444,06;982,52;12996,54;4153,86
2023-08-31;Nordeste;Ana;João;5004;Monitor;7;3279,26;1979,45;22954,82;9098,67
2024-02-29;Nordeste;Fernanda;Felipe;2006;WebCam 4k;7;2295,29;1748,39;16067,03;3828,3
2024-08-31;Nordeste;Daniela;Ciro;9001;Notebook;7;1140,46;825,53;7983,22;2204,51
2024-07-31;Sul;Bruno;Marisa;1005;Headset;9;3993,23;2387,63;35939,07;14450,4
2025-01-31;Sudeste;Carlos;Ciro;3003;Placa de Vídeo NVidia;5;4748,39;2779,54;23741,95;9844,25
2022-04-30;Sul;Fernanda;Marisa;1005;Headset;1;4998,56;3834,12;4998,56;1164,44
2025-05-31;Sudeste;Eduardo;Antonia;3003;Placa de Vídeo NVidia;6;2244,45;1497,36;13466,7;4482,54
2022-02-28;Nordeste;Fernanda;Marisa;9001;Notebook;4;2694,73;1865,26;10778,92;3317,88
2024-12-31;Centro-Oeste;Eduardo;Marisa;7002;Smartphone;5;832,0;490,27;4160,0;1708,65
2022-08-31;Sul;Carlos;Felipe;5004;Monitor;7;714,26;366,76;4999,82;2432,5
2024-12-31;Sudeste;Eduardo;Antonia;9001;Notebook;8;4769,25;3110,95;38154,0;13266,4
2023-03-31;Norte;Eduardo;Felipe;1005;Headset;4;4930,72;2490,0;19722,88;9762,88
2025-09-30;Sul;Fernanda;Marisa;2006;WebCam 4k;1;2034,47;1112,66;2034,47;921,81
2023-11-30;Nordeste;Eduardo;Manoela;7002;Smartphone;6;1561,81;955,51;9370,86;3637,8
2024-09-30;Centro-Oeste;Eduardo;Ciro;7002;Smartphone;7;3250,32;1642,99;22752,24;11251,31
2025-07-31;Centro-Oeste;Daniela;Manoela;3003;Placa de Vídeo NVidia;4;2026,22;1349,64;8104,88;2706,32
2023-09-30;Sudeste;Fernanda;Ciro;5004;Monitor;1;2476,42;1314,46;2476,42;1161,96
2025-03-31;Centro-Oeste;Fernanda;João;3003;Placa de Vídeo NVidia;9;3829,93;2790,97;34469,37;9350,64
2023-03-31;Norte;Ana;Marisa;7002;Smartphone;1;4157,39;3301,2;4157,39;856,19
2024-04-30;Nordeste;Fernanda;Ciro;9001;Notebook;7;1334,26;781,28;9339,82;3870,86
2022-08-31;Sul;Fernanda;Manoela;5004;Monitor;5;2311,31;1209,38;11556,55;5509,65
2024-08-31;Sudeste;Bruno;João;7002;Smartphone;4;4421,46;2643,33;17685,84;7112,52
2023-01-31;Nordeste;Fernanda;Felipe;9001;Notebook;5;614,22;432,69;3071,1;907,65
2024-09-30;Centro-Oeste;Eduardo;Manoela;1005;Headset;3;3624,92;2124,67;10874,76;4500,75
2025-03-31;Sudeste;Eduardo;Marisa;2006;WebCam 4k;3;3501,78;2302,73;10505,34;3597,15
2025-04-30;Sudeste;Daniela;Antonia;5004;Monitor;9;4471,39;2519,69;40242,51;17565,3
2025-05-31;Sudeste;Ana;João;5004;Monitor;5;1797,37;1422,85;8986,85;1872,6
2022-07-31;Norte;Eduardo;Felipe;9001;Notebook;7;1778,41;959,71;12448,87;5730,9
2022-12-31;Sudeste;Ana;Marisa;7002;Smartphone;3;2245,53;1254,0;6736,59;2974,59
2023-12-31;Norte;Daniela;Felipe;3003;Placa de Vídeo NVidia;3;3889,53;3014,07;11668,59;2626,38
2025-04-30;Centro-Oeste;Carlos;João;5004;Monitor;4;3243,94;1656,74;12975,76;6348,8
2023-04-30;Centro-Oeste;Fernanda;João;3003;Placa de Vídeo NVidia;8;3485,21;2164,13;27881,68;10568,64
2022-01-31;Sul;Ana;João;5004;Monitor;2;1068,32;839,41;2136,64;457,82
2023-03-31;Centro-Oeste;Carlos;Manoela;3003;Placa de Vídeo NVidia;3;3224,25;2004,13;9672,75;3660,36
2022-03-31;Nordeste;Fernanda;Felipe;5004;Monitor;1;3176,53;1605,27;3176,53;1571,26
2023-07-31;Centro-Oeste;Carlos;João;2006;WebCam 4k;9;2636,17;2019,24;23725,53;5552,37
2025-02-28;Centro-Oeste;Bruno;Felipe;7002;Smartphone;3;3961,62;2743,91;11884,86;3653,13
2022-04-30;Centro-Oeste;Daniela;Manoela;2006;WebCam 4k;3;4900,96;2705,29;14702,88;6587,01
2024-03-31;Sul;Daniela;Felipe;3003;Placa de Vídeo NVidia;5;1093,04;619,13;5465,2;2369,55
2024-01-31;Norte;Daniela;Ciro;1005;Headset;6;4282,35;3187,58;25694,1;6568,62
2022-09-30;Centro-Oeste;Carlos;João;2006;WebCam 4k;8;1450,2;1155,32;11601,6;2359,04
2022-09-30;Sudeste;Bruno;Antonia;3003;Placa de Vídeo NVidia;5;4956,25;3638,29;24781,25;6589,8
2024-06-30;Nordeste;Fernanda;Marisa;7002;Smartphone;3;3828,25;2600,42;11484,75;3683,49
2022-11-30;Centro-Oeste;Fernanda;Antonia;7002;Smartphone;1;4398,07;2890,95;4398,07;1507,12
2024-04-30;Sul;Eduardo;Marisa;3003;Placa de Vídeo NVidia;6;939,82;576,88;5638,92;2177,64
2025-03-31;Sul;Ana;Ciro;3003;Placa de Vídeo NVidia;4;1868,43;1481,63;7473,72;1547,2
2023-12-31;Sul;Eduardo;Antonia;9001;Notebook;4;1503,74;770,45;6014,96;2933,16
2023-02-28;Norte;Eduardo;Antonia;1005;Headset;1;4608,47;3002,64;4608,47;1605,83
2025-06-30;Sul;Bruno;João;5004;Monitor;7;1195,32;848,7;8367,24;2426,34
2024-05-31;Sudeste;Bruno;João;2006;WebCam 4k;9;809,69;604,81;7287,21;1843,92
2022-04-30;Centro-Oeste;Carlos;João;5004;Monitor;2;2024,99;1197,12;4049,98;1655,74
2022-01-31;Sudeste;Daniela;Ciro;1005;Headset;8;568,43;391,31;4547,44;1416,96
2022-01-31;Sudeste;Carlos;Ciro;7002;Smartphone;2;1678,41;1291,42;3356,82;773,98
2022-12-31;Nordeste;Bruno;Marisa;3003;Placa de Vídeo NVidia;7;1895,79;1182,3;13270,53;4994,43
2024-09-30;Norte;Daniela;Manoela;5004;Monitor;3;4316,48;2615,21;12949,44;5103,81
2023-02-28;Norte;Carlos;Antonia;3003;Placa de Vídeo NVidia;2;3988,01;2568,28;7976,02;2839,46
2025-08-31;Sul;Carlos;Manoela;5004;Monitor;3;4050,56;3202,3;12151,68;2544,78
2023-05-31;Centro-Oeste;Bruno;Felipe;7002;Smartphone;6;4900,28;2519,8;29401,68;14282,88
2023-01-31;Sul;Fernanda;Felipe;3003;Placa de Vídeo NVidia;3;4385,74;3377,87;13157,22;3023,61
2025-01-31;Norte;Eduardo;Marisa;3003;Placa de Vídeo NVidia;3;992,64;597,07;2977,92;1186,71
2022-04-30;Sul;Fernanda;Ciro;5004;Monitor;2;4245,21;2919,17;8490,42;2652,08
2025-08-31;Sul;Carlos;Manoela;1005;Headset;2;3819,28;2144,71;7638,56;3349,14
2024-03-31;Sudeste;Ana;Felipe;9001;Notebook;4;2963,37;2326,02;11853,48;2549,4
2024-10-31;Norte;Carlos;João;2006;WebCam 4k;8;3722,51;2322,75;29780,08;11198,08
2024-08-31;Norte;Carlos;Marisa;5004;Monitor;1;4851,13;2542,18;4851,13;2308,95
2023-05-31;Norte;Daniela;Ciro;2006;WebCam 4k;1;4141,5;2390,13;4141,5;1751,37
2023-11-30;Nordeste;Daniela;Manoela;3003;Placa de Vídeo NVidia;9;3643,16;2716,86;32788,44;8336,7
2023-09-30;Centro-Oeste;Ana;Ciro;1005;Headset;9;1985,39;1414,34;17868,51;5139,45
2024-12-31;Norte;Daniela;Manoela;5004;Monitor;4;1636,35;830,97;6545,4;3221,52
2025-08-31;Nordeste;Carlos;Antonia;5004;Monitor;6;3968,23;2625,72;23809,38;8055,06
2023-08-31;Sudeste;Eduardo;Antonia;1005;Headset;2;1841,19;1189,15;3682,38;1304,08
2023-11-30;Centro-Oeste;Eduardo;Ciro;3003;Placa de Vídeo NVidia;6;4509,26;2620,28;27055,56;11333,88
2022-03-31;Norte;Ana;Antonia;7002;Smartphone;9;3607,59;2290,72;32468,31;11851,83
2024-01-31;Sudeste;Fernanda;Manoela;3003;Placa de Vídeo NVidia;2;4147,85;3046,03;8295,7;2203,64
2025-02-28;Sul;Bruno;Felipe;1005;Headset;7;3597,41;2063,17;25181,87;10739,68
2025-02-28;Nordeste;Bruno;Ciro;9001;Notebook;7;2251,45;1278,09;15760,15;6813,52
2022-11-30;Sudeste;Fernanda;Manoela;9001;Notebook;7;2817,49;1686,98;19722,43;7913,57
2024-02-29;Norte;Carlos;Marisa;3003;Placa de Vídeo NVidia;6;911,89;460,71;5471,34;2707,08
2023-06-30;Sudeste;Daniela;João;3003;Placa de Vídeo NVidia;8;2877,92;1497,24;23023,36;11045,44
2025-03-31;Norte;Bruno;Ciro;3003;Placa de Vídeo NVidia;7;4145,97;2931,74;29021,79;8499,61
2022-02-28;Sudeste;Daniela;João;3003;Placa de Vídeo NVidia;3;3869,01;2443,49;11607,03;4276,56
2023-10-31;Sul;Bruno;Ciro;2006;WebCam 4k;1;3481,08;2493,42;3481,08;987,66
2024-12-31;Nordeste;Ana;Marisa;3003;Placa de Vídeo NVidia;2;3472,12;2563,6;6944,24;1817,04
2023-02-28;Norte;Fernanda;João;2006;WebCam 4k;9;723,48;569,03;6511,32;1390,05
2025-01-31;Norte;Carlos;João;3003;Placa de Vídeo NVidia;1;2107,49;1676,77;2107,49;430,72
2023-07-31;Sudeste;Bruno;Marisa;7002;Smartphone;7;520,53;410,87;3643,71;767,62
2025-10-31;Nordeste;Carlos;Antonia;1005;Headset;3;4446,95;3165,64;13340,85;3843,93
2025-02-28;Nordeste;Daniela;Felipe;7002;Smartphone;4;2109,73;1075,09;8438,92;4138,56
2024-03-31;Centro-Oeste;Ana;Manoela;3003;Placa de Vídeo NVidia;3;3182,32;1996,3;9546,96;3558,06
2024-12-31;Sul;Fernanda;Ciro;5004;Monitor;1;4486,27;2626,87;4486,27;1859,4
2024-02-29;Norte;Eduardo;Antonia;9001;Notebook;1;996,5;587,97;996,5;408,53
2022-02-28;Sul;Ana;Felipe;3003;Placa de Vídeo NVidia;7;3577,72;2637,49;25044,04;6581,61
2024-02-29;Sul;Bruno;João;9001;Notebook;9;4792,07;2602,39;43128,63;19707,12
2022-07-31;Nordeste;Daniela;João;2006;WebCam 4k;5;2931,82;2057,29;14659,1;4372,65
2022-07-31;Centro-Oeste;Fernanda;Felipe;1005;Headset;9;2784,61;1946,55;25061,49;7542,54
2024-07-31;Nordeste;Daniela;João;3003;Placa de Vídeo NVidia;3;797,51;561,13;2392,53;709,14
2023-01-31;Sul;Ana;Manoela;9001;Notebook;3;4906,0;2576,61;14718,0;6988,17
2023-10-31;Norte;Daniela;Manoela;1005;Headset;7;2767,75;2034,65;19374,25;5131,7
2022-03-31;Sul;Eduardo;Antonia;7002;Smartphone;9;4398,96;2443,52;39590,64;17598,96
2022-05-31;Nordeste;Fernanda;Manoela;1005;Headset;1;1322,86;901,53;1322,86;421,33
2022-03-31;Sul;Carlos;Manoela;2006;WebCam 4k;9;625,33;415,79;5627,97;1885,86
2023-08-31;Norte;Daniela;Ciro;9001;Notebook;8;3944,23;2537,23;31553,84;11256,0
2024-04-30;Sudeste;Bruno;Marisa;2006;WebCam 4k;9;714,86;423,9;6433,74;2618,64
2024-08-31;Nordeste;Bruno;Felipe;2006;WebCam 4k;3;4574,18;3568,95;13722,54;3015,69
2023-05-31;Sul;Daniela;Felipe;7002;Smartphone;4;2311,6;1525,13;9246,4;3145,88
2024-11-30;Norte;Carlos;Marisa;9001;Notebook;1;1733,66;1007,34;1733,66;726,32
2022-02-28;Sul;Carlos;João;9001;Notebook;2;4052,76;3055,63;8105,52;1994,26
2025-04-30;Centro-Oeste;Ana;Manoela;1005;Headset;9;1863,2;1123,67;16768,8;6655,77
2025-02-28;Nordeste;Bruno;Ciro;7002;Smartphone;1;1932,98;1081,32;1932,98;851,66
2024-02-29;Sudeste;Bruno;Manoela;3003;Placa de Vídeo NVidia;3;1828,87;1230,9;5486,61;1793,91
2024-02-29;Sul;Bruno;Marisa;5004;Monitor;4;2836,06;1904,22;11344,24;3727,36
2023-10-31;Norte;Bruno;Manoela;7002;Smartphone;1;1345,34;818,08;1345,34;527,26
2022-05-31;Norte;Bruno;Ciro;9001;Notebook;3;1013,7;808,39;3041,1;615,93
2025-05-31;Sul;Ana;Felipe;3003;Placa de Vídeo NVidia;3;3070,05;1715,05;9210,15;4065,0
2023-10-31;Sudeste;Carlos;Felipe;3003;Placa de Vídeo NVidia;6;4797,01;3597,07;28782,06;7199,64
2022-03-31;Norte;Bruno;Marisa;7002;Smartphone;8;4864,06;2727,1;38912,48;17095,68
2024-01-31;Norte;Bruno;Ciro;7002;Smartphone;3;2855,93;1814,65;8567,79;3123,84
2022-12-31;Centro-Oeste;Daniela;João;2006;WebCam 4k;3;2958,16;1589,62;8874,48;4105,62
2024-02-29;Sudeste;Carlos;Manoela;7002;Smartphone;3;3135,59;2088,82;9406,77;3140,31
2025-05-31;Sul;Daniela;Felipe;9001;Notebook;1;973,78;561,41;973,78;412,37
2025-01-31;Norte;Fernanda;Manoela;9001;Notebook;1;4341,34;2209,78;4341,34;2131,56
2023-02-28;Sul;Carlos;Ciro;1005;Headset;2;2045,02;1516,71;4090,04;1056,62
2022-05-31;Sul;Daniela;Manoela;9001;Notebook;3;2098,86;1075,7;6296,58;3069,48
2023-06-30;Nordeste;Carlos;Ciro;2006;WebCam 4k;6;2510,38;1844,02;15062,28;3998,16
2025-09-30;Norte;Ana;Antonia;5004;Monitor;8;1969,92;1452,52;15759,36;4139,2
2024-01-31;Centro-Oeste;Fernanda;Manoela;7002;Smartphone;6;2205,33;1139,46;13231,98;6395,22
2024-12-31;Sul;Fernanda;Ciro;7002;Smartphone;6;3404,73;1980,07;20428,38;8547,96
2024-02-29;Norte;Bruno;Marisa;1005;Headset;9;2374,38;1559,11;21369,42;7337,43
2024-01-31;Sudeste;Ana;Felipe;2006;WebCam 4k;3;2800,21;2138,56;8400,63;1984,95
2023-02-28;Centro-Oeste;Bruno;Antonia;9001;Notebook;8;2530,79;1373,42;20246,32;9258,96
2024-10-31;Sul;Ana;Manoela;7002;Smartphone;7;924,65;722,41;6472,55;1415,68
2022-08-31;Sudeste;Fernanda;Manoela;5004;Monitor;9;1576,5;1138,6;14188,5;3941,1
2023-01-31;Sudeste;Eduardo;Manoela;5004;Monitor;7;4497,18;3249,64;31480,26;8732,78
2022-09-30;Centro-Oeste;Ana;Felipe;5004;Monitor;5;4171,79;2195,74;20858,95;9880,25
2025-05-31;Sudeste;Bruno;João;5004;Monitor;6;915,91;713,21;5495,46;1216,2
2022-09-30;Nordeste;Bruno;João;5004;Monitor;5;523,69;388,97;2618,45;673,6
2022-09-30;Sul;Fernanda;João;9001;Notebook;5;1629,02;1159,14;8145,1;2349,4
2022-11-30;Centro-Oeste;Eduardo;João;7002;Smartphone;4;2118,93;1346,64;8475,72;3089,16
2024-09-30;Sudeste;Eduardo;Antonia;9001;Notebook;2;2184,08;1355,72;4368,16;1656,72
2024-10-31;Centro-Oeste;Eduardo;Antonia;3003;Placa de Vídeo NVidia;3;839,45;507,95;2518,35;994,5
2022-02-28;Sudeste;Bruno;Felipe;3003;Placa de Vídeo NVidia;4;2572,57;1478,72;10290,28;4375,4
2024-10-31;Nordeste;Ana;Antonia;3003;Placa de Vídeo NVidia;7;4867,39;2938,39;34071,73;13503,0
2024-06-30;Nordeste;Ana;Felipe;5004;Monitor;6;921,93;724,5;5531,58;1184,58
2022-02-28;Norte;Daniela;Marisa;1005;Headset;8;2115,08;1628,89;16920,64;3889,52
2025-09-30;Centro-Oeste;Fernanda;Ciro;9001;Notebook;2;2617,68;1965,31;5235,36;1304,74
2025-05-31;Norte;Fernanda;Manoela;3003;Placa de Vídeo NVidia;3;1253,74;786,04;3761,22;1403,1
2024-01-31;Sul;Eduardo;Marisa;9001;Notebook;3;2069,93;1221,23;6209,79;2546,1
2024-10-31;Sul;Eduardo;João;2006;WebCam 4k;2;4244,0;3287,11;8488,0;1913,78
2025-01-31;Sudeste;Carlos;João;2006;WebCam 4k;2;4713,16;2928,46;9426,32;3569,4
2025-06-30;Sul;Eduardo;Marisa;3003;Placa de Vídeo NVidia;8;1677,1;1152,01;13416,8;4200,72
2024-12-31;Centro-Oeste;Fernanda;Felipe;1005;Headset;4;1861,78;1416,65;7447,12;1780,52
2025-02-28;Sul;Bruno;Manoela;1005;Headset;8;1090,38;703,34;8723,04;3096,32
2023-03-31;Sul;Fernanda;Antonia;2006;WebCam 4k;3;4180,46;2571,44;12541,38;4827,06
2023-12-31;Nordeste;Fernanda;Ciro;2006;WebCam 4k;9;1352,39;738,66;12171,51;5523,57
2024-04-30;Sudeste;Eduardo;Ciro;2006;WebCam 4k;9;1115,24;883,74;10037,16;2083,5
2025-04-30;Sudeste;Eduardo;Marisa;2006;WebCam 4k;5;1912,18;1023,01;9560,9;4445,85
2023-11-30;Norte;Daniela;Marisa;2006;WebCam 4k;4;2036,96;1172,42;8147,84;3458,16
2024-04-30;Sudeste;Fernanda;Marisa;7002;Smartphone;1;1265,14;671,24;1265,14;593,9
2022-08-31;Norte;Carlos;Manoela;5004;Monitor;9;687,48;453,6;6187,32;2104,92
2024-06-30;Nordeste;Carlos;Felipe;5004;Monitor;4;3208,61;2420,16;12834,44;3153,8
2024-12-31;Sudeste;Bruno;Ciro;3003;Placa de Vídeo NVidia;6;3404,26;1978,56;20425,56;8554,2
2023-11-30;Centro-Oeste;Eduardo;Ciro;5004;Monitor;2;1157,99;828,83;2315,98;658,32
2025-03-31;Norte;Fernanda;João;3003;Placa de Vídeo NVidia;6;1146,92;731,57;6881,52;2492,1
2022-08-31;Sudeste;Ana;João;5004;Monitor;1;2055,29;1537,1;2055,29;518,19
2025-04-30;Centro-Oeste;Ana;Ciro;7002;Smartphone;6;1957,14;1379,66;11742,84;3464,88
2025-10-31;Centro-Oeste;Fernanda;Ciro;5004;Monitor;1;1569,71;1070,55;1569,71;499,16
2025-10-31;Nordeste;Ana;João;1005;Headset;4;3769,58;2478,43;15078,32;5164,6
2024-04-30;Centro-Oeste;Fernanda;Ciro;5004;Monitor;7;3815,63;2063,1;26709,41;12267,71
2023-01-31;Sul;Fernanda;Antonia;7002;Smartphone;2;2078,87;1501,44;4157,74;1154,86
2023-04-30;Sul;Eduardo;Ciro;3003;Placa de Vídeo NVidia;7;4496,36;3146,96;31474,52;9445,8
2023-08-31;Nordeste;Fernanda;Manoela;9001;Notebook;5;509,78;307,58;2548,9;1011,0
2022-02-28;Sudeste;Daniela;Felipe;7002;Smartphone;5;4926,0;3222,16;24630,0;8519,2
2024-06-30;Sul;Fernanda;Felipe;1005;Headset;9;4517,37;3511,82;40656,33;9049,95
2022-04-30;Sul;Eduardo;Ciro;3003;Placa de Vídeo NVidia;5;845,28;665,03;4226,4;901,25
2023-03-31;Nordeste;Ana;Ciro;3003;Placa de Vídeo NVidia;5;2483,52;1243,67;12417,6;6199,25
2024-12-31;Sul;Daniela;Felipe;5004;Monitor;8;4081,13;2274,41;32649,04;14453,76
2025-01-31;Sul;Ana;Manoela;2006;WebCam 4k;5;1442,65;1075,12;7213,25;1837,65
2022-12-31;Norte;Bruno;João;3003;Placa de Vídeo NVidia;4;3556,02;2063,29;14224,08;5970,92
2023-01-31;Norte;Bruno;João;3003;Placa de Vídeo NVidia;9;4543,32;3212,97;40889,88;11973,15
2022-05-31;Nordeste;Eduardo;Ciro;7002;Smartphone;6;2404,03;1740,68;14424,18;3980,1
2024-04-30;Nordeste;Bruno;Antonia;2006;WebCam 4k;4;4172,41;2978,73;16689,64;4774,72
2024-08-31;Nordeste;Ana;Ciro;1005;Headset;9;634,09;427,89;5706,81;1855,8
2024-11-30;Sudeste;Bruno;Antonia;1005;Headset;9;2913,54;2110,48;26221,86;7227,54
2024-04-30;Norte;Carlos;Manoela;7002;Smartphone;2;1367,44;971,95;2734,88;790,98
2022-11-30;Nordeste;Fernanda;Manoela;3003;Placa de Vídeo NVidia;8;4109,71;3179,21;32877,68;7444,0
2025-02-28;Norte;Fernanda;João;3003;Placa de Vídeo NVidia;6;4747,4;2611,51;28484,4;12815,34
2024-11-30;Nordeste;Eduardo;Manoela;2006;WebCam 4k;6;2856,1;1501,13;17136,6;8129,82
2023-12-31;Nordeste;Eduardo;Ciro;3003;Placa de Vídeo NVidia;1;3267,98;2351,53;3267,98;916,45
2025-04-30;Norte;Ana;Ciro;2006;WebCam 4k;5;3497,35;2532,84;17486,75;4822,55
2022-03-31;Nordeste;Eduardo;Felipe;2006;WebCam 4k;5;3132,93;1950,41;15664,65;5912,6
2023-02-28;Centro-Oeste;Ana;Manoela;3003;Placa de Vídeo NVidia;6;1159,91;871,95;6959,46;1727,76
2024-05-31;Nordeste;Fernanda;Ciro;9001;Notebook;3;571,3;356,35;1713,9;644,85
2025-08-31;Nordeste;Fernanda;Felipe;1005;Headset;7;3434,68;2477,86;24042,76;6697,74
2022-08-31;Sudeste;Ana;Ciro;9001;Notebook;1;4141,22;2696,68;4141,22;1444,54
2023-04-30;Sudeste;Daniela;Marisa;9001;Notebook;1;3871,83;2573,05;3871,83;1298,78
2023-06-30;Norte;Carlos;Ciro;9001;Notebook;7;1286,77;995,83;9007,39;2036,58
2022-04-30;Norte;Ana;Marisa;5004;Monitor;1;4915,92;3676,0;4915,92;1239,92
2024-07-31;Nordeste;Fernanda;Felipe;2006;WebCam 4k;8;4773,2;2715,43;38185,6;16462,16
2025-01-31;Sul;Daniela;Ciro;2006;WebCam 4k;4;3952,29;2434,01;15809,16;6073,12
2024-07-31;Nordeste;Daniela;Antonia;7002;Smartphone;8;3271,89;1798,94;26175,12;11783,6
2023-06-30;Norte;Eduardo;Antonia;5004;Monitor;8;4101,66;2504,47;32813,28;12777,52
2024-02-29;Norte;Carlos;Ciro;1005;Headset;2;1563,1;1177,98;3126,2;770,24
2024-02-29;Sul;Fernanda;Felipe;7002;Smartphone;1;2411,19;1492,03;2411,19;919,16
2024-04-30;Sul;Eduardo;Antonia;9001;Notebook;6;2288,78;1520,73;13732,68;4608,3
2025-09-30;Centro-Oeste;Fernanda;João;9001;Notebook;1;2499,28;1306,15;2499,28;1193,13
2024-03-31;Sudeste;Ana;Manoela;2006;WebCam 4k;3;4952,24;3616,56;14856,72;4007,04
2025-03-31;Sul;Daniela;Marisa;9001;Notebook;7;4638,96;3466,12;32472,72;8209,88
2022-10-31;Nordeste;Fernanda;Ciro;7002;Smartphone;7;3531,69;2130,36;24721,83;9809,31
2023-11-30;Sudeste;Daniela;Antonia;2006;WebCam 4k;5;1494,68;1010,47;7473,4;2421,05
2022-02-28;Centro-Oeste;Carlos;Marisa;1005;Headset;6;4986,48;3825,95;29918,88;6963,18
2022-07-31;Sudeste;Fernanda;Manoela;5004;Monitor;3;3704,61;2324,02;11113,83;4141,77
2024-02-29;Sul;Fernanda;Ciro;9001;Notebook;6;662,49;467,28;3974,94;1171,26
2022-07-31;Nordeste;Carlos;Antonia;3003;Placa de Vídeo NVidia;6;570,03;412,57;3420,18;944,76
2023-12-31;Nordeste;Carlos;Felipe;9001;Notebook;1;4948,68;3814,89;4948,68;1133,79
2023-12-31;Nordeste;Bruno;Manoela;2006;WebCam 4k;5;1800,65;1354,77;9003,25;2229,4
2025-07-31;Sul;Bruno;Ciro;2006;WebCam 4k;9;816,8;491,85;7351,2;2924,55
2024-10-31;Nordeste;Bruno;Manoela;1005;Headset;5;2632,99;2082,6;13164,95;2751,95
2022-04-30;Sudeste;Eduardo;Marisa;2006;WebCam 4k;7;3264,51;1714,62;22851,57;10849,23
2025-03-31;Nordeste;Ana;Marisa;3003;Placa de Vídeo NVidia;7;2951,88;1591,11;20663,16;9525,39
2024-07-31;Sul;Ana;Marisa;3003;Placa de Vídeo NVidia;4;1636,82;1182,69;6547,28;1816,52
2022-06-30;Sudeste;Ana;Marisa;7002;Smartphone;5;600,17;301,87;3000,85;1491,5
2022-09-30;Centro-Oeste;Fernanda;Antonia;2006;WebCam 4k;9;1129,39;846,76;10164,51;2543,67
2022-12-31;Norte;Daniela;Antonia;5004;Monitor;6;3765,58;2539,53;22593,48;7356,3
2025-07-31;Centro-Oeste;Eduardo;Manoela;2006;WebCam 4k;6;4980,02;3047,73;29880,12;11593,74
2022-01-31;Norte;Fernanda;Manoela;9001;Notebook;9;4216,84;3191,75;37951,56;9225,81
2022-05-31;Centro-Oeste;Daniela;Felipe;1005;Headset;2;2143,83;1652,07;4287,66;983,52
2023-03-31;Sudeste;Daniela;Antonia;3003;Placa de Vídeo NVidia;4;1155,6;712,73;4622,4;1771,48
2024-03-31;Centro-Oeste;Daniela;Manoela;9001;Notebook;5;2059,7;1476,13;10298,5;2917,85
2025-03-31;Centro-Oeste;Bruno;Marisa;9001;Notebook;9;3530,47;1788,91;31774,23;15674,04
2022-09-30;Norte;Eduardo;Ciro;7002;Smartphone;6;1646,52;1299,5;9879,12;2082,12
2022-05-31;Sudeste;Eduardo;Marisa;1005;Headset;9;2659,83;2061,14;23938,47;5388,21
2025-05-31;Nordeste;Carlos;Antonia;2006;WebCam 4k;1;2263,71;1371,75;2263,71;891,96
2024-07-31;Nordeste;Carlos;Ciro;7002;Smartphone;3;1537,04;1034,55;4611,12;1507,47
2025-05-31;Nordeste;Ana;Ciro;5004;Monitor;4;1413,17;968,76;5652,68;1777,64
2022-08-31;Centro-Oeste;Bruno;Felipe;5004;Monitor;6;2342,83;1269,39;14056,98;6440,64
2023-10-31;Centro-Oeste;Ana;Felipe;1005;Headset;7;3365,95;2128,12;23561,65;8664,81
2025-02-28;Centro-Oeste;Eduardo;João;9001;Notebook;8;3580,95;2099,55;28647,6;11851,2
2024-08-31;Sudeste;Ana;Ciro;2006;WebCam 4k;5;4696,66;3741,13;23483,3;4777,65
2023-08-31;Centro-Oeste;Fernanda;Ciro;1005;Headset;6;4329,17;3449,03;25975,02;5280,84
2024-02-29;Norte;Fernanda;Ciro;5004;Monitor;6;3951,45;2878,92;23708,7;6435,18
2023-05-31;Centro-Oeste;Bruno;Antonia;9001;Notebook;4;3918,0;2086,12;15672,0;7327,52
2025-01-31;Sudeste;Fernanda;Antonia;2006;WebCam 4k;5;805,75;639,58;4028,75;830,85
2024-09-30;Sul;Eduardo;Felipe;7002;Smartphone;9;560,72;343,08;5046,48;1958,76
2024-08-31;Sudeste;Fernanda;Manoela;2006;WebCam 4k;6;2423,84;1848,33;14543,04;3453,06
2024-12-31;Sul;Carlos;Ciro;1005;Headset;9;1963,69;1311,84;17673,21;5866,65
2023-08-31;Sul;Ana;Antonia;9001;Notebook;8;3217,44;2475,32;25739,52;5936,96
2022-03-31;Nordeste;Ana;Ciro;7002;Smartphone;4;4329,42;2926,43;17317,68;5611,96
2022-03-31;Centro-Oeste;Daniela;João;9001;Notebook;9;4300,48;3280,22;38704,32;9182,34
2025-01-31;Sudeste;Carlos;Marisa;1005;Headset;5;1508,71;972,92;7543,55;2678,95
2022-10-31;Sudeste;Fernanda;João;1005;Headset;2;3284,39;2384,32;6568,78;1800,14
2022-07-31;Sul;Ana;Marisa;5004;Monitor;9;880,74;481,89;7926,66;3589,65
2024-02-29;Nordeste;Carlos;Felipe;9001;Notebook;9;3694,68;2952,04;33252,12;6683,76
2025-01-31;Centro-Oeste;Bruno;Marisa;9001;Notebook;7;1103,87;671,01;7727,09;3030,02
2025-03-31;Sul;Eduardo;Ciro;7002;Smartphone;2;4496,58;2757,8;8993,16;3477,56
2024-04-30;Norte;Carlos;Marisa;7002;Smartphone;5;2591,39;1765,57;12956,95;4129,1
2022-09-30;Norte;Eduardo;Antonia;7002;Smartphone;1;2037,09;1206,92;2037,09;830,17
2022-06-30;Sudeste;Daniela;Felipe;9001;Notebook;9;3671,16;2164,37;33040,44;13561,11
2023-09-30;Norte;Eduardo;Felipe;1005;Headset;2;2178,76;1592,45;4357,52;1172,62
2024-03-31;Nordeste;Bruno;Antonia;2006;WebCam 4k;1;2483,32;1896,98;2483,32;586,34
2022-10-31;Centro-Oeste;Ana;Felipe;7002;Smartphone;7;1907,03;1425,94;13349,21;3367,63
2023-01-31;Nordeste;Eduardo;Ciro;1005;Headset;5;2378,76;1762,33;11893,8;3082,15
2024-12-31;Sudeste;Daniela;João;5004;Monitor;1;3502,12;1855,21;3502,12;1646,91
2025-04-30;Nordeste;Ana;João;1005;Headset;4;3320,23;2540,59;13280,92;3118,56
2022-07-31;Sudeste;Bruno;Antonia;3003;Placa de Vídeo NVidia;2;2324,9;1600,75;4649,8;1448,3
2025-06-30;Sudeste;Bruno;Marisa;5004;Monitor;8;3938,18;2235,32;31505,44;13622,88
2023-08-31;Centro-Oeste;Eduardo;Marisa;1005;Headset;4;4045,39;2352,96;16181,56;6769,72
2022-07-31;Sul;Ana;Marisa;3003;Placa de Vídeo NVidia;6;1683,29;1299,06;10099,74;2305,38
2022-09-30;Nordeste;Carlos;João;9001;Notebook;8;1641,55;839,4;13132,4;6417,2
2024-05-31;Nordeste;Eduardo;Antonia;2006;WebCam 4k;8;3766,54;2158,8;30132,32;12861,92
2025-01-31;Nordeste;Ana;João;1005;Headset;6;4956,75;3477,23;29740,5;8877,12
2024-03-31;Sudeste;Eduardo;João;5004;Monitor;1;2649,3;1510,02;2649,3;1139,28
2025-08-31;Norte;Ana;Manoela;1005;Headset;4;3015,93;1671,63;12063,72;5377,2
2025-08-31;Nordeste;Daniela;João;5004;Monitor;2;4588,74;3409,28;9177,48;2358,92
2023-10-31;Sul;Bruno;João;7002;Smartphone;5;1378,47;1042,29;6892,35;1680,9
2025-07-31;Sudeste;Bruno;Marisa;2006;WebCam 4k;2;1156,23;712,03;2312,46;888,4
2022-07-31;Sudeste;Daniela;Antonia;9001;Notebook;2;1664,84;1211,76;3329,68;906,16
2022-06-30;Centro-Oeste;Ana;Antonia;1005;Headset;4;3877,15;2069,8;15508,6;7229,4
2025-05-31;Centro-Oeste;Eduardo;Antonia;5004;Monitor;7;2811,05;1490,59;19677,35;9243,22
2025-01-31;Sul;Bruno;Manoela;7002;Smartphone;1;817,35;576,74;817,35;240,61
2022-02-28;Norte;Eduardo;Antonia;5004;Monitor;2;3862,5;2332,35;7725,0;3060,3
2023-11-30;Sul;Eduardo;Manoela;3003;Placa de Vídeo NVidia;2;1590,98;884,99;3181,96;1411,98
2025-04-30;Centro-Oeste;Daniela;Felipe;1005;Headset;7;1604,38;1267,15;11230,66;2360,61
2023-03-31;Sudeste;Ana;Antonia;2006;WebCam 4k;1;2865,62;2061,37;2865,62;804,25
2024-02-29;Norte;Daniela;Ciro;3003;Placa de Vídeo NVidia;5;2909,28;1562,96;14546,4;6731,6
2022-07-31;Centro-Oeste;Carlos;Ciro;9001;Notebook;4;3659,8;2803,87;14639,2;3423,72
2025-10-31;Sul;Ana;Felipe;1005;Headset;2;2623,72;1932,93;5247,44;1381,58
2025-05-31;Sul;Ana;João;7002;Smartphone;2;3478,72;2241,85;6957,44;2473,74
2022-08-31;Sudeste;Daniela;João;9001;Notebook;2;2203,7;1329,33;4407,4;1748,74
2024-09-30;Norte;Bruno;Antonia;5004;Monitor;2;4892,01;2463,63;9784,02;4856,76
2023-09-30;Nordeste;Eduardo;Felipe;3003;Placa de Vídeo NVidia;3;3177,67;2271,74;9533,01;2717,79
2024-02-29;Sudeste;Fernanda;Ciro;2006;WebCam 4k;6;2099,21;1518,5;12595,26;3484,26
2023-06-30;Centro-Oeste;Fernanda;Ciro;9001;Notebook;9;2982,18;2285,25;26839,62;6272,37
2022-09-30;Sul;Fernanda;Manoela;7002;Smartphone;2;3992,17;2757,92;7984,34;2468,5
2025-03-31;Sul;Ana;Marisa;9001;Notebook;5;3436,41;1822,2;17182,05;8071,05
2023-03-31;Norte;Daniela;Ciro;2006;WebCam 4k;7;4955,45;3042,85;34688,15;13388,2
2023-11-30;Nordeste;Daniela;Felipe;1005;Headset;6;1256,98;932,67;7541,88;1945,86
2022-11-30;Nordeste;Fernanda;Antonia;9001;Notebook;4;938,59;742,76;3754,36;783,32
2022-02-28;Nordeste;Daniela;Antonia;9001;Notebook;7;2210,18;1634,68;15471,26;4028,5
2022-06-30;Norte;Bruno;João;1005;Headset;9;1558,05;1231,33;14022,45;2940,48
2023-08-31;Sudeste;Bruno;Marisa;9001;Notebook;7;1295,23;1004,06;9066,61;2038,19
2023-12-31;Norte;Carlos;Antonia;9001;Notebook;1;4100,27;2733,63;4100,27;1366,64
2022-08-31;Sul;Ana;Antonia;5004;Monitor;8;979,72;528,49;7837,76;3609,84
2024-11-30;Sul;Eduardo;Felipe;3003;Placa de Vídeo NVidia;8;1074,85;571,54;8598,8;4026,48
2025-01-31;Sul;Bruno;Marisa;7002;Smartphone;2;2080,3;1417,42;4160,6;1325,76
2024-10-31;Nordeste;Carlos;Manoela;7002;Smartphone;2;4120,97;2383,19;8241,94;3475,56
2023-05-31;Sudeste;Fernanda;Felipe;5004;Monitor;9;3192,29;2511,83;28730,61;6124,14
2025-03-31;Norte;Fernanda;Antonia;9001;Notebook;1;4667,31;2438,46;4667,31;2228,85
2023-09-30;Sul;Ana;Antonia;9001;Notebook;7;2457,78;1550,97;17204,46;6347,67
2023-10-31;Nordeste;Eduardo;João;3003;Placa de Vídeo NVidia;9;4342,48;2346,88;39082,32;17960,4
2025-10-31;Centro-Oeste;Bruno;Marisa;7002;Smartphone;9;3474,05;2756,31;31266,45;6459,66
2024-08-31;Sudeste;Bruno;Ciro;1005;Headset;3;2721,5;2021,58;8164,5;2099,76
2024-12-31;Centro-Oeste;Bruno;Marisa;7002;Smartphone;7;719,67;568,38;5037,69;1059,03
2022-03-31;Nordeste;Bruno;Manoela;7002;Smartphone;7;2649,02;1373,81;18543,14;8926,47
2024-07-31;Norte;Fernanda;João;9001;Notebook;4;3039,97;2288,26;12159,88;3006,84
2024-02-29;Nordeste;Carlos;Felipe;3003;Placa de Vídeo NVidia;7;4109,76;2406,16;28768,32;11925,2
2022-07-31;Centro-Oeste;Bruno;Manoela;7002;Smartphone;7;790,64;555,47;5534,48;1646,19
2022-11-30;Sudeste;Ana;Manoela;5004;Monitor;6;1940,15;1078,22;11640,9;5171,58
2025-01-31;Sudeste;Bruno;João;7002;Smartphone;6;1660,04;1174,91;9960,24;2910,78
2023-12-31;Norte;Carlos;Marisa;2006;WebCam 4k;6;3816,02;2928,88;22896,12;5322,84
2022-05-31;Sul;Eduardo;Felipe;9001;Notebook;5;3669,49;2460,43;18347,45;6045,3
2024-07-31;Sudeste;Daniela;João;2006;WebCam 4k;2;1400,74;962,22;2801,48;877,04
2023-03-31;Nordeste;Ana;Manoela;5004;Monitor;8;1759,03;971,7;14072,24;6298,64
2025-06-30;Centro-Oeste;Carlos;Felipe;7002;Smartphone;3;3654,66;2428,5;10963,98;3678,48
2023-09-30;Nordeste;Eduardo;Marisa;5004;Monitor;6;2846,45;2071,65;17078,7;4648,8
2023-05-31;Sul;Fernanda;Marisa;3003;Placa de Vídeo NVidia;1;2596,71;1808,86;2596,71;787,85
2024-05-31;Nordeste;Fernanda;Manoela;3003;Placa de Vídeo NVidia;5;4223,44;2805,96;21117,2;7087,4
2025-05-31;Norte;Bruno;Felipe;1005;Headset;8;2409,62;1769,2;19276,96;5123,36
2025-06-30;Centro-Oeste;Bruno;Antonia;2006;WebCam 4k;7;3571,91;2855,82;25003,37;5012,63
2025-03-31;Sul;Daniela;Manoela;3003;Placa de Vídeo NVidia;7;2459,24;1727,5;17214,68;5122,18
2022-02-28;Norte;Fernanda;Manoela;5004;Monitor;4;4808,25;3781,62;19233,0;4106,52
2023-01-31;Sul;Daniela;Manoela;1005;Headset;9;3225,12;1787,16;29026,08;12941,64
2023-12-31;Sul;Ana;Marisa;9001;Notebook;1;1173,84;897,68;1173,84;276,16
2024-01-31;Sul;Fernanda;Manoela;7002;Smartphone;2;4092,92;2563,12;8185,84;3059,6
2025-01-31;Sudeste;Daniela;Marisa;1005;Headset;2;4090,94;2507,44;8181,88;3167,0
2025-08-31;Centro-Oeste;Daniela;Marisa;9001;Notebook;8;3845,61;1969,07;30764,88;15012,32
2023-12-31;Norte;Eduardo;Ciro;3003;Placa de Vídeo NVidia;1;679,28;443,89;679,28;235,39
2022-04-30;Centro-Oeste;Carlos;Antonia;3003;Placa de Vídeo NVidia;8;1223,32;779,38;9786,56;3551,52
2024-02-29;Centro-Oeste;Ana;João;3003;Placa de Vídeo NVidia;9;3431,6;1779,87;30884,4;14865,57
2025-05-31;Centro-Oeste;Ana;Ciro;9001;Notebook;3;3698,25;2731,9;11094,75;2899,05
2025-02-28;Sudeste;Carlos;Ciro;1005;Headset;2;4299,95;2252,06;8599,9;4095,78
2025-06-30;Centro-Oeste;Daniela;Marisa;3003;Placa de Vídeo NVidia;3;885,62;637,49;2656,86;744,39
2024-12-31;Sul;Ana;Marisa;7002;Smartphone;2;3950,69;3091,44;7901,38;1718,5
2024-07-31;Centro-Oeste;Bruno;Felipe;3003;Placa de Vídeo NVidia;2;3783,86;2995,64;7567,72;1576,44
2022-12-31;Nordeste;Carlos;Ciro;5004;Monitor;9;1133,0;833,16;10197,0;2698,56
2022-01-31;Sudeste;Fernanda;Manoela;1005;Headset;8;874,36;570,9;6994,88;2427,68
2025-02-28;Sul;Fernanda;Felipe;9001;Notebook;1;3409,83;2050,22;3409,83;1359,61
2025-06-30;Sudeste;Eduardo;Ciro;3003;Placa de Vídeo NVidia;1;1932,76;1473,55;1932,76;459,21
2024-05-31;Sudeste;Fernanda;João;9001;Notebook;7;1810,88;1248,61;12676,16;3935,89
2022-02-28;Norte;Bruno;Manoela;5004;Monitor;5;901,01;690,31;4505,05;1053,5
2023-03-31;Norte;Bruno;Antonia;3003;Placa de Vídeo NVidia;6;646,73;471,5;3880,38;1051,38
2022-10-31;Centro-Oeste;Eduardo;Manoela;7002;Smartphone;4;3362,99;1819,18;13451,96;6175,24
2023-04-30;Sudeste;Ana;João;3003;Placa de Vídeo NVidia;8;2173,08;1294,2;17384,64;7031,04
2024-07-31;Sudeste;Eduardo;João;5004;Monitor;6;3089,59;2286,29;18537,54;4819,8
2023-04-30;Centro-Oeste;Bruno;João;1005;Headset;1;572,42;429,4;572,42;143,02
2023-08-31;Nordeste;Carlos;Marisa;1005;Headset;8;2842,74;2093,66;22741,92;5992,64
2025-06-30;Nordeste;Fernanda;Antonia;5004;Monitor;3;576,9;369,8;1730,7;621,3
2023-10-31;Nordeste;Daniela;Manoela;3003;Placa de Vídeo NVidia;5;3860,82;2281,98;19304,1;7894,2
2022-10-31;Nordeste;Bruno;Marisa;9001;Notebook;2;2153,85;1355,23;4307,7;1597,24
2024-03-31;Sudeste;Fernanda;Manoela;9001;Notebook;3;824,14;594,18;2472,42;689,88
2023-08-31;Sudeste;Eduardo;Marisa;1005;Headset;8;2410,77;1583,63;19286,16;6617,12
2022-12-31;Sul;Daniela;Ciro;7002;Smartphone;7;1895,38;1027,12;13267,66;6077,82
2022-01-31;Centro-Oeste;Carlos;Ciro;2006;WebCam 4k;5;4160,03;2714,04;20800,15;7229,95
2024-12-31;Nordeste;Fernanda;Marisa;7002;Smartphone;3;1724,43;953,81;5173,29;2311,86
2023-07-31;Sudeste;Daniela;Manoela;1005;Headset;2;1214,97;816,29;2429,94;797,36
2024-08-31;Sudeste;Daniela;Ciro;9001;Notebook;3;4844,48;3186,09;14533,44;4975,17
2025-07-31;Sudeste;Daniela;Manoela;5004;Monitor;6;1515,18;838,35;9091,08;4060,98
2023-01-31;Sudeste;Carlos;Manoela;3003;Placa de Vídeo NVidia;6;2373,93;1686,13;14243,58;4126,8
2023-08-31;Norte;Carlos;Marisa;2006;WebCam 4k;7;1160,62;580,44;8124,34;4061,26
2025-08-31;Centro-Oeste;Daniela;Antonia;3003;Placa de Vídeo NVidia;3;3439,66;2197,67;10318,98;3725,97
2025-03-31;Nordeste;Ana;Manoela;2006;WebCam 4k;9;4383,46;2877,16;39451,14;13556,7
2023-12-31;Centro-Oeste;Daniela;João;5004;Monitor;4;1035,24;550,62;4140,96;1938,48
2024-09-30;Norte;Eduardo;Felipe;3003;Placa de Vídeo NVidia;7;2334,37;1239,62;16340,59;7663,25
2025-04-30;Sul;Carlos;Antonia;1005;Headset;8;4869,24;2486,76;38953,92;19059,84
2025-02-28;Sul;Daniela;Manoela;3003;Placa de Vídeo NVidia;6;4716,02;2511,56;28296,12;13226,76
2023-09-30;Centro-Oeste;Eduardo;Ciro;5004;Monitor;6;2042,78;1536,52;12256,68;3037,56
2023-04-30;Sudeste;Carlos;Ciro;5004;Monitor;6;646,18;452,98;3877,08;1159,2
2023-10-31;Sul;Carlos;Marisa;3003;Placa de Vídeo NVidia;5;539,47;306,36;2697,35;1165,55
2023-01-31;Sudeste;Bruno;João;2006;WebCam 4k;9;3387,59;2328,28;30488,31;9533,79
2023-03-31;Sul;Carlos;Felipe;9001;Notebook;5;599,31;381,43;2996,55;1089,4
2024-01-31;Sul;Carlos;Manoela;2006;WebCam 4k;3;4869,26;3195,59;14607,78;5021,01
2022-03-31;Centro-Oeste;Carlos;Manoela;9001;Notebook;8;4736,12;3272,31;37888,96;11710,48
2024-04-30;Norte;Daniela;Antonia;3003;Placa de Vídeo NVidia;4;4764,09;2962,06;19056,36;7208,12
2023-07-31;Sudeste;Fernanda;Manoela;3003;Placa de Vídeo NVidia;4;4610,65;2886,62;18442,6;6896,12
2024-01-31;Sul;Daniela;Manoela;2006;WebCam 4k;6;1122,08;663,5;6732,48;2751,48
2024-04-30;Sul;Daniela;Marisa;7002;Smartphone;1;2178,86;1666,83;2178,86;512,03
2025-07-31;Norte;Carlos;Manoela;3003;Placa de Vídeo NVidia;3;4497,67;2722,47;13493,01;5325,6
2024-02-29;Sudeste;Eduardo;Manoela;7002;Smartphone;4;4939,77;3198,71;19759,08;6964,24
2024-07-31;Nordeste;Fernanda;Felipe;2006;WebCam 4k;8;3639,06;2303,38;29112,48;10685,44
2024-06-30;Nordeste;Carlos;Felipe;5004;Monitor;7;1461,2;892,6;10228,4;3980,2
2022-09-30;Norte;Eduardo;Felipe;9001;Notebook;7;3036,55;1944,54;21255,85;7644,07
2025-06-30;Centro-Oeste;Carlos;Manoela;5004;Monitor;1;2838,33;1895,9;2838,33;942,43
2024-11-30;Centro-Oeste;Carlos;Manoela;9001;Notebook;9;2079,55;1572,8;18715,95;4560,75
2025-05-31;Sul;Daniela;Manoela;3003;Placa de Vídeo NVidia;9;3492,48;2214,2;31432,32;11504,52
2022-08-31;Sul;Ana;Felipe;7002;Smartphone;6;2823,54;1901,72;16941,24;5530,92
2023-03-31;Centro-Oeste;Eduardo;João;9001;Notebook;4;1825,22;1414,61;7300,88;1642,44
2025-08-31;Sul;Daniela;João;3003;Placa de Vídeo NVidia;1;3283,52;2337,05;3283,52;946,47
2023-08-31;Norte;Fernanda;Ciro;1005;Headset;7;863,03;597,46;6041,21;1858,99
2022-11-30;Centro-Oeste;Daniela;Ciro;2006;WebCam 4k;7;4269,88;2379,9;29889,16;13229,86
2025-08-31;Centro-Oeste;Eduardo;Manoela;9001;Notebook;9;4202,17;2921,17;37819,53;11529,0
2023-12-31;Nordeste;Daniela;João;5004;Monitor;8;3215,51;2534,57;25724,08;5447,52
2022-02-28;Nordeste;Eduardo;Antonia;9001;Notebook;9;4792,94;3143,93;43136,46;14841,09
2023-08-31;Sul;Eduardo;Ciro;1005;Headset;8;2900,7;1829,04;23205,6;8573,28
2022-05-31;Centro-Oeste;Daniela;Marisa;3003;Placa de Vídeo NVidia;4;3114,37;1732,49;12457,48;5527,52
2024-05-31;Nordeste;Daniela;Felipe;2006;WebCam 4k;6;1998,92;1256,97;11993,52;4451,7
2023-08-31;Sul;Carlos;Ciro;5004;Monitor;8;1874,51;1080,07;14996,08;6355,52
2023-09-30;Sul;Ana;João;5004;Monitor;7;2414,23;1325,56;16899,61;7620,69
2023-08-31;Nordeste;Bruno;Ciro;1005;Headset;9;2123,95;1506,98;19115,55;5552,73
2024-03-31;Norte;Eduardo;Manoela;3003;Placa de Vídeo NVidia;7;3715,35;1948,42;26007,45;12368,51
2022-07-31;Centro-Oeste;Daniela;Ciro;1005;Headset;7;1346,36;680,38;9424,52;4661,86
2023-08-31;Norte;Bruno;Marisa;7002;Smartphone;6;3730,88;2516,31;22385,28;7287,42
2023-07-31;Sul;Bruno;Ciro;1005;Headset;5;665,51;441,51;3327,55;1120,0
2023-12-31;Centro-Oeste;Fernanda;Felipe;3003;Placa de Vídeo NVidia;5;4232,4;3171,32;21162,0;5305,4
2022-08-31;Centro-Oeste;Fernanda;João;7002;Smartphone;8;3875,38;2723,18;31003,04;9217,6
2023-10-31;Centro-Oeste;Daniela;Antonia;1005;Headset;8;3406,52;2062,24;27252,16;10754,24
2022-08-31;Sudeste;Eduardo;Ciro;1005;Headset;7;2245,86;1362,15;15721,02;6185,97
2022-03-31;Nordeste;Eduardo;Manoela;5004;Monitor;1;3230,81;2126,72;3230,81;1104,09
2024-04-30;Sudeste;Eduardo;Marisa;2006;WebCam 4k;3;1081,49;670,84;3244,47;1231,95
2023-12-31;Nordeste;Bruno;Ciro;9001;Notebook;8;1902,53;1222,8;15220,24;5437,84
2022-04-30;Sul;Fernanda;Ciro;9001;Notebook;8;3935,43;2398,57;31483,44;12294,88
2022-06-30;Sul;Eduardo;Marisa;1005;Headset;9;2069,87;1255,48;18628,83;7329,51
2023-02-28;Sudeste;Carlos;Ciro;1005;Headset;3;1606,03;1002,55;4818,09;1810,44
2023-09-30;Sul;Eduardo;João;7002;Smartphone;7;4793,05;2986,22;33551,35;12647,81
2024-06-30;Nordeste;Daniela;Manoela;9001;Notebook;7;2794,37;1576,95;19560,59;8521,94
2023-04-30;Centro-Oeste;Carlos;João;1005;Headset;8;1468,48;749,28;11747,84;5753,6
2023-04-30;Sudeste;Daniela;Marisa;9001;Notebook;4;1558,17;1208,26;6232,68;1399,64
2024-03-31;Centro-Oeste;Carlos;João;2006;WebCam 4k;5;2739,76;1590,88;13698,8;5744,4
2024-01-31;Centro-Oeste;Daniela;Felipe;1005;Headset;6;1029,77;796,44;6178,62;1399,98
2024-11-30;Centro-Oeste;Carlos;Ciro;3003;Placa de Vídeo NVidia;3;3728,15;2319,1;11184,45;4227,15
2022-02-28;Norte;Eduardo;Felipe;1005;Headset;5;3595,98;1907,38;17979,9;8443,0
2023-12-31;Norte;Ana;João;3003;Placa de Vídeo NVidia;3;2204,33;1439,97;6612,99;2293,08
2023-05-31;Nordeste;Carlos;Antonia;7002;Smartphone;6;3546,82;2520,6;21280,92;6157,32
2022-06-30;Sul;Bruno;Ciro;5004;Monitor;5;1791,91;1378,11;8959,55;2069,0
2025-05-31;Centro-Oeste;Eduardo;Marisa;3003;Placa de Vídeo NVidia;1;3899,4;2330,61;3899,4;1568,79
2022-08-31;Centro-Oeste;Daniela;João;3003;Placa de Vídeo NVidia;1;1584,82;837,74;1584,82;747,08
2025-05-31;Norte;Eduardo;Felipe;5004;Monitor;9;2067,76;1207,98;18609,84;7738,02
2024-08-31;Centro-Oeste;Carlos;Felipe;9001;Notebook;7;2800,37;2099,1;19602,59;4908,89
2024-04-30;Centro-Oeste;Carlos;Felipe;1005;Headset;9;4923,86;2904,51;44314,74;18174,15
2022-06-30;Norte;Bruno;Ciro;2006;WebCam 4k;2;3794,67;1951,11;7589,34;3687,12
2024-07-31;Sudeste;Fernanda;Antonia;2006;WebCam 4k;4;1046,17;658,27;4184,68;1551,6
2022-08-31;Sul;Daniela;Marisa;1005;Headset;8;2250,38;1563,8;18003,04;5492,64
2022-10-31;Nordeste;Eduardo;João;1005;Headset;9;4130,61;3248,02;37175,49;7943,31
2024-12-31;Nordeste;Ana;Marisa;1005;Headset;7;4061,39;3185,31;28429,73;6132,56
2025-05-31;Norte;Fernanda;Ciro;1005;Headset;8;3982,57;2868,47;31860,56;8912,8
2025-04-30;Nordeste;Daniela;Felipe;2006;WebCam 4k;8;4533,81;3404,53;36270,48;9034,24
2025-07-31;Sul;Fernanda;Manoela;7002;Smartphone;2;4899,58;3399,46;9799,16;3000,24
2025-05-31;Norte;Ana;Antonia;9001;Notebook;9;1355,63;1065,5;12200,67;2611,17
2023-01-31;Centro-Oeste;Fernanda;Ciro;2006;WebCam 4k;3;2191,7;1326,7;6575,1;2595,0
2024-09-30;Sul;Carlos;Ciro;7002;Smartphone;3;1734,55;1132,77;5203,65;1805,34
2022-11-30;Nordeste;Ana;Antonia;3003;Placa de Vídeo NVidia;5;2923,44;2210,06;14617,2;3566,9
2024-12-31;Sudeste;Bruno;Marisa;9001;Notebook;4;2595,48;1622,23;10381,92;3893,0
2023-03-31;Sudeste;Bruno;Antonia;9001;Notebook;6;1531,5;1053,63;9189,0;2867,22
2022-05-31;Sudeste;Daniela;João;7002;Smartphone;9;1416,89;854,71;12752,01;5059,62
2022-06-30;Centro-Oeste;Ana;João;2006;WebCam 4k;6;2862,07;2199,29;17172,42;3976,68
2023-09-30;Norte;Daniela;Ciro;3003;Placa de Vídeo NVidia;7;721,44;361,3;5050,08;2520,98
2023-05-31;Sudeste;Daniela;João;9001;Notebook;6;506,95;342,86;3041,7;984,54
2024-02-29;Norte;Ana;Felipe;2006;WebCam 4k;3;544,46;320,29;1633,38;672,51
2024-05-31;Sul;Carlos;Felipe;5004;Monitor;7;2960,0;1723,2;20720,0;8657,6
2022-06-30;Sudeste;Bruno;Antonia;2006;WebCam 4k;6;696,06;508,4;4176,36;1125,96
2024-08-31;Sudeste;Eduardo;Antonia;9001;Notebook;2;3157,82;2381,46;6315,64;1552,72
2022-08-31;Sudeste;Eduardo;Marisa;9001;Notebook;6;4696,16;2354,89;28176,96;14047,62
2023-05-31;Nordeste;Bruno;Marisa;9001;Notebook;7;978,48;578,21;6849,36;2801,89
2024-01-31;Sul;Bruno;Manoela;2006;WebCam 4k;5;3722,72;2300,19;18613,6;7112,65
2023-10-31;Centro-Oeste;Bruno;Marisa;3003;Placa de Vídeo NVidia;9;3739,37;2564,33;33654,33;10575,36
2025-10-31;Norte;Carlos;Antonia;3003;Placa de Vídeo NVidia;8;2346,01;1482,93;18768,08;6904,64
2025-10-31;Nordeste;Bruno;Ciro;3003;Placa de Vídeo NVidia;3;3821,31;2079,67;11463,93;5224,92
2022-08-31;Norte;Fernanda;Felipe;5004;Monitor;2;1814,51;1003,69;3629,02;1621,64
2023-02-28;Sul;Fernanda;Antonia;9001;Notebook;2;1534,52;844,03;3069,04;1380,98
2023-06-30;Sul;Daniela;João;2006;WebCam 4k;1;1286,7;680,19;1286,7;606,51
2024-03-31;Centro-Oeste;Fernanda;Marisa;9001;Notebook;3;3792,34;2727,36;11377,02;3194,94
2024-07-31;Centro-Oeste;Bruno;Antonia;9001;Notebook;8;4524,72;3093,41;36197,76;11450,48
2022-01-31;Nordeste;Fernanda;Marisa;5004;Monitor;2;2601,59;1377,63;5203,18;2447,92
2024-08-31;Sul;Fernanda;Marisa;3003;Placa de Vídeo NVidia;2;3343,67;2328,44;6687,34;2030,46
2023-11-30;Sul;Fernanda;Marisa;1005;Headset;9;534,13;329,68;4807,17;1840,05
2024-11-30;Norte;Fernanda;Antonia;2006;WebCam 4k;5;3145,57;1830,41;15727,85;6575,8
2023-10-31;Centro-Oeste;Ana;Ciro;1005;Headset;7;4171,28;2920,56;29198,96;8755,04
2025-02-28;Sul;Eduardo;Manoela;9001;Notebook;5;4489,82;3278,66;22449,1;6055,8
2023-07-31;Centro-Oeste;Carlos;João;2006;WebCam 4k;7;1862,56;1023,09;13037,92;5876,29
2025-06-30;Sul;Fernanda;Antonia;5004;Monitor;2;4049,42;3061,83;8098,84;1975,18
2025-08-31;Nordeste;Bruno;Manoela;1005;Headset;9;785,49;470,31;7069,41;2836,62
2025-02-28;Norte;Bruno;Antonia;7002;Smartphone;6;1849,03;1057,48;11094,18;4749,3
2023-10-31;Nordeste;Bruno;Manoela;2006;WebCam 4k;7;1852,63;1169,8;12968,41;4779,81
2022-04-30;Sudeste;Carlos;Antonia;3003;Placa de Vídeo NVidia;6;2802,5;2224,19;16815,0;3469,86
2023-06-30;Sudeste;Bruno;Ciro;7002;Smartphone;1;3398,91;1863,89;3398,91;1535,02
2022-08-31;Norte;Daniela;João;1005;Headset;9;4509,66;2808,35;40586,94;15311,79
2022-01-31;Sudeste;Eduardo;João;2006;WebCam 4k;1;2430,51;1827,54;2430,51;602,97
2023-11-30;Centro-Oeste;Fernanda;Antonia;7002;Smartphone;5;4858,74;2761,87;24293,7;10484,35
2024-01-31;Norte;Eduardo;Manoela;2006;WebCam 4k;2;3309,57;1825,35;6619,14;2968,44
2023-10-31;Sul;Fernanda;Ciro;5004;Monitor;7;3185,1;1644,31;22295,7;10785,53
2023-05-31;Sudeste;Daniela;Manoela;5004;Monitor;1;3603,6;2820,69;3603,6;782,91
2024-03-31;Sudeste;Ana;Manoela;5004;Monitor;9;4226,61;2704,83;38039,49;13696,02
2023-06-30;Centro-Oeste;Fernanda;Ciro;9001;Notebook;3;4324,91;2746,84;12974,73;4734,21
2023-09-30;Centro-Oeste;Eduardo;Antonia;2006;WebCam 4k;6;3206,02;2238,71;19236,12;5803,86
2022-03-31;Centro-Oeste;Fernanda;João;5004;Monitor;4;1001,72;671,56;4006,88;1320,64
2024-06-30;Nordeste;Ana;Manoela;2006;WebCam 4k;7;2678,26;1861,01;18747,82;5720,75
2024-01-31;Sudeste;Carlos;Antonia;3003;Placa de Vídeo NVidia;9;2398,33;1872,48;21584,97;4732,65
2023-06-30;Norte;Ana;Felipe;3003;Placa de Vídeo NVidia;9;2753,17;2140,91;24778,53;5510,34
2023-12-31;Centro-Oeste;Daniela;Ciro;7002;Smartphone;6;1814,79;1261,72;10888,74;3318,42
2025-04-30;Norte;Carlos;Marisa;7002;Smartphone;9;1076,77;777,92;9690,93;2689,65
2023-08-31;Nordeste;Ana;Marisa;1005;Headset;5;3354,3;2581,02;16771,5;3866,4
2024-09-30;Centro-Oeste;Fernanda;Antonia;3003;Placa de Vídeo NVidia;3;2434,41;1570,45;7303,23;2591,88
2022-10-31;Norte;Fernanda;João;5004;Monitor;9;4457,98;3358,69;40121,82;9893,61
2024-04-30;Sudeste;Carlos;Manoela;7002;Smartphone;7;3980,48;2426,55;27863,36;10877,51
2025-03-31;Sul;Eduardo;Manoela;9001;Notebook;5;1329,49;1051,26;6647,45;1391,15
2022-04-30;Centro-Oeste;Bruno;Ciro;9001;Notebook;1;3515,94;2055,33;3515,94;1460,61
2024-09-30;Nordeste;Daniela;Felipe;1005;Headset;1;2328,38;1826,23;2328,38;502,15
2025-07-31;Norte;Carlos;Marisa;3003;Placa de Vídeo NVidia;9;1585,92;1059,02;14273,28;4742,1
2025-02-28;Sudeste;Ana;Marisa;9001;Notebook;3;4173,94;2155,85;12521,82;6054,27
2024-07-31;Sul;Carlos;João;9001;Notebook;3;1741,04;1009,68;5223,12;2194,08
2022-02-28;Centro-Oeste;Bruno;Manoela;1005;Headset;7;1621,01;1055,96;11347,07;3955,35
2023-11-30;Sudeste;Eduardo;Felipe;5004;Monitor;5;2437,62;1805,43;12188,1;3160,95
2024-11-30;Centro-Oeste;Ana;Felipe;9001;Notebook;8;3989,75;2274,33;31918,0;13723,36
2024-07-31;Nordeste;Fernanda;Ciro;2006;WebCam 4k;4;2821,08;1453,12;11284,32;5471,84
2022-11-30;Centro-Oeste;Daniela;João;7002;Smartphone;4;4459,81;3193,3;17839,24;5066,04
2024-08-31;Sudeste;Ana;João;7002;Smartphone;5;898,62;604,6;4493,1;1470,1
2024-09-30;Centro-Oeste;Fernanda;João;2006;WebCam 4k;4;2820,24;1852,09;11280,96;3872,6
2022-09-30;Norte;Daniela;Manoela;5004;Monitor;9;2812,57;1920,38;25313,13;8029,71
2023-07-31;Sudeste;Fernanda;Marisa;5004;Monitor;2;3214,26;1924,0;6428,52;2580,52
2022-10-31;Sul;Bruno;Antonia;2006;WebCam 4k;3;1445,86;789,14;4337,58;1970,16
2024-08-31;Sul;Fernanda;Ciro;3003;Placa de Vídeo NVidia;2;2931,08;2099,41;5862,16;1663,34
2024-04-30;Sudeste;Ana;Antonia;3003;Placa de Vídeo NVidia;8;2474,74;1690,24;19797,92;6276,0
2023-05-31;Nordeste;Daniela;Marisa;7002;Smartphone;7;3515,64;2565,78;24609,48;6649,02
2022-07-31;Nordeste;Carlos;Antonia;2006;WebCam 4k;2;2558,29;1682,52;5116,58;1751,54
2022-07-31;Centro-Oeste;Daniela;Ciro;3003;Placa de Vídeo NVidia;9;1894,8;1387,57;17053,2;4565,07
2025-03-31;Nordeste;Bruno;João;2006;WebCam 4k;8;1294,21;925,96;10353,68;2946,0
2023-02-28;Centro-Oeste;Eduardo;Antonia;9001;Notebook;1;2533,96;1382,11;2533,96;1151,85
2024-12-31;Sul;Eduardo;Manoela;9001;Notebook;6;3757,83;2198,05;22546,98;9358,68
2023-07-31;Sudeste;Daniela;Antonia;1005;Headset;2;1861,78;1274,54;3723,56;1174,48
2022-11-30;Centro-Oeste;Fernanda;Felipe;7002;Smartphone;5;4646,37;2915,35;23231,85;8655,1
2024-11-30;Norte;Eduardo;Antonia;1005;Headset;7;723,57;529,83;5064,99;1356,18
2023-05-31;Sul;Daniela;João;9001;Notebook;7;2628,42;1613,73;18398,94;7102,83
2024-06-30;Centro-Oeste;Eduardo;Manoela;5004;Monitor;5;683,85;508,9;3419,25;874,75
2023-06-30;Norte;Carlos;Manoela;1005;Headset;4;1909,47;1402,58;7637,88;2027,56
2024-11-30;Norte;Ana;João;1005;Headset;9;4557,32;2872,36;41015,88;15164,64
2022-02-28;Nordeste;Carlos;Felipe;3003;Placa de Vídeo NVidia;1;1908,07;1173,09;1908,07;734,98
2023-03-31;Sul;Daniela;Felipe;9001;Notebook;5;4068,3;2933,24;20341,5;5675,3
2024-04-30;Norte;Bruno;Manoela;2006;WebCam 4k;2;4023,09;2622,08;8046,18;2802,02
2023-07-31;Norte;Ana;Marisa;2006;WebCam 4k;9;979,08;551,79;8811,72;3845,61
2024-02-29;Centro-Oeste;Daniela;Manoela;1005;Headset;4;1936,58;1363,6;7746,32;2291,92
2025-07-31;Centro-Oeste;Bruno;Manoela;1005;Headset;3;2867,66;1722,91;8602,98;3434,25
2023-01-31;Sul;Daniela;Marisa;3003;Placa de Vídeo NVidia;5;762,36;492,97;3811,8;1346,95
2023-03-31;Sul;Eduardo;Manoela;5004;Monitor;9;2731,67;1693,03;24585,03;9347,76
2025-10-31;Sudeste;Fernanda;Antonia;7002;Smartphone;4;2352,78;1807,24;9411,12;2182,16
2024-05-31;Nordeste;Daniela;Marisa;1005;Headset;6;3546,94;2372,72;21281,64;7045,32
2023-08-31;Norte;Fernanda;Antonia;7002;Smartphone;2;3848,72;2621,04;7697,44;2455,36
2022-05-31;Sul;Eduardo;Marisa;5004;Monitor;9;886,06;568,67;7974,54;2856,51
2023-10-31;Sul;Eduardo;Marisa;5004;Monitor;2;1103,46;787,22;2206,92;632,48
2022-02-28;Sul;Ana;João;1005;Headset;1;2480,52;1981,05;2480,52;499,47
2025-10-31;Nordeste;Carlos;Manoela;7002;Smartphone;9;4021,6;3113,95;36194,4;8168,85
2022-01-31;Sudeste;Eduardo;Antonia;1005;Headset;1;4229,95;2542,37;4229,95;1687,58
2023-03-31;Sudeste;Carlos;Ciro;3003;Placa de Vídeo NVidia;4;1977,79;1330,82;7911,16;2587,88
2025-06-30;Sudeste;Ana;Manoela;7002;Smartphone;5;3721,64;2819,0;18608,2;4513,2
2023-07-31;Nordeste;Bruno;Felipe;9001;Notebook;4;3566,12;2069,94;14264,48;5984,72
2022-03-31;Nordeste;Eduardo;Manoela;9001;Notebook;9;1089,54;632,56;9805,86;4112,82
2022-07-31;Norte;Eduardo;Felipe;7002;Smartphone;6;914,58;666,91;5487,48;1486,02
2022-03-31;Norte;Eduardo;João;3003;Placa de Vídeo NVidia;7;4036,42;2668,56;28254,94;9575,02
2025-03-31;Centro-Oeste;Fernanda;Felipe;1005;Headset;3;1080,55;656,0;3241,65;1273,65
2025-10-31;Nordeste;Ana;João;7002;Smartphone;8;3394,51;1872,65;27156,08;12174,88
2025-04-30;Nordeste;Eduardo;Marisa;1005;Headset;1;3534,47;2413,48;3534,47;1120,99
2024-07-31;Sul;Fernanda;João;1005;Headset;7;2791,58;2131,54;19541,06;4620,28
2023-08-31;Norte;Daniela;Antonia;9001;Notebook;2;2350,06;1651,12;4700,12;1397,88
2025-01-31;Nordeste;Ana;Ciro;1005;Headset;8;723,6;566,22;5788,8;1259,04
2022-06-30;Sudeste;Ana;Manoela;5004;Monitor;6;2769,32;1796,61;16615,92;5836,26
2024-02-29;Sul;Bruno;Ciro;2006;WebCam 4k;2;4564,97;3565,36;9129,94;1999,22
2023-03-31;Norte;Ana;João;7002;Smartphone;2;4342,67;2976,14;8685,34;2733,06
2022-08-31;Centro-Oeste;Fernanda;Marisa;3003;Placa de Vídeo NVidia;3;3464,44;2116,34;10393,32;4044,3
2022-03-31;Nordeste;Carlos;Manoela;3003;Placa de Vídeo NVidia;4;760,05;463,23;3040,2;1187,28
2025-08-31;Sul;Carlos;Felipe;1005;Headset;8;3830,73;2986,28;30645,84;6755,6
2024-07-31;Norte;Carlos;Manoela;9001;Notebook;9;4382,52;3234,72;39442,68;10330,2
2024-10-31;Nordeste;Ana;Manoela;5004;Monitor;9;3328,64;2573,08;29957,76;6800,04
2022-06-30;Norte;Ana;Felipe;5004;Monitor;6;4202,89;2550,22;25217,34;9916,02
2024-08-31;Centro-Oeste;Bruno;Ciro;1005;Headset;2;755,43;583,47;1510,86;343,92
2022-10-31;Sul;Daniela;João;3003;Placa de Vídeo NVidia;8;3813,03;2222,11;30504,24;12727,36
2023-11-30;Centro-Oeste;Bruno;Marisa;3003;Placa de Vídeo NVidia;8;3809,09;1947,63;30472,72;14891,68
2024-09-30;Nordeste;Daniela;João;9001;Notebook;8;1642,07;1137,96;13136,56;4032,88
2023-02-28;Norte;Ana;Marisa;7002;Smartphone;3;3212,45;2381,01;9637,35;2494,32
2023-04-30;Sul;Bruno;Ciro;1005;Headset;4;3378,94;1962,78;13515,76;5664,64
2024-04-30;Norte;Ana;Ciro;2006;WebCam 4k;5;4576,08;2770,43;22880,4;9028,25
2023-12-31;Sul;Fernanda;Manoela;7002;Smartphone;6;2543,87;1761,32;15263,22;4695,3
2024-07-31;Centro-Oeste;Ana;Felipe;5004;Monitor;1;1322,17;1007,97;1322,17;314,2
2025-03-31;Sudeste;Bruno;Antonia;5004;Monitor;1;3792,37;2753,84;3792,37;1038,53
2025-07-31;Norte;Eduardo;Antonia;9001;Notebook;1;3460,07;2300,92;3460,07;1159,15
2023-09-30;Centro-Oeste;Daniela;Manoela;1005;Headset;7;4537,02;2843,89;31759,14;11851,91
2025-03-31;Sul;Ana;Marisa;2006;WebCam 4k;9;579,81;424,71;5218,29;1395,9
2024-10-31;Sul;Daniela;Ciro;5004;Monitor;8;4869,09;2587,6;38952,72;18251,92
2024-06-30;Sul;Eduardo;Manoela;7002;Smartphone;1;1445,88;940,81;1445,88;505,07
2023-05-31;Nordeste;Ana;Manoela;7002;Smartphone;9;4044,27;2116,41;36398,43;17350,74
2024-08-31;Centro-Oeste;Fernanda;Manoela;3003;Placa de Vídeo NVidia;1;3022,48;2146,43;3022,48;876,05
2022-07-31;Norte;Carlos;Manoela;9001;Notebook;9;3785,29;2346,43;34067,61;12949,74
2025-09-30;Norte;Carlos;Ciro;9001;Notebook;5;3346,07;2134,25;16730,35;6059,1
2022-10-31;Centro-Oeste;Ana;João;3003;Placa de Vídeo NVidia;6;1103,03;644,09;6618,18;2753,64
2022-07-31;Nordeste;Eduardo;Marisa;3003;Placa de Vídeo NVidia;8;2100,7;1583,87;16805,6;4134,64
2023-06-30;Sudeste;Daniela;Ciro;3003;Placa de Vídeo NVidia;5;3235,24;2540,67;16176,2;3472,85
2022-10-31;Centro-Oeste;Fernanda;Manoela;3003;Placa de Vídeo NVidia;3;2797,88;1467,0;8393,64;3992,64
2022-06-30;Sul;Carlos;Ciro;9001;Notebook;9;1218,23;861,11;10964,07;3214,08
2025-09-30;Sudeste;Carlos;Manoela;7002;Smartphone;5;3083,38;1704,5;15416,9;6894,4
2024-05-31;Sudeste;Bruno;Ciro;1005;Headset;2;4216,08;2160,1;8432,16;4111,96
2023-01-31;Sul;Carlos;João;2006;WebCam 4k;1;1778,87;1402,83;1778,87;376,04
2022-02-28;Centro-Oeste;Carlos;Felipe;3003;Placa de Vídeo NVidia;6;1944,97;1359,34;11669,82;3513,78
2025-07-31;Nordeste;Carlos;Manoela;1005;Headset;2;2513,77;1590,71;5027,54;1846,12
2022-09-30;Norte;Carlos;Manoela;7002;Smartphone;7;1069,31;561,22;7485,17;3556,63
2022-01-31;Sudeste;Bruno;Felipe;9001;Notebook;8;4593,97;2760,38;36751,76;14668,72
2024-04-30;Centro-Oeste;Bruno;Marisa;5004;Monitor;1;1236,53;876,95;1236,53;359,58
2023-08-31;Sudeste;Ana;Marisa;7002;Smartphone;6;3513,65;2074,85;21081,9;8632,8
2022-07-31;Centro-Oeste;Carlos;Felipe;2006;WebCam 4k;6;2166,86;1730,11;13001,16;2620,5
2023-12-31;Nordeste;Fernanda;João;2006;WebCam 4k;5;4753,8;2848,87;23769,0;9524,65
2024-06-30;Centro-Oeste;Carlos;João;2006;WebCam 4k;7;1697,0;990,62;11879,0;4944,66
2024-08-31;Norte;Ana;Marisa;5004;Monitor;9;1199,53;791,05;10795,77;3676,32
2023-10-31;Sudeste;Eduardo;Marisa;9001;Notebook;4;1888,74;1174,81;7554,96;2855,72
2022-08-31;Centro-Oeste;Eduardo;Antonia;7002;Smartphone;9;2390,49;1728,75;21514,41;5955,66
2024-02-29;Nordeste;Daniela;Ciro;7002;Smartphone;1;972,27;662,24;972,27;310,03
2023-09-30;Sudeste;Bruno;Manoela;3003;Placa de Vídeo NVidia;8;2646,86;1876,44;21174,88;6163,36
2025-07-31;Norte;Daniela;João;2006;WebCam 4k;2;4989,64;2708,74;9979,28;4561,8
2025-10-31;Nordeste;Fernanda;João;2006;WebCam 4k;7;1457,32;1077,27;10201,24;2660,35
2022-07-31;Centro-Oeste;Eduardo;Marisa;3003;Placa de Vídeo NVidia;6;2455,68;1842,9;14734,08;3676,68
2023-06-30;Sul;Bruno;João;9001;Notebook;9;3674,43;2018,29;33069,87;14905,26
2022-03-31;Sul;Eduardo;Marisa;5004;Monitor;7;3389,48;1888,57;23726,36;10506,37
2023-10-31;Sudeste;Ana;Marisa;5004;Monitor;7;783,07;574,65;5481,49;1458,94
2024-02-29;Nordeste;Bruno;Felipe;7002;Smartphone;4;2906,8;1973,52;11627,2;3733,12
2025-06-30;Nordeste;Carlos;Antonia;3003;Placa de Vídeo NVidia;2;1683,48;945,59;3366,96;1475,78
2024-09-30;Centro-Oeste;Eduardo;Marisa;2006;WebCam 4k;2;1475,95;961,39;2951,9;1029,12
2022-09-30;Norte;Bruno;Ciro;2006;WebCam 4k;1;4325,49;2257,84;4325,49;2067,65
2024-07-31;Nordeste;Daniela;Felipe;7002;Smartphone;4;2551,63;1494,24;10206,52;4229,56
2024-12-31;Centro-Oeste;Bruno;Felipe;1005;Headset;4;2678,68;1695,82;10714,72;3931,44
2023-10-31;Norte;Daniela;Ciro;7002;Smartphone;7;4314,72;2573,52;30203,04;12188,4
2025-08-31;Norte;Carlos;Antonia;1005;Headset;4;3348,39;2010,45;13393,56;5351,76
2022-04-30;Nordeste;Carlos;Antonia;1005;Headset;1;1930,74;1039,33;1930,74;891,41
2025-01-31;Sul;Bruno;Marisa;9001;Notebook;5;4136,5;3015,82;20682,5;5603,4
2025-08-31;Sul;Carlos;João;2006;WebCam 4k;1;695,97;392,81;695,97;303,16
2023-11-30;Sudeste;Daniela;João;2006;WebCam 4k;6;4901,79;2768,57;29410,74;12799,32
2025-04-30;Nordeste;Ana;Marisa;7002;Smartphone;9;1691,44;1032,67;15222,96;5928,93
2022-05-31;Centro-Oeste;Fernanda;João;5004;Monitor;5;3128,92;2187,9;15644,6;4705,1
2022-03-31;Sul;Bruno;Marisa;3003;Placa de Vídeo NVidia;1;2030,89;1517,31;2030,89;513,58
2024-02-29;Sul;Carlos;Manoela;7002;Smartphone;9;1703,55;920,48;15331,95;7047,63
2024-11-30;Centro-Oeste;Carlos;Manoela;7002;Smartphone;9;3613,43;2832,72;32520,87;7026,39
2025-05-31;Sudeste;Fernanda;João;5004;Monitor;3;807,1;606,03;2421,3;603,21
2024-03-31;Nordeste;Eduardo;Ciro;2006;WebCam 4k;6;1853,83;1050,39;11122,98;4820,64
2024-03-31;Centro-Oeste;Ana;Ciro;2006;WebCam 4k;1;4963,0;2861,43;4963,0;2101,57
2024-03-31;Sudeste;Carlos;Ciro;3003;Placa de Vídeo NVidia;3;3979,91;2854,01;11939,73;3377,7
2022-07-31;Nordeste;Eduardo;Felipe;7002;Smartphone;4;3955,78;2347,62;15823,12;6432,64
2024-12-31;Norte;Bruno;João;3003;Placa de Vídeo NVidia;6;3108,86;2386,82;18653,16;4332,24
2023-11-30;Sudeste;Ana;Ciro;1005;Headset;3;722,82;495,57;2168,46;681,75
2024-09-30;Nordeste;Carlos;Antonia;1005;Headset;5;1960,11;1536,25;9800,55;2119,3
2025-04-30;Centro-Oeste;Fernanda;Ciro;9001;Notebook;1;3369,33;2357,32;3369,33;1012,01
2022-04-30;Norte;Carlos;Manoela;5004;Monitor;4;4506,04;2736,99;18024,16;7076,2
2025-10-31;Nordeste;Carlos;Marisa;1005;Headset;2;2078,36;1074,52;4156,72;2007,68
2023-12-31;Norte;Ana;Antonia;7002;Smartphone;8;1233,06;672,97;9864,48;4480,72
2025-03-31;Norte;Carlos;Antonia;5004;Monitor;2;2996,77;1660,34;5993,54;2672,86
2025-09-30;Nordeste;Daniela;João;7002;Smartphone;3;4763,03;3338,72;14289,09;4272,93
2025-07-31;Nordeste;Daniela;Marisa;5004;Monitor;9;1897,72;994,93;17079,48;8125,11
2024-02-29;Nordeste;Carlos;Ciro;7002;Smartphone;5;1270,76;713,6;6353,8;2785,8
2024-08-31;Norte;Carlos;Ciro;3003;Placa de Vídeo NVidia;5;2737,26;2046,75;13686,3;3452,55
2023-03-31;Sul;Eduardo;Marisa;9001;Notebook;6;1237,95;934,88;7427,7;1818,42
2023-03-31;Sudeste;Fernanda;Felipe;3003;Placa de Vídeo NVidia;1;3323,41;1717,66;3323,41;1605,75
2024-07-31;Sudeste;Carlos;Marisa;5004;Monitor;4;3911,52;2192,03;15646,08;6877,96
2025-04-30;Nordeste;Carlos;Antonia;2006;WebCam 4k;4;2656,58;1465,16;10626,32;4765,68
2023-04-30;Norte;Fernanda;Felipe;5004;Monitor;8;3530,38;2535,1;28243,04;7962,24
2025-06-30;Sul;Carlos;João;5004;Monitor;9;4378,27;2819,87;39404,43;14025,6
2022-06-30;Sudeste;Fernanda;Manoela;9001;Notebook;8;2254,66;1237,38;18037,28;8138,24
2025-06-30;Norte;Eduardo;Manoela;2006;WebCam 4k;4;1854,91;1065,91;7419,64;3156,0
2025-03-31;Norte;Ana;João;5004;Monitor;9;3065,59;1600,62;27590,31;13184,73
2023-08-31;Nordeste;Fernanda;Ciro;3003;Placa de Vídeo NVidia;6;3302,3;2483,91;19813,8;4910,34
2023-10-31;Norte;Fernanda;Felipe;7002;Smartphone;2;4256,39;2335,91;8512,78;3840,96
2023-09-30;Nordeste;Bruno;Manoela;1005;Headset;4;2071,34;1102,55;8285,36;3875,16
2023-09-30;Centro-Oeste;Eduardo;Marisa;7002;Smartphone;5;4036,84;2251,57;20184,2;8926,35
2022-09-30;Nordeste;Fernanda;Marisa;9001;Notebook;3;2409,1;1760,65;7227,3;1945,35
2022-07-31;Sudeste;Daniela;Felipe;2006;WebCam 4k;9;1026,82;610,62;9241,38;3745,8
2023-03-31;Norte;Ana;Manoela;9001;Notebook;7;4581,8;3661,88;32072,6;6439,44
2022-05-31;Nordeste;Ana;Marisa;9001;Notebook;5;2284,51;1224,19;11422,55;5301,6
2022-09-30;Sul;Ana;Ciro;9001;Notebook;2;1369,48;1004,09;2738,96;730,78
2025-04-30;Sudeste;Daniela;Ciro;2006;WebCam 4k;4;671,37;471,01;2685,48;801,44
2023-06-30;Sudeste;Fernanda;João;3003;Placa de Vídeo NVidia;1;907,94;557,21;907,94;350,73
2022-05-31;Sul;Fernanda;Marisa;9001;Notebook;7;1158,2;776,7;8107,4;2670,5
2022-04-30;Centro-Oeste;Fernanda;Manoela;9001;Notebook;5;3772,87;2050,25;18864,35;8613,1
2023-11-30;Sudeste;Fernanda;Marisa;7002;Smartphone;5;767,02;435,74;3835,1;1656,4
2023-11-30;Sudeste;Daniela;Ciro;1005;Headset;2;3613,04;2581,23;7226,08;2063,62
2023-12-31;Nordeste;Fernanda;Felipe;9001;Notebook;5;3737,17;2090,59;18685,85;8232,9
2022-07-31;Sul;Ana;Manoela;5004;Monitor;2;4184,9;2904,18;8369,8;2561,44
2024-01-31;Nordeste;Fernanda;Manoela;3003;Placa de Vídeo NVidia;8;3771,08;2684,18;30168,64;8695,2
2024-03-31;Norte;Ana;Ciro;7002;Smartphone;9;1448,95;746,32;13040,55;6323,67
2023-03-31;Sudeste;Eduardo;Antonia;3003;Placa de Vídeo NVidia;1;578,25;460,83;578,25;117,42
2025-08-31;Norte;Ana;João;3003;Placa de Vídeo NVidia;5;4947,71;3945,85;24738,55;5009,3
2022-07-31;Norte;Daniela;Felipe;2006;WebCam 4k;3;2008,95;1250,64;6026,85;2274,93
2025-10-31;Centro-Oeste;Bruno;Antonia;5004;Monitor;5;4627,07;2657,44;23135,35;9848,15
2024-04-30;Centro-Oeste;Carlos;Felipe;7002;Smartphone;4;1280,71;850,99;5122,84;1718,88
2023-06-30;Centro-Oeste;Fernanda;Ciro;9001;Notebook;7;3907,78;2231,92;27354,46;11731,02
2024-11-30;Sul;Fernanda;Ciro;2006;WebCam 4k;7;880,73;478,67;6165,11;2814,42
2024-07-31;Nordeste;Carlos;Felipe;3003;Placa de Vídeo NVidia;4;1214,25;738,26;4857,0;1903,96
2022-04-30;Nordeste;Bruno;Felipe;3003;Placa de Vídeo NVidia;3;1660,78;877,28;4982,34;2350,5
2024-01-31;Norte;Ana;Antonia;1005;Headset;1;4274,93;2326,16;4274,93;1948,77
2024-12-31;Norte;Eduardo;Felipe;5004;Monitor;2;4870,25;2576,51;9740,5;4587,48
2025-07-31;Centro-Oeste;Fernanda;João;5004;Monitor;4;3698,64;1924,64;14794,56;7096,0
2023-08-31;Norte;Eduardo;Antonia;7002;Smartphone;7;2086,82;1113,99;14607,74;6809,81
2023-12-31;Sul;Ana;Ciro;2006;WebCam 4k;2;4112,81;2205,44;8225,62;3814,74
2022-09-30;Sul;Carlos;Antonia;1005;Headset;7;4844,03;2967,61;33908,21;13134,94
2022-02-28;Sul;Bruno;Antonia;1005;Headset;5;3394,73;2318,76;16973,65;5379,85
2023-05-31;Nordeste;Fernanda;Antonia;9001;Notebook;1;1840,95;1330,67;1840,95;510,28
2023-11-30;Nordeste;Bruno;Antonia;3003;Placa de Vídeo NVidia;4;541,27;293,29;2165,08;991,92
2022-05-31;Nordeste;Carlos;Antonia;5004;Monitor;6;4277,69;2409,7;25666,14;11207,94
2024-09-30;Centro-Oeste;Carlos;Antonia;1005;Headset;9;1748,05;1174,88;15732,45;5158,53
2022-06-30;Norte;Carlos;João;1005;Headset;2;4574,5;2328,18;9149,0;4492,64
2024-09-30;Norte;Eduardo;Ciro;9001;Notebook;7;4076,05;2370,73;28532,35;11937,24
2022-07-31;Centro-Oeste;Carlos;Manoela;9001;Notebook;6;4074,79;2321,49;24448,74;10519,8
2022-10-31;Norte;Bruno;Ciro;7002;Smartphone;8;4453,42;2928,16;35627,36;12202,08
2023-09-30;Norte;Eduardo;Marisa;3003;Placa de Vídeo NVidia;4;2093,51;1172,5;8374,04;3684,04
2023-04-30;Norte;Daniela;Antonia;3003;Placa de Vídeo NVidia;6;1060,69;847,88;6364,14;1276,86
2022-11-30;Norte;Daniela;Manoela;1005;Headset;3;3288,73;2136,32;9866,19;3457,23
2025-08-31;Nordeste;Eduardo;Marisa;3003;Placa de Vídeo NVidia;7;3568,34;2609,61;24978,38;6711,11
2024-10-31;Centro-Oeste;Carlos;Marisa;3003;Placa de Vídeo NVidia;7;4392,31;2332,98;30746,17;14415,31
2023-11-30;Sudeste;Ana;João;9001;Notebook;7;4616,7;3236,22;32316,9;9663,36
2023-02-28;Sudeste;Fernanda;Marisa;7002;Smartphone;2;3967,14;2744,46;7934,28;2445,36
2024-09-30;Norte;Daniela;João;5004;Monitor;7;674,2;538,08;4719,4;952,84
2023-02-28;Norte;Bruno;Antonia;3003;Placa de Vídeo NVidia;9;2169,35;1091,59;19524,15;9699,84
2023-02-28;Norte;Eduardo;Felipe;3003;Placa de Vídeo NVidia;2;1737,52;975,46;3475,04;1524,12
2025-04-30;Centro-Oeste;Daniela;João;7002;Smartphone;1;2931,85;1588,96;2931,85;1342,89
2022-02-28;Sudeste;Eduardo;Marisa;1005;Headset;5;4214,77;2109,65;21073,85;10525,6
2022-05-31;Nordeste;Carlos;Manoela;3003;Placa de Vídeo NVidia;3;796,53;408,09;2389,59;1165,32
2025-03-31;Norte;Ana;João;5004;Monitor;5;3356,64;2039,48;16783,2;6585,8
2024-09-30;Nordeste;Eduardo;Antonia;3003;Placa de Vídeo NVidia;2;4664,11;2633,16;9328,22;4061,9
2022-11-30;Sul;Daniela;Ciro;2006;WebCam 4k;4;631,32;445,61;2525,28;742,84
2022-11-30;Norte;Ana;Marisa;2006;WebCam 4k;1;2321,97;1704,7;2321,97;617,27
2023-05-31;Norte;Eduardo;João;9001;Notebook;5;981,0;666,26;4905,0;1573,7
2023-01-31;Nordeste;Bruno;Felipe;2006;WebCam 4k;2;2590,64;1955,17;5181,28;1270,94
2022-08-31;Nordeste;Ana;Marisa;9001;Notebook;1;3499,59;2475,09;3499,59;1024,5
2022-04-30;Nordeste;Daniela;Felipe;2006;WebCam 4k;2;4395,39;3350,11;8790,78;2090,56
2022-12-31;Nordeste;Eduardo;Antonia;7002;Smartphone;2;4879,36;3044,33;9758,72;3670,06
2023-03-31;Sul;Bruno;Felipe;9001;Notebook;6;4612,52;3529,54;27675,12;6497,88
2024-08-31;Sudeste;Daniela;Felipe;3003;Placa de Vídeo NVidia;8;2083,13;1492,31;16665,04;4726,56
2022-03-31;Sul;Ana;Antonia;9001;Notebook;3;4665,51;3403,33;13996,53;3786,54
2023-05-31;Nordeste;Daniela;Marisa;2006;WebCam 4k;2;852,28;498,53;1704,56;707,5
2023-06-30;Nordeste;Carlos;Felipe;2006;WebCam 4k;4;627,07;469,13;2508,28;631,76
2024-12-31;Nordeste;Eduardo;Antonia;1005;Headset;5;3631,24;2354,59;18156,2;6383,25
2024-09-30;Nordeste;Carlos;João;9001;Notebook;6;962,15;550,83;5772,9;2467,92
2022-12-31;Sul;Ana;Felipe;2006;WebCam 4k;2;1573,04;830,03;3146,08;1486,02
2023-11-30;Norte;Fernanda;Antonia;5004;Monitor;2;1642,74;946,23;3285,48;1393,02
2025-03-31;Nordeste;Carlos;Ciro;9001;Notebook;5;509,37;331,07;2546,85;891,5
2023-10-31;Centro-Oeste;Carlos;Manoela;7002;Smartphone;1;1542,04;1208,96;1542,04;333,08
2024-04-30;Sul;Eduardo;Antonia;5004;Monitor;9;1719,94;897,64;15479,46;7400,7
2023-05-31;Nordeste;Eduardo;Antonia;7002;Smartphone;2;1014,9;578,15;2029,8;873,5
2024-05-31;Centro-Oeste;Daniela;Ciro;7002;Smartphone;9;2800,7;1716,61;25206,3;9756,81
2023-03-31;Norte;Fernanda;Manoela;9001;Notebook;8;2272,25;1567,15;18178,0;5640,8
2023-10-31;Nordeste;Ana;Antonia;9001;Notebook;2;649,46;475,87;1298,92;347,18
2024-05-31;Sul;Carlos;Manoela;7002;Smartphone;3;3299,38;1685,84;9898,14;4840,62
2025-03-31;Nordeste;Fernanda;Felipe;1005;Headset;3;510,41;362,31;1531,23;444,3
2024-12-31;Nordeste;Fernanda;Ciro;1005;Headset;9;1393,39;841,8;12540,51;4964,31
2022-04-30;Centro-Oeste;Carlos;Ciro;3003;Placa de Vídeo NVidia;7;1554,9;792,5;10884,3;5336,8
2022-12-31;Norte;Eduardo;Ciro;2006;WebCam 4k;5;4768,89;3141,25;23844,45;8138,2
2022-10-31;Nordeste;Daniela;Felipe;5004;Monitor;5;3090,5;1691,06;15452,5;6997,2
2024-01-31;Sul;Carlos;Felipe;1005;Headset;8;2290,26;1776,63;18322,08;4109,04
2024-05-31;Centro-Oeste;Ana;Ciro;9001;Notebook;8;4566,38;3258,41;36531,04;10463,76
2025-07-31;Sudeste;Daniela;Marisa;7002;Smartphone;5;4617,18;2621,54;23085,9;9978,2
2024-04-30;Nordeste;Daniela;Felipe;3003;Placa de Vídeo NVidia;9;604,55;433,85;5440,95;1536,3
2022-09-30;Nordeste;Daniela;João;5004;Monitor;4;3453,83;1735,12;13815,32;6874,84
2024-10-31;Sudeste;Bruno;Felipe;7002;Smartphone;5;2584,08;1664,7;12920,4;4596,9
2023-02-28;Nordeste;Ana;Ciro;5004;Monitor;4;946,66;610,96;3786,64;1342,8
2025-01-31;Norte;Ana;Marisa;1005;Headset;9;4618,37;3138,59;41565,33;13318,02
2024-10-31;Sul;Fernanda;Felipe;3003;Placa de Vídeo NVidia;5;1673,6;981,29;8368,0;3461,55
2022-11-30;Sudeste;Bruno;Manoela;3003;Placa de Vídeo NVidia;3;811,15;567,0;2433,45;732,45
2024-01-31;Centro-Oeste;Bruno;Antonia;5004;Monitor;7;3093,88;1616,18;21657,16;10343,9
2024-04-30;Nordeste;Carlos;Marisa;1005;Headset;8;4677,87;2858,7;37422,96;14553,36
2023-07-31;Sudeste;Daniela;Marisa;3003;Placa de Vídeo NVidia;4;2362,58;1632,4;9450,32;2920,72
2024-11-30;Sudeste;Ana;Antonia;1005;Headset;4;4442,19;2358,29;17768,76;8335,6
2022-03-31;Sul;Eduardo;Manoela;2006;WebCam 4k;2;4632,49;2885,13;9264,98;3494,72
2023-04-30;Nordeste;Daniela;Marisa;7002;Smartphone;5;2575,0;1295,48;12875,0;6397,6
2023-01-31;Sul;Bruno;Marisa;1005;Headset;8;1596,13;1136,02;12769,04;3680,88
2023-10-31;Sudeste;Daniela;Manoela;9001;Notebook;3;3930,28;2499,29;11790,84;4292,97
2022-07-31;Sudeste;Carlos;Felipe;5004;Monitor;5;1260,16;886,36;6300,8;1869,0
2022-04-30;Centro-Oeste;Daniela;Marisa;3003;Placa de Vídeo NVidia;2;2915,92;1775,44;5831,84;2280,96
2024-12-31;Sul;Bruno;João;7002;Smartphone;6;623,54;472,62;3741,24;905,52
2024-04-30;Centro-Oeste;Daniela;Felipe;5004;Monitor;9;2054,34;1397,45;18489,06;5912,01
2025-10-31;Nordeste;Carlos;João;2006;WebCam 4k;5;1324,4;1024,8;6622,0;1498,0
2022-09-30;Centro-Oeste;Fernanda;Antonia;5004;Monitor;3;2591,03;2009,3;7773,09;1745,19
2024-11-30;Norte;Bruno;Felipe;5004;Monitor;1;4285,27;3066,07;4285,27;1219,2
2022-04-30;Centro-Oeste;Bruno;Ciro;9001;Notebook;9;3896,57;2084,21;35069,13;16311,24
2023-02-28;Centro-Oeste;Bruno;Antonia;3003;Placa de Vídeo NVidia;1;3822,56;2998,57;3822,56;823,99
2024-09-30;Sul;Daniela;Marisa;3003;Placa de Vídeo NVidia;2;748,18;439,9;1496,36;616,56
2025-01-31;Sudeste;Ana;Felipe;7002;Smartphone;3;2614,45;1565,1;7843,35;3148,05
2022-07-31;Norte;Daniela;João;2006;WebCam 4k;8;1324,89;789,2;10599,12;4285,52
2022-04-30;Norte;Bruno;Marisa;7002;Smartphone;8;3092,26;2128,27;24738,08;7711,92
2025-10-31;Nordeste;Ana;João;3003;Placa de Vídeo NVidia;8;835,19;562,8;6681,52;2179,12
2024-03-31;Sudeste;Bruno;Manoela;2006;WebCam 4k;5;3595,12;2875,09;17975,6;3600,15
2022-02-28;Sul;Daniela;Manoela;2006;WebCam 4k;9;1222,53;636,99;11002,77;5269,86
2024-06-30;Sul;Ana;Antonia;3003;Placa de Vídeo NVidia;7;958,34;528,46;6708,38;3009,16
2024-05-31;Norte;Carlos;João;1005;Headset;8;1451,05;793,59;11608,4;5259,68
2022-04-30;Nordeste;Fernanda;Manoela;2006;WebCam 4k;8;4152,58;2667,67;33220,64;11879,28
2023-04-30;Norte;Ana;João;7002;Smartphone;3;2020,64;1239,42;6061,92;2343,66
2023-02-28;Sudeste;Daniela;Antonia;7002;Smartphone;8;2851,2;1616,29;22809,6;9879,28
2023-02-28;Norte;Daniela;Marisa;9001;Notebook;5;1361,02;1031,16;6805,1;1649,3
2023-08-31;Sul;Bruno;Antonia;5004;Monitor;9;2153,15;1674,68;19378,35;4306,23
2025-06-30;Sul;Bruno;Manoela;7002;Smartphone;3;3926,08;3021,76;11778,24;2712,96
2023-10-31;Norte;Fernanda;Ciro;9001;Notebook;3;2432,33;1403,36;7296,99;3086,91
2024-08-31;Sudeste;Bruno;Antonia;1005;Headset;2;3638,28;2399,77;7276,56;2477,02
2022-11-30;Norte;Bruno;Manoela;2006;WebCam 4k;8;3302,35;2436,24;26418,8;6928,88
2022-11-30;Centro-Oeste;Fernanda;Manoela;9001;Notebook;8;2039,51;1068,55;16316,08;7767,68
2025-03-31;Sul;Ana;Felipe;7002;Smartphone;9;3189,52;1643,79;28705,68;13911,57
2023-08-31;Norte;Eduardo;Felipe;5004;Monitor;3;2420,37;1412,76;7261,11;3022,83
2023-05-31;Centro-Oeste;Eduardo;Felipe;1005;Headset;2;1589,54;1263,52;3179,08;652,04
2022-04-30;Norte;Fernanda;João;7002;Smartphone;3;2263,82;1575,75;6791,46;2064,21
2025-03-31;Nordeste;Bruno;Antonia;1005;Headset;6;1652,04;1048,69;9912,24;3620,1
2022-06-30;Sul;Ana;Felipe;5004;Monitor;9;3382,91;1922,64;30446,19;13142,43
2024-07-31;Sul;Bruno;Felipe;3003;Placa de Vídeo NVidia;3;4717,25;3311,38;14151,75;4217,61
2025-01-31;Sudeste;Carlos;João;2006;WebCam 4k;5;2812,43;1933,67;14062,15;4393,8
2023-02-28;Nordeste;Bruno;João;9001;Notebook;9;3825,04;2805,7;34425,36;9174,06
2023-05-31;Norte;Carlos;Antonia;9001;Notebook;9;2192,42;1653,89;19731,78;4846,77
2022-11-30;Norte;Daniela;João;2006;WebCam 4k;2;2235,95;1768,2;4471,9;935,5
2024-01-31;Sul;Carlos;Marisa;5004;Monitor;6;4552,66;2380,52;27315,96;13032,84
2024-03-31;Norte;Eduardo;Felipe;7002;Smartphone;4;1572,63;830,53;6290,52;2968,4
2023-01-31;Centro-Oeste;Carlos;Marisa;2006;WebCam 4k;8;968,74;486,11;7749,92;3861,04
2022-02-28;Norte;Bruno;Antonia;3003;Placa de Vídeo NVidia;7;4261,2;2502,0;29828,4;12314,4
2025-06-30;Sudeste;Carlos;Antonia;5004;Monitor;5;4898,33;3829,82;24491,65;5342,55
2022-12-31;Nordeste;Carlos;Antonia;7002;Smartphone;3;3141,93;1908,28;9425,79;3700,95
2024-03-31;Nordeste;Eduardo;João;7002;Smartphone;3;2209,12;1728,28;6627,36;1442,52
2023-01-31;Norte;Bruno;Antonia;2006;WebCam 4k;2;1951,35;1075,19;3902,7;1752,32
2022-08-31;Nordeste;Daniela;Ciro;7002;Smartphone;3;900,66;719,87;2701,98;542,37
2023-03-31;Centro-Oeste;Ana;João;5004;Monitor;3;4663,94;3076,84;13991,82;4761,3
2024-10-31;Norte;Bruno;João;1005;Headset;5;3392,74;2485,09;16963,7;4538,25
2025-06-30;Norte;Fernanda;Felipe;5004;Monitor;6;798,12;559,6;4788,72;1431,12
2022-10-31;Sudeste;Bruno;Manoela;9001;Notebook;3;4705,13;3057,3;14115,39;4943,49
2023-07-31;Centro-Oeste;Eduardo;Ciro;2006;WebCam 4k;2;1388,37;976,92;2776,74;822,9
2023-07-31;Sul;Carlos;Ciro;7002;Smartphone;5;2732,45;1749,51;13662,25;4914,7
2022-01-31;Nordeste;Fernanda;Antonia;7002;Smartphone;8;1211,37;727,55;9690,96;3870,56
2024-07-31;Centro-Oeste;Bruno;Manoela;9001;Notebook;7;3680,4;2393,88;25762,8;9005,64
2024-10-31;Sul;Carlos;Marisa;2006;WebCam 4k;1;4644,18;2964,28;4644,18;1679,9
2022-08-31;Sul;Fernanda;Manoela;9001;Notebook;5;4909,78;3909,2;24548,9;5002,9
2025-03-31;Sul;Daniela;João;3003;Placa de Vídeo NVidia;4;4493,99;2255,3;17975,96;8954,76
2025-05-31;Sudeste;Carlos;Ciro;3003;Placa de Vídeo NVidia;3;3049,55;1562,94;9148,65;4459,83
2024-02-29;Sudeste;Ana;Manoela;1005;Headset;6;764,06;597,05;4584,36;1002,06
2022-08-31;Sudeste;Ana;Antonia;5004;Monitor;2;4454,01;2671,62;8908,02;3564,78
2023-12-31;Nordeste;Fernanda;Marisa;9001;Notebook;2;4414,84;2709,08;8829,68;3411,52
2023-03-31;Sul;Daniela;Antonia;7002;Smartphone;2;1205,55;680,67;2411,1;1049,76
2022-10-31;Sudeste;Fernanda;Marisa;2006;WebCam 4k;1;3327,33;2525,78;3327,33;801,55
2023-12-31;Nordeste;Bruno;João;2006;WebCam 4k;1;2822,82;2094,06;2822,82;728,76
2024-07-31;Sudeste;Ana;Manoela;5004;Monitor;8;2146,8;1557,14;17174,4;4717,28
2023-09-30;Sudeste;Eduardo;João;7002;Smartphone;4;815,85;646,13;3263,4;678,88
2022-12-31;Centro-Oeste;Daniela;Antonia;5004;Monitor;7;3049,55;2237,56;21346,85;5683,93
2023-01-31;Nordeste;Daniela;Manoela;9001;Notebook;4;1632,37;1226,04;6529,48;1625,32
2025-09-30;Nordeste;Ana;Manoela;2006;WebCam 4k;9;4280,41;2601,9;38523,69;15106,59
2023-03-31;Sudeste;Fernanda;Marisa;9001;Notebook;7;3945,08;2096,23;27615,56;12941,95
2022-02-28;Sudeste;Bruno;Marisa;7002;Smartphone;3;4453,6;3159,9;13360,8;3881,1
2023-02-28;Norte;Fernanda;João;1005;Headset;5;2287,5;1145,12;11437,5;5711,9
2022-07-31;Sudeste;Ana;Antonia;5004;Monitor;5;4017,24;2122,27;20086,2;9474,85
2023-12-31;Norte;Bruno;Ciro;1005;Headset;2;3218,65;1894,16;6437,3;2648,98
2024-12-31;Sul;Bruno;Ciro;7002;Smartphone;1;3371,1;1932,73;3371,1;1438,37
2025-05-31;Sudeste;Eduardo;João;2006;WebCam 4k;4;2153,94;1456,98;8615,76;2787,84
2025-08-31;Norte;Ana;Antonia;2006;WebCam 4k;2;3208,34;2088,07;6416,68;2240,54
2024-10-31;Sul;Fernanda;Ciro;9001;Notebook;9;3655,5;2219,33;32899,5;12925,53
2025-03-31;Centro-Oeste;Eduardo;Antonia;2006;WebCam 4k;1;1448,14;1102,18;1448,14;345,96
2025-08-31;Norte;Carlos;João;2006;WebCam 4k;1;1341,55;848,85;1341,55;492,7
2025-08-31;Sul;Carlos;Ciro;7002;Smartphone;9;1629,43;1301,16;14664,87;2954,43
2022-07-31;Centro-Oeste;Daniela;Felipe;3003;Placa de Vídeo NVidia;7;2185,35;1585,08;15297,45;4201,89
2022-08-31;Sul;Ana;Felipe;5004;Monitor;8;4203,21;2913,71;33625,68;10316,0
2025-03-31;Norte;Eduardo;Manoela;7002;Smartphone;7;3941,25;2632,45;27588,75;9161,6
2023-11-30;Sudeste;Daniela;Felipe;7002;Smartphone;9;1950,91;1513,75;17558,19;3934,44
2025-09-30;Sudeste;Bruno;Felipe;9001;Notebook;3;4924,43;2792,15;14773,29;6396,84
2025-05-31;Sudeste;Eduardo;Ciro;5004;Monitor;4;2874,23;1946,22;11496,92;3712,04
2022-12-31;Norte;Fernanda;Marisa;5004;Monitor;2;2950,62;1648,88;5901,24;2603,48
2022-09-30;Sul;Daniela;Manoela;7002;Smartphone;6;1308,02;709,94;7848,12;3588,48
2024-06-30;Sudeste;Bruno;Antonia;5004;Monitor;5;3482,9;1896,62;17414,5;7931,4
2023-04-30;Sudeste;Daniela;Ciro;5004;Monitor;7;1228,94;847,51;8602,58;2670,01
2025-10-31;Norte;Carlos;Manoela;5004;Monitor;5;3292,47;2263,69;16462,35;5143,9
2024-09-30;Sudeste;Ana;Marisa;2006;WebCam 4k;9;2403,64;1460,56;21632,76;8487,72
2025-10-31;Sul;Carlos;Marisa;2006;WebCam 4k;6;2532,04;2001,59;15192,24;3182,7
2023-08-31;Sudeste;Ana;Manoela;5004;Monitor;7;1942,93;1079,08;13600,51;6046,95
2022-12-31;Nordeste;Fernanda;João;5004;Monitor;6;904,75;554,0;5428,5;2104,5
2024-11-30;Centro-Oeste;Eduardo;Manoela;1005;Headset;8;3149,81;1860,75;25198,48;10312,48
2023-03-31;Norte;Eduardo;Marisa;1005;Headset;5;1177,22;748,28;5886,1;2144,7
2024-06-30;Norte;Fernanda;Ciro;5004;Monitor;7;2220,02;1526,72;15540,14;4853,1
2025-05-31;Nordeste;Bruno;Antonia;7002;Smartphone;4;4093,04;2940,72;16372,16;4609,28
2025-05-31;Nordeste;Carlos;Antonia;2006;WebCam 4k;3;4748,01;3330,27;14244,03;4253,22
2025-07-31;Centro-Oeste;Daniela;Manoela;2006;WebCam 4k;6;906,38;678,47;5438,28;1367,46
2022-07-31;Sudeste;Bruno;Antonia;1005;Headset;4;2994,52;2040,57;11978,08;3815,8
2025-06-30;Centro-Oeste;Carlos;Felipe;2006;WebCam 4k;7;3317,54;1859,56;23222,78;10205,86
2023-12-31;Centro-Oeste;Eduardo;Antonia;3003;Placa de Vídeo NVidia;5;3193,58;2432,44;15967,9;3805,7
2022-05-31;Sudeste;Fernanda;João;2006;WebCam 4k;1;2042,19;1437,61;2042,19;604,58
2023-09-30;Sudeste;Bruno;João;5004;Monitor;4;2287,82;1222,89;9151,28;4259,72
2023-07-31;Centro-Oeste;Daniela;João;3003;Placa de Vídeo NVidia;9;2649,6;1479,79;23846,4;10528,29
2024-01-31;Centro-Oeste;Ana;Marisa;5004;Monitor;8;1595,13;1086,13;12761,04;4072,0
2022-11-30;Sul;Daniela;Marisa;7002;Smartphone;6;1043,63;684,09;6261,78;2157,24
2024-01-31;Nordeste;Eduardo;Ciro;1005;Headset;3;3721,3;2633,11;11163,9;3264,57
2022-03-31;Norte;Daniela;Felipe;2006;WebCam 4k;7;1051,19;795,09;7358,33;1792,7
2024-11-30;Nordeste;Bruno;Antonia;1005;Headset;1;4527,02;2285,37;4527,02;2241,65
2025-10-31;Norte;Bruno;Marisa;9001;Notebook;8;2008,57;1006,27;16068,56;8018,4
2022-04-30;Centro-Oeste;Daniela;Antonia;1005;Headset;9;2852,24;1843,31;25670,16;9080,37
2023-04-30;Sudeste;Carlos;Antonia;5004;Monitor;5;4076,45;2692,48;20382,25;6919,85
2024-10-31;Sul;Bruno;Manoela;2006;WebCam 4k;6;2006,72;1583,78;12040,32;2537,64
2022-10-31;Sul;Bruno;Antonia;7002;Smartphone;3;4899,43;2869,45;14698,29;6089,94
2023-02-28;Nordeste;Bruno;Marisa;9001;Notebook;6;1052,1;650,48;6312,6;2409,72
2022-09-30;Norte;Carlos;João;3003;Placa de Vídeo NVidia;1;2301,57;1817,84;2301,57;483,73
2022-01-31;Sudeste;Carlos;Antonia;7002;Smartphone;7;804,84;539,06;5633,88;1860,46
2024-02-29;Sul;Carlos;Ciro;3003;Placa de Vídeo NVidia;9;2918,28;2020,93;26264,52;8076,15
2023-05-31;Centro-Oeste;Carlos;Antonia;9001;Notebook;4;1649,71;1192,7;6598,84;1828,04
2025-09-30;Norte;Daniela;Ciro;7002;Smartphone;8;3382,17;1872,27;27057,36;12079,2
2024-06-30;Sudeste;Ana;João;2006;WebCam 4k;4;1069,56;788,95;4278,24;1122,44
2024-06-30;Centro-Oeste;Fernanda;Manoela;9001;Notebook;9;830,82;645,88;7477,38;1664,46
2024-12-31;Sudeste;Eduardo;Manoela;2006;WebCam 4k;3;2767,92;1645,01;8303,76;3368,73
2022-08-31;Norte;Carlos;João;2006;WebCam 4k;8;916,92;544,32;7335,36;2980,8
2025-02-28;Centro-Oeste;Bruno;Marisa;9001;Notebook;8;1542,89;997,58;12343,12;4362,48
2025-04-30;Sul;Fernanda;Manoela;7002;Smartphone;7;4987,02;3728,2;34909,14;8811,74
2023-11-30;Centro-Oeste;Bruno;Antonia;3003;Placa de Vídeo NVidia;1;1131,41;711,91;1131,41;419,5
2024-08-31;Centro-Oeste;Carlos;Felipe;5004;Monitor;2;2264,27;1645,25;4528,54;1238,04
2023-10-31;Nordeste;Eduardo;João;5004;Monitor;8;1242,9;872,98;9943,2;2959,36
2022-09-30;Sudeste;Ana;Manoela;3003;Placa de Vídeo NVidia;8;3768,84;2177,38;30150,72;12731,68
2023-02-28;Nordeste;Eduardo;Marisa;7002;Smartphone;1;2404,73;1785,19;2404,73;619,54
2025-09-30;Sul;Fernanda;Ciro;3003;Placa de Vídeo NVidia;4;1110,67;578,41;4442,68;2129,04
2024-04-30;Norte;Bruno;Antonia;7002;Smartphone;2;3805,4;2571,0;7610,8;2468,8
2022-05-31;Nordeste;Ana;Ciro;5004;Monitor;6;2542,69;2016,44;15256,14;3157,5
2023-04-30;Norte;Daniela;Felipe;2006;WebCam 4k;9;2725,81;1978,67;24532,29;6724,26
2022-01-31;Norte;Ana;Felipe;1005;Headset;5;4347,8;2260,4;21739,0;10437,0
2025-02-28;Centro-Oeste;Daniela;Marisa;9001;Notebook;7;1164,38;803,29;8150,66;2527,63
2024-04-30;Norte;Daniela;João;2006;WebCam 4k;6;3531,04;2142,12;21186,24;8333,52
2025-06-30;Nordeste;Ana;João;9001;Notebook;2;1355,05;923,55;2710,1;863,0
2023-01-31;Sul;Bruno;João;2006;WebCam 4k;3;4724,69;3467,3;14174,07;3772,17
2023-12-31;Centro-Oeste;Bruno;Felipe;1005;Headset;1;2283,42;1573,68;2283,42;709,74
2024-10-31;Centro-Oeste;Daniela;Marisa;1005;Headset;6;1449,99;730,59;8699,94;4316,4
2024-05-31;Norte;Bruno;Marisa;5004;Monitor;1;4983,03;3126,95;4983,03;1856,08
2023-05-31;Sudeste;Ana;Felipe;3003;Placa de Vídeo NVidia;5;763,0;523,62;3815,0;1196,9
2023-11-30;Nordeste;Fernanda;Ciro;1005;Headset;3;1202,06;607,81;3606,18;1782,75
2025-02-28;Sudeste;Eduardo;João;3003;Placa de Vídeo NVidia;4;3572,27;1880,69;14289,08;6766,32
2025-02-28;Sudeste;Daniela;Antonia;5004;Monitor;8;2293,11;1768,67;18344,88;4195,52
2022-06-30;Norte;Bruno;Antonia;9001;Notebook;1;4829,64;3223,0;4829,64;1606,64
2024-05-31;Nordeste;Bruno;Felipe;2006;WebCam 4k;6;3296,42;1858,5;19778,52;8627,52
2025-01-31;Nordeste;Daniela;Marisa;5004;Monitor;4;3335,61;2240,99;13342,44;4378,48
2023-07-31;Nordeste;Eduardo;Felipe;9001;Notebook;4;2003,21;1272,63;8012,84;2922,32
2022-02-28;Norte;Fernanda;Manoela;1005;Headset;7;4799,43;3548,65;33596,01;8755,46
2025-05-31;Centro-Oeste;Ana;Marisa;2006;WebCam 4k;1;4861,7;2663,01;4861,7;2198,69
2024-10-31;Sudeste;Fernanda;Ciro;2006;WebCam 4k;9;3514,67;1873,44;31632,03;14771,07
2025-05-31;Norte;Ana;Marisa;9001;Notebook;2;1425,66;966,91;2851,32;917,5
2025-08-31;Sudeste;Eduardo;Manoela;5004;Monitor;1;3411,5;2178,42;3411,5;1233,08
2024-05-31;Nordeste;Carlos;João;7002;Smartphone;6;4212,77;3176,27;25276,62;6219,0
2024-10-31;Norte;Daniela;Felipe;5004;Monitor;3;3478,36;2518,93;10435,08;2878,29
2025-09-30;Centro-Oeste;Carlos;Manoela;9001;Notebook;9;1901,76;988,43;17115,84;8219,97
2022-06-30;Centro-Oeste;Bruno;Ciro;7002;Smartphone;5;625,32;345,45;3126,6;1399,35
2024-05-31;Centro-Oeste;Daniela;Antonia;5004;Monitor;4;1616,23;921,66;6464,92;2778,28
2025-05-31;Centro-Oeste;Ana;Manoela;1005;Headset;9;2224,81;1539,79;20023,29;6165,18
2022-12-31;Centro-Oeste;Daniela;Manoela;2006;WebCam 4k;4;1069,38;785,93;4277,52;1133,8
2023-12-31;Sudeste;Carlos;Antonia;7002;Smartphone;6;2762,6;1938,39;16575,6;4945,26
2022-05-31;Sul;Fernanda;Manoela;7002;Smartphone;2;4054,69;3072,84;8109,38;1963,7
2024-02-29;Sudeste;Bruno;Antonia;3003;Placa de Vídeo NVidia;1;570,41;440,49;570,41;129,92
2023-01-31;Sudeste;Eduardo;Manoela;5004;Monitor;4;4863,07;2536,58;19452,28;9305,96
2023-05-31;Norte;Daniela;Marisa;3003;Placa de Vídeo NVidia;7;3908,43;2691,13;27359,01;8521,1
2024-03-31;Sudeste;Fernanda;João;2006;WebCam 4k;3;4201,99;2479,21;12605,97;5168,34
2023-10-31;Centro-Oeste;Fernanda;Manoela;3003;Placa de Vídeo NVidia;7;3277,53;2049,36;22942,71;8597,19
2022-08-31;Nordeste;Eduardo;Manoela;2006;WebCam 4k;5;4517,75;3000,53;22588,75;7586,1
2024-07-31;Sul;Bruno;Marisa;9001;Notebook;7;3422,8;2105,86;23959,6;9218,58
2025-02-28;Nordeste;Ana;Manoela;9001;Notebook;3;1886,69;1161,37;5660,07;2175,96
2024-03-31;Nordeste;Carlos;Antonia;3003;Placa de Vídeo NVidia;9;910,36;493,18;8193,24;3754,62
2025-10-31;Sudeste;Eduardo;Antonia;7002;Smartphone;9;562,97;421,58;5066,73;1272,51
2024-12-31;Sul;Eduardo;Manoela;3003;Placa de Vídeo NVidia;1;966,66;650,77;966,66;315,89
2023-02-28;Nordeste;Fernanda;João;2006;WebCam 4k;3;549,89;377,6;1649,67;516,87
2025-06-30;Norte;Daniela;Marisa;2006;WebCam 4k;6;2687,83;1800,96;16126,98;5321,22
2022-12-31;Nordeste;Ana;Antonia;9001;Notebook;7;2456,08;1477,85;17192,56;6847,61
2025-03-31;Sudeste;Carlos;Manoela;5004;Monitor;7;1852,79;1252,63;12969,53;4201,12
2023-08-31;Centro-Oeste;Carlos;Felipe;5004;Monitor;7;3661,28;2647,56;25628,96;7096,04
2025-08-31;Centro-Oeste;Daniela;Felipe;3003;Placa de Vídeo NVidia;4;2969,47;2121,39;11877,88;3392,32
2024-10-31;Nordeste;Bruno;Felipe;5004;Monitor;6;3819,12;2586,74;22914,72;7394,28
2023-06-30;Sudeste;Carlos;Felipe;1005;Headset;4;1473,65;744,74;5894,6;2915,64
2022-07-31;Sudeste;Fernanda;Manoela;9001;Notebook;2;2173,7;1502,8;4347,4;1341,8
2023-10-31;Centro-Oeste;Ana;Ciro;1005;Headset;7;1965,53;1487,81;13758,71;3344,04
2024-08-31;Sul;Bruno;João;2006;WebCam 4k;4;3187,49;2504,6;12749,96;2731,56
2022-09-30;Sul;Carlos;Manoela;2006;WebCam 4k;9;1205,51;856,94;10849,59;3137,13
2023-08-31;Nordeste;Carlos;Felipe;7002;Smartphone;2;2088,54;1248,04;4177,08;1681,0
2022-09-30;Sudeste;Carlos;Marisa;7002;Smartphone;7;2862,45;1854,75;20037,15;7053,9
2023-10-31;Nordeste;Carlos;Ciro;3003;Placa de Vídeo NVidia;7;2376,49;1827,76;16635,43;3841,11
2024-11-30;Sul;Ana;Ciro;2006;WebCam 4k;5;2862,02;1727,2;14310,1;5674,1
2022-01-31;Norte;Ana;Manoela;3003;Placa de Vídeo NVidia;4;4305,02;2415,85;17220,08;7556,68
2024-12-31;Centro-Oeste;Bruno;Antonia;3003;Placa de Vídeo NVidia;8;4446,22;3430,76;35569,76;8123,68
2022-07-31;Centro-Oeste;Carlos;João;1005;Headset;2;1856,36;1411,05;3712,72;890,62
2022-03-31;Sul;Carlos;Felipe;7002;Smartphone;9;4194,87;3172,59;37753,83;9200,52
2022-02-28;Nordeste;Bruno;João;5004;Monitor;9;1483,95;853,38;13355,55;5675,13
2022-12-31;Sul;Daniela;Manoela;5004;Monitor;8;4197,77;2409,0;33582,16;14310,16
2023-10-31;Sudeste;Ana;Manoela;1005;Headset;8;1139,31;791,65;9114,48;2781,28
2022-10-31;Nordeste;Fernanda;Felipe;9001;Notebook;6;4633,66;2543,47;27801,96;12541,14
2025-08-31;Nordeste;Carlos;Ciro;7002;Smartphone;2;670,59;525,97;1341,18;289,24
2022-05-31;Sudeste;Fernanda;Felipe;1005;Headset;2;1897,54;1068,57;3795,08;1657,94
2025-06-30;Sul;Daniela;Manoela;9001;Notebook;7;4413,68;2621,81;30895,76;12543,09
2023-08-31;Norte;Eduardo;João;1005;Headset;4;708,04;361,86;2832,16;1384,72
2022-04-30;Sudeste;Daniela;Ciro;1005;Headset;4;3500,36;1874,61;14001,44;6503,0
2022-08-31;Norte;Ana;João;5004;Monitor;5;4480,34;3032,91;22401,7;7237,15
2023-03-31;Sudeste;Fernanda;Felipe;7002;Smartphone;1;3025,3;2392,58;3025,3;632,72
2023-05-31;Sudeste;Eduardo;Marisa;3003;Placa de Vídeo NVidia;1;2748,14;1593,28;2748,14;1154,86
2023-04-30;Nordeste;Eduardo;Antonia;5004;Monitor;3;3960,14;2912,07;11880,42;3144,21
2023-06-30;Nordeste;Carlos;Manoela;3003;Placa de Vídeo NVidia;9;3279,25;1840,16;29513,25;12951,81
2024-05-31;Centro-Oeste;Eduardo;João;1005;Headset;2;2396,94;1594,14;4793,88;1605,6
2024-06-30;Sudeste;Eduardo;Manoela;2006;WebCam 4k;6;3863,79;2141,58;23182,74;10333,26
2025-01-31;Sul;Daniela;Ciro;5004;Monitor;9;3980,99;2101,54;35828,91;16915,05
2022-10-31;Centro-Oeste;Bruno;Ciro;7002;Smartphone;7;4159,57;2216,36;29116,99;13602,47
2025-04-30;Norte;Carlos;João;9001;Notebook;3;4414,46;2462,53;13243,38;5855,79
2023-01-31;Centro-Oeste;Fernanda;Marisa;7002;Smartphone;6;3214,9;2312,43;19289,4;5414,82
2023-10-31;Nordeste;Carlos;Marisa;2006;WebCam 4k;8;3731,91;2196,49;29855,28;12283,36
2022-05-31;Centro-Oeste;Bruno;Felipe;1005;Headset;7;1457,51;983,23;10202,57;3319,96
2023-12-31;Centro-Oeste;Bruno;Manoela;7002;Smartphone;2;4354,21;2187,2;8708,42;4334,02
2022-09-30;Sul;Bruno;Marisa;9001;Notebook;7;4927,33;2868,71;34491,31;14410,34
2024-04-30;Nordeste;Fernanda;Antonia;1005;Headset;9;1709,24;1189,77;15383,16;4675,23
2024-07-31;Nordeste;Daniela;Ciro;1005;Headset;4;1805,47;1296,03;7221,88;2037,76
2024-06-30;Sul;Ana;Marisa;5004;Monitor;2;4509,43;3598,94;9018,86;1820,98
2023-11-30;Nordeste;Fernanda;Antonia;2006;WebCam 4k;1;3074,02;2405,61;3074,02;668,41
2025-05-31;Sul;Ana;Manoela;2006;WebCam 4k;6;2370,28;1716,48;14221,68;3922,8
2024-09-30;Norte;Carlos;Antonia;1005;Headset;6;4713,21;3140,32;28279,26;9437,34
2025-02-28;Centro-Oeste;Eduardo;João;2006;WebCam 4k;4;949,15;692,65;3796,6;1026,0
2022-12-31;Sudeste;Carlos;Marisa;5004;Monitor;1;3208,47;2218,11;3208,47;990,36
2022-07-31;Nordeste;Fernanda;João;3003;Placa de Vídeo NVidia;8;1485,88;875,06;11887,04;4886,56
2022-03-31;Sudeste;Fernanda;Marisa;7002;Smartphone;9;2347,04;1707,01;21123,36;5760,27
2023-09-30;Sudeste;Ana;Antonia;3003;Placa de Vídeo NVidia;6;3897,14;2684,25;23382,84;7277,34
2025-04-30;Sudeste;Eduardo;João;7002;Smartphone;9;2709,98;1728,16;24389,82;8836,38
2023-05-31;Norte;Ana;Ciro;9001;Notebook;1;4525,64;2434,54;4525,64;2091,1
2022-01-31;Norte;Ana;Ciro;9001;Notebook;1;4935,83;3500,35;4935,83;1435,48
2024-08-31;Sudeste;Carlos;Manoela;3003;Placa de Vídeo NVidia;7;3919,64;1988,35;27437,48;13519,03
2025-05-31;Sudeste;Daniela;Manoela;3003;Placa de Vídeo NVidia;2;1856,35;1238,98;3712,7;1234,74
2025-03-31;Sudeste;Bruno;Marisa;7002;Smartphone;3;540,6;353,35;1621,8;561,75
2023-04-30;Norte;Eduardo;Ciro;5004;Monitor;4;3391,01;2444,42;13564,04;3786,36
2024-06-30;Norte;Daniela;Manoela;1005;Headset;3;1169,27;804,81;3507,81;1093,38
2024-04-30;Centro-Oeste;Eduardo;Ciro;1005;Headset;4;1310,7;857,82;5242,8;1811,52
2024-06-30;Sul;Ana;João;9001;Notebook;5;3154,97;2122,44;15774,85;5162,65
2023-11-30;Norte;Carlos;Manoela;5004;Monitor;6;4887,09;3364,01;29322,54;9138,48
2025-01-31;Nordeste;Fernanda;Manoela;3003;Placa de Vídeo NVidia;4;3689,07;2648,77;14756,28;4161,2
2022-10-31;Centro-Oeste;Bruno;Felipe;3003;Placa de Vídeo NVidia;5;2926,44;2204,38;14632,2;3610,3
2023-10-31;Sudeste;Ana;Antonia;5004;Monitor;1;4412,71;2491,71;4412,71;1921,0
2025-02-28;Nordeste;Daniela;Antonia;2006;WebCam 4k;6;3417,23;1955,01;20503,38;8773,32
2022-09-30;Norte;Eduardo;Antonia;2006;WebCam 4k;5;3582,94;2156,08;17914,7;7134,3
2025-10-31;Norte;Bruno;Marisa;9001;Notebook;9;1487,33;817,37;13385,97;6029,64
2025-04-30;Nordeste;Daniela;Antonia;5004;Monitor;4;3698,7;2275,4;14794,8;5693,2
2022-11-30;Nordeste;Eduardo;Manoela;3003;Placa de Vídeo NVidia;7;3578,15;2464,04;25047,05;7798,77
2025-01-31;Sudeste;Daniela;Manoela;5004;Monitor;9;2388,53;1770,58;21496,77;5561,55
2024-02-29;Norte;Fernanda;Marisa;5004;Monitor;2;734,32;442,52;1468,64;583,6
2022-09-30;Centro-Oeste;Bruno;Manoela;5004;Monitor;2;3304,29;1755,37;6608,58;3097,84
2022-07-31;Sudeste;Eduardo;Marisa;3003;Placa de Vídeo NVidia;9;3248,86;2234,18;29239,74;9132,12
2025-06-30;Norte;Daniela;Marisa;9001;Notebook;8;4214,33;3127,64;33714,64;8693,52
2022-11-30;Nordeste;Eduardo;Ciro;5004;Monitor;7;4755,45;3384,13;33288,15;9599,24
2022-09-30;Sul;Bruno;Manoela;3003;Placa de Vídeo NVidia;2;1995,8;1167,4;3991,6;1656,8
2022-04-30;Norte;Bruno;João;2006;WebCam 4k;5;4865,91;3084,65;24329,55;8906,3
2022-05-31;Sudeste;Eduardo;João;1005;Headset;1;1482,01;915,47;1482,01;566,54
2024-06-30;Nordeste;Ana;Marisa;3003;Placa de Vídeo NVidia;5;4331,79;2793,14;21658,95;7693,25
2024-02-29;Centro-Oeste;Ana;Antonia;5004;Monitor;3;1278,57;652,88;3835,71;1877,07
2023-09-30;Norte;Bruno;Ciro;5004;Monitor;9;3433,0;2369,2;30897,0;9574,2
2025-03-31;Sul;Bruno;Marisa;7002;Smartphone;3;1624,74;844,98;4874,22;2339,28
2024-11-30;Norte;Ana;João;3003;Placa de Vídeo NVidia;5;1453,79;1129,86;7268,95;1619,65
2023-08-31;Sudeste;Daniela;Felipe;3003;Placa de Vídeo NVidia;7;4569,86;2364,26;31989,02;15439,2
2022-12-31;Sudeste;Daniela;Antonia;7002;Smartphone;7;2892,85;1497,09;20249,95;9770,32
2024-09-30;Sudeste;Carlos;Felipe;1005;Headset;9;4504,52;2985,74;40540,68;13669,02
2024-03-31;Sudeste;Ana;João;7002;Smartphone;7;2283,05;1475,6;15981,35;5652,15
2023-02-28;Norte;Bruno;Ciro;2006;WebCam 4k;8;2988,33;2290,08;23906,64;5586,0
2023-10-31;Nordeste;Daniela;Manoela;3003;Placa de Vídeo NVidia;5;2668,15;2037,16;13340,75;3154,95
2022-12-31;Sul;Fernanda;Felipe;7002;Smartphone;5;958,4;614,16;4792,0;1721,2
2024-04-30;Nordeste;Ana;Felipe;7002;Smartphone;9;3334,04;1667,58;30006,36;14998,14
2022-02-28;Norte;Bruno;Ciro;3003;Placa de Vídeo NVidia;4;1699,6;1056,75;6798,4;2571,4
2023-03-31;Centro-Oeste;Eduardo;Felipe;3003;Placa de Vídeo NVidia;2;2819,83;1638,36;5639,66;2362,94
2022-10-31;Norte;Fernanda;Ciro;7002;Smartphone;1;4388,9;3254,46;4388,9;1134,44
2024-01-31;Centro-Oeste;Carlos;João;9001;Notebook;3;1421,56;936,99;4264,68;1453,71
2022-07-31;Sul;Daniela;Ciro;7002;Smartphone;4;873,73;477,37;3494,92;1585,44
2023-08-31;Sul;Daniela;Felipe;5004;Monitor;4;645,95;341,38;2583,8;1218,28
2023-11-30;Sul;Eduardo;Antonia;7002;Smartphone;3;2831,56;1998,63;8494,68;2498,79
2022-05-31;Centro-Oeste;Eduardo;João;3003;Placa de Vídeo NVidia;9;1371,43;832,8;12342,87;4847,67
2024-06-30;Norte;Carlos;Felipe;9001;Notebook;9;1417,76;784,73;12759,84;5697,27
2025-06-30;Sul;Eduardo;Felipe;1005;Headset;9;1425,71;845,69;12831,39;5220,18
2024-06-30;Centro-Oeste;Bruno;Ciro;9001;Notebook;4;3531,36;2762,25;14125,44;3076,44
2023-04-30;Centro-Oeste;Bruno;João;5004;Monitor;6;3079,54;1642,84;18477,24;8620,2
2025-04-30;Sudeste;Ana;Manoela;3003;Placa de Vídeo NVidia;6;3528,99;2426,11;21173,94;6617,28
2024-12-31;Nordeste;Ana;Ciro;1005;Headset;3;655,03;329,92;1965,09;975,33
2023-05-31;Sudeste;Fernanda;João;2006;WebCam 4k;4;4078,0;2429,83;16312,0;6592,68
2024-02-29;Norte;Eduardo;Marisa;5004;Monitor;8;4803,82;3544,04;38430,56;10078,24
2022-07-31;Norte;Ana;Ciro;2006;WebCam 4k;5;715,43;540,08;3577,15;876,75
2024-04-30;Nordeste;Ana;Ciro;9001;Notebook;9;1881,61;1409,13;16934,49;4252,32
2022-05-31;Norte;Eduardo;Ciro;7002;Smartphone;4;2065,33;1129,02;8261,32;3745,24
2025-07-31;Sudeste;Carlos;Felipe;7002;Smartphone;2;959,38;678,91;1918,76;560,94
2025-09-30;Sul;Daniela;Marisa;2006;WebCam 4k;6;3107,75;2167,79;18646,5;5639,76
2023-07-31;Sudeste;Daniela;Marisa;9001;Notebook;9;4845,75;3433,51;43611,75;12710,16
2023-04-30;Sudeste;Bruno;Antonia;3003;Placa de Vídeo NVidia;4;1531,89;1166,38;6127,56;1462,04
2024-08-31;Sudeste;Ana;Felipe;3003;Placa de Vídeo NVidia;8;3700,55;2182,51;29604,4;12144,32
2022-01-31;Norte;Daniela;Ciro;7002;Smartphone;9;725,61;380,24;6530,49;3108,33
2024-10-31;Centro-Oeste;Carlos;Manoela;3003;Placa de Vídeo NVidia;2;4473,57;2714,1;8947,14;3518,94
2025-08-31;Norte;Bruno;Ciro;3003;Placa de Vídeo NVidia;7;1559,41;1160,44;10915,87;2792,79
2025-08-31;Sul;Eduardo;Manoela;7002;Smartphone;6;3291,56;2519,02;19749,36;4635,24
2023-09-30;Nordeste;Eduardo;Manoela;7002;Smartphone;4;4852,52;3401,35;19410,08;5804,68
2022-03-31;Norte;Bruno;Ciro;9001;Notebook;8;2498,23;1769,25;19985,84;5831,84
2024-06-30;Norte;Carlos;Ciro;9001;Notebook;2;2620,09;1311,1;5240,18;2617,98
2024-12-31;Norte;Bruno;Antonia;2006;WebCam 4k;9;1342,3;912,19;12080,7;3870,99
2025-06-30;Sudeste;Carlos;Manoela;1005;Headset;6;3235,08;1839,93;19410,48;8370,9
2025-02-28;Nordeste;Eduardo;Antonia;9001;Notebook;7;1298,74;809,09;9091,18;3427,55
2025-06-30;Norte;Ana;João;2006;WebCam 4k;4;2282,79;1492,44;9131,16;3161,4
2023-01-31;Sul;Carlos;Antonia;2006;WebCam 4k;3;1593,75;878,68;4781,25;2145,21
2024-06-30;Centro-Oeste;Fernanda;Antonia;7002;Smartphone;1;2725,13;2133,63;2725,13;591,5
2025-02-28;Centro-Oeste;Fernanda;Antonia;5004;Monitor;4;3806,67;2009,94;15226,68;7186,92
2023-05-31;Nordeste;Fernanda;Antonia;7002;Smartphone;7;4390,74;2519,81;30735,18;13096,51
2023-10-31;Centro-Oeste;Eduardo;Felipe;2006;WebCam 4k;9;1387,99;1074,72;12491,91;2819,43
2023-02-28;Nordeste;Ana;Ciro;3003;Placa de Vídeo NVidia;5;1389,85;700,84;6949,25;3445,05
2024-07-31;Sul;Fernanda;Ciro;9001;Notebook;6;3663,46;2638,23;21980,76;6151,38
2022-06-30;Sul;Ana;João;9001;Notebook;1;2197,38;1519,54;2197,38;677,84
2025-04-30;Nordeste;Eduardo;Felipe;5004;Monitor;9;2381,12;1678,74;21430,08;6321,42
2022-05-31;Norte;Eduardo;Ciro;7002;Smartphone;2;2105,69;1062,34;4211,38;2086,7
2024-09-30;Norte;Bruno;Marisa;7002;Smartphone;9;1879,74;1487,05;16917,66;3534,21
2025-04-30;Sudeste;Carlos;Antonia;5004;Monitor;3;1965,54;1416,39;5896,62;1647,45
2025-05-31;Centro-Oeste;Ana;Felipe;1005;Headset;7;3391,12;2711,95;23737,84;4754,19
2023-05-31;Nordeste;Carlos;Felipe;9001;Notebook;9;4081,01;2985,7;36729,09;9857,79
2024-07-31;Sul;Eduardo;Manoela;2006;WebCam 4k;1;3220,18;1901,05;3220,18;1319,13
2023-06-30;Nordeste;Ana;Felipe;3003;Placa de Vídeo NVidia;6;611,32;442,51;3667,92;1012,86
2023-07-31;Centro-Oeste;Carlos;Antonia;7002;Smartphone;7;4062,22;2285,47;28435,54;12437,25
2022-08-31;Sudeste;Bruno;Antonia;1005;Headset;2;951,44;507,23;1902,88;888,42
2022-07-31;Sul;Carlos;Antonia;3003;Placa de Vídeo NVidia;2;4676,73;2732,37;9353,46;3888,72
2023-03-31;Norte;Fernanda;Marisa;7002;Smartphone;7;4780,37;3376,18;33462,59;9829,33
2025-03-31;Sul;Daniela;Ciro;7002;Smartphone;7;2065,29;1040,69;14457,03;7172,2
2023-05-31;Norte;Ana;Felipe;3003;Placa de Vídeo NVidia;6;4190,3;2489,26;25141,8;10206,24
2023-07-31;Norte;Ana;João;9001;Notebook;5;1773,08;1406,13;8865,4;1834,75
2025-07-31;Norte;Daniela;Felipe;7002;Smartphone;2;4992,87;2757,56;9985,74;4470,62
2023-09-30;Nordeste;Bruno;Marisa;7002;Smartphone;5;2078,66;1074,52;10393,3;5020,7
2023-12-31;Centro-Oeste;Fernanda;Antonia;3003;Placa de Vídeo NVidia;1;2701,61;1610,1;2701,61;1091,51
2024-03-31;Nordeste;Bruno;Felipe;1005;Headset;8;3846,34;2748,01;30770,72;8786,64
2022-12-31;Sudeste;Carlos;João;1005;Headset;3;4771,98;3531,89;14315,94;3720,27
2022-05-31;Norte;Carlos;Marisa;5004;Monitor;2;3898,06;2656,51;7796,12;2483,1
2025-02-28;Norte;Fernanda;Felipe;7002;Smartphone;1;2972,71;1841,41;2972,71;1131,3
2023-10-31;Centro-Oeste;Carlos;Marisa;7002;Smartphone;4;1596,69;967,97;6386,76;2514,88
2025-02-28;Sudeste;Daniela;Felipe;1005;Headset;3;2574,12;1705,07;7722,36;2607,15
2023-01-31;Centro-Oeste;Ana;Antonia;3003;Placa de Vídeo NVidia;4;4648,23;3232,9;18592,92;5661,32
2025-06-30;Sudeste;Bruno;Felipe;7002;Smartphone;5;1591,04;932,48;7955,2;3292,8
2025-03-31;Sudeste;Eduardo;Ciro;9001;Notebook;5;1247,67;626,35;6238,35;3106,6
2022-07-31;Nordeste;Eduardo;Antonia;1005;Headset;3;4839,91;3647,43;14519,73;3577,44
2023-07-31;Sul;Carlos;Marisa;9001;Notebook;8;3343,21;2088,66;26745,68;10036,4
2024-03-31;Centro-Oeste;Eduardo;João;5004;Monitor;1;1532,27;1069,22;1532,27;463,05
2022-10-31;Nordeste;Fernanda;Ciro;3003;Placa de Vídeo NVidia;5;2852,21;2195,97;14261,05;3281,2
2023-02-28;Sudeste;Bruno;Antonia;5004;Monitor;6;2307,46;1363,4;13844,76;5664,36
2025-02-28;Nordeste;Bruno;Marisa;3003;Placa de Vídeo NVidia;8;1802,6;1426,75;14420,8;3006,8
2023-07-31;Sudeste;Fernanda;Ciro;5004;Monitor;8;4198,79;2906,95;33590,32;10334,72
2022-08-31;Nordeste;Fernanda;Antonia;1005;Headset;3;1679,96;879,32;5039,88;2401,92
2025-10-31;Norte;Bruno;Antonia;2006;WebCam 4k;4;3782,58;2542,93;15130,32;4958,6
2024-07-31;Sul;Bruno;Antonia;2006;WebCam 4k;7;2864,16;1680,04;20049,12;8288,84
2022-01-31;Nordeste;Fernanda;Antonia;1005;Headset;1;4924,2;3838,85;4924,2;1085,35
2025-09-30;Centro-Oeste;Daniela;João;9001;Notebook;1;3608,82;2836,76;3608,82;772,06
2022-12-31;Norte;Eduardo;João;3003;Placa de Vídeo NVidia;8;3404,6;1875,11;27236,8;12235,92
2022-08-31;Sudeste;Fernanda;João;5004;Monitor;6;969,86;759,5;5819,16;1262,16
2023-04-30;Sul;Fernanda;Ciro;1005;Headset;6;4477,13;2479,5;26862,78;11985,78
2023-01-31;Centro-Oeste;Eduardo;João;1005;Headset;9;2885,68;1805,05;25971,12;9725,67
2024-05-31;Sul;Carlos;Ciro;9001;Notebook;5;3962,53;2863,75;19812,65;5493,9
2025-10-31;Centro-Oeste;Ana;Marisa;1005;Headset;2;1232,76;794,62;2465,52;876,28
2025-04-30;Centro-Oeste;Eduardo;João;7002;Smartphone;6;1309,97;823,62;7859,82;2918,1
2023-04-30;Norte;Daniela;Manoela;1005;Headset;2;1628,24;823,53;3256,48;1609,42
2022-06-30;Norte;Ana;Manoela;1005;Headset;6;4624,3;3495,71;27745,8;6771,54
2023-11-30;Norte;Fernanda;Antonia;3003;Placa de Vídeo NVidia;8;3228,83;1757,37;25830,64;11771,68
2023-06-30;Sudeste;Eduardo;João;1005;Headset;7;903,86;536,06;6327,02;2574,6
2025-05-31;Centro-Oeste;Bruno;Manoela;1005;Headset;4;2473,74;1346,61;9894,96;4508,52
2025-06-30;Sul;Carlos;Ciro;3003;Placa de Vídeo NVidia;6;514,75;338,07;3088,5;1060,08
2024-04-30;Norte;Fernanda;Marisa;1005;Headset;8;1169,94;706,53;9359,52;3707,28
2023-07-31;Nordeste;Ana;Marisa;1005;Headset;4;3172,18;1912,19;12688,72;5039,96
2023-03-31;Nordeste;Carlos;Marisa;2006;WebCam 4k;7;3954,53;2288,97;27681,71;11658,92
2022-11-30;Sul;Daniela;Manoela;3003;Placa de Vídeo NVidia;3;4515,1;2513,76;13545,3;6004,02
2024-12-31;Sul;Carlos;Marisa;9001;Notebook;5;4378,04;2374,41;21890,2;10018,15
2025-03-31;Sul;Fernanda;João;9001;Notebook;1;2935,88;1933,2;2935,88;1002,68
2023-03-31;Sudeste;Fernanda;Manoela;7002;Smartphone;1;2418,17;1905,03;2418,17;513,14
2023-12-31;Norte;Bruno;Marisa;7002;Smartphone;4;1280,31;777,42;5121,24;2011,56
2022-09-30;Norte;Carlos;Marisa;2006;WebCam 4k;3;4721,67;2514,82;14165,01;6620,55
2025-01-31;Sul;Carlos;Antonia;9001;Notebook;3;875,71;568,42;2627,13;921,87
2024-06-30;Sudeste;Fernanda;Ciro;2006;WebCam 4k;3;684,99;365,59;2054,97;958,2
2025-10-31;Centro-Oeste;Ana;Marisa;1005;Headset;8;4859,59;3239,1;38876,72;12963,92
2024-05-31;Norte;Ana;Ciro;7002;Smartphone;1;3791,34;2628,69;3791,34;1162,65
2023-10-31;Norte;Ana;João;2006;WebCam 4k;6;3974,16;2185,2;23844,96;10733,76
2023-07-31;Nordeste;Fernanda;Manoela;2006;WebCam 4k;4;4494,46;2927,79;17977,84;6266,68
2025-04-30;Sudeste;Daniela;Manoela;5004;Monitor;1;4717,05;2821,92;4717,05;1895,13
2025-02-28;Sul;Bruno;Antonia;7002;Smartphone;8;3982,39;2572,94;31859,12;11275,6
2025-02-28;Centro-Oeste;Ana;Felipe;9001;Notebook;1;3084,03;1860,19;3084,03;1223,84
2023-07-31;Sudeste;Bruno;João;5004;Monitor;2;778,55;393,05;1557,1;771,0
2024-10-31;Sul;Carlos;Manoela;7002;Smartphone;5;3161,22;2233,9;15806,1;4636,6
2022-06-30;Sul;Daniela;Felipe;5004;Monitor;7;1880,08;1242,51;13160,56;4462,99
2024-08-31;Sul;Eduardo;Marisa;5004;Monitor;3;1706,02;1031,96;5118,06;2022,18
2024-02-29;Sul;Carlos;João;9001;Notebook;5;2571,03;1813,6;12855,15;3787,15
2023-06-30;Norte;Bruno;Antonia;5004;Monitor;7;1527,37;780,98;10691,59;5224,73
2022-05-31;Nordeste;Fernanda;Antonia;1005;Headset;7;4777,26;3021,4;33440,82;12291,02
2022-06-30;Sul;Eduardo;Manoela;9001;Notebook;7;4213,28;3191,65;29492,96;7151,41
2023-01-31;Sudeste;Fernanda;Ciro;9001;Notebook;7;2468,17;1803,58;17277,19;4652,13
2022-12-31;Sul;Bruno;Marisa;1005;Headset;8;1624,88;1198,94;12999,04;3407,52
2024-05-31;Centro-Oeste;Daniela;Felipe;2006;WebCam 4k;3;4308,19;3046,09;12924,57;3786,3
2024-06-30;Centro-Oeste;Bruno;Ciro;7002;Smartphone;4;4259,31;3082,73;17037,24;4706,32
2025-04-30;Sudeste;Ana;Felipe;9001;Notebook;2;1089,83;815,45;2179,66;548,76
2023-08-31;Sul;Fernanda;Antonia;2006;WebCam 4k;6;2721,05;1977,24;16326,3;4462,86
2022-01-31;Centro-Oeste;Fernanda;João;3003;Placa de Vídeo NVidia;2;3762,58;2959,75;7525,16;1605,66
2024-09-30;Centro-Oeste;Ana;Antonia;9001;Notebook;4;4660,84;2733,36;18643,36;7709,92
2024-02-29;Sul;Daniela;João;1005;Headset;4;3628,15;2726,62;14512,6;3606,12
2023-05-31;Norte;Daniela;Marisa;2006;WebCam 4k;2;1913,09;1006,62;3826,18;1812,94
2025-06-30;Centro-Oeste;Eduardo;Ciro;2006;WebCam 4k;8;4099,68;2095,78;32797,44;16031,2
2025-09-30;Centro-Oeste;Fernanda;Antonia;1005;Headset;5;4924,26;3141,0;24621,3;8916,3
2025-07-31;Sudeste;Fernanda;Ciro;7002;Smartphone;1;3268,84;2123,29;3268,84;1145,55
2025-08-31;Sul;Ana;Antonia;1005;Headset;9;2113,62;1412,6;19022,58;6309,18
2023-11-30;Sul;Fernanda;Ciro;7002;Smartphone;3;1883,23;1205,63;5649,69;2032,8
2023-04-30;Sul;Ana;Marisa;3003;Placa de Vídeo NVidia;2;3303,31;2336,97;6606,62;1932,68
2022-04-30;Nordeste;Bruno;Felipe;1005;Headset;8;4247,79;2268,5;33982,32;15834,32
2023-01-31;Sudeste;Ana;Felipe;9001;Notebook;8;2216,59;1393,09;17732,72;6588,0
2022-11-30;Sudeste;Daniela;Antonia;9001;Notebook;6;3078,97;1866,54;18473,82;7274,58
2024-05-31;Sul;Fernanda;Ciro;5004;Monitor;9;3147,08;1709,14;28323,72;12941,46
2024-03-31;Sul;Bruno;Manoela;3003;Placa de Vídeo NVidia;8;762,04;497,25;6096,32;2118,32
2024-06-30;Sul;Fernanda;Felipe;3003;Placa de Vídeo NVidia;3;2712,62;1672,72;8137,86;3119,7
2024-07-31;Nordeste;Carlos;Antonia;2006;WebCam 4k;4;3237,89;2060,78;12951,56;4708,44
2022-01-31;Sudeste;Fernanda;Manoela;9001;Notebook;5;3236,77;2469,35;16183,85;3837,1
2025-05-31;Sudeste;Bruno;Antonia;9001;Notebook;9;2178,48;1568,01;19606,32;5494,23
2023-11-30;Centro-Oeste;Eduardo;João;3003;Placa de Vídeo NVidia;3;966,79;667,51;2900,37;897,84
2024-01-31;Nordeste;Bruno;João;5004;Monitor;4;2544,01;1560,68;10176,04;3933,32
2025-07-31;Norte;Fernanda;João;9001;Notebook;6;3565,71;2617,5;21394,26;5689,26
2023-02-28;Norte;Bruno;Manoela;2006;WebCam 4k;3;3439,83;2661,66;10319,49;2334,51
2024-04-30;Sul;Bruno;Manoela;9001;Notebook;1;1908,49;1164,04;1908,49;744,45
2024-04-30;Norte;Daniela;Antonia;1005;Headset;1;4118,95;3010,15;4118,95;1108,8
2024-11-30;Sudeste;Daniela;Marisa;1005;Headset;8;3388,14;2173,86;27105,12;9714,24
2023-07-31;Nordeste;Bruno;Felipe;3003;Placa de Vídeo NVidia;4;2741,11;1931,85;10964,44;3237,04
2023-12-31;Sul;Bruno;João;5004;Monitor;9;3795,2;2123,0;34156,8;15049,8
2022-02-28;Sudeste;Fernanda;Felipe;1005;Headset;9;992,14;788,94;8929,26;1828,8
2022-09-30;Sul;Fernanda;Manoela;9001;Notebook;3;2505,95;1742,81;7517,85;2289,42
2024-02-29;Sul;Carlos;Manoela;3003;Placa de Vídeo NVidia;2;522,75;323,24;1045,5;399,02
2023-06-30;Norte;Eduardo;Marisa;2006;WebCam 4k;4;3238,4;1830,47;12953,6;5631,72
2023-03-31;Centro-Oeste;Bruno;Marisa;3003;Placa de Vídeo NVidia;2;4764,29;3291,34;9528,58;2945,9
2022-05-31;Sul;Fernanda;Antonia;5004;Monitor;8;4817,2;3704,02;38537,6;8905,44
2022-06-30;Norte;Fernanda;João;9001;Notebook;1;4937,65;2770,04;4937,65;2167,61
2022-01-31;Sudeste;Eduardo;Felipe;9001;Notebook;8;4637,2;3519,7;37097,6;8940,0
2022-03-31;Sul;Fernanda;Manoela;1005;Headset;3;878,49;630,32;2635,47;744,51
2024-05-31;Nordeste;Eduardo;Manoela;2006;WebCam 4k;3;4051,15;2735,91;12153,45;3945,72
2025-08-31;Sudeste;Daniela;João;7002;Smartphone;9;4465,63;2485,39;40190,67;17822,16
2024-05-31;Centro-Oeste;Ana;João;3003;Placa de Vídeo NVidia;6;2681,32;1954,47;16087,92;4361,1
2023-03-31;Nordeste;Ana;Ciro;3003;Placa de Vídeo NVidia;2;806,11;554,85;1612,22;502,52
2022-03-31;Sul;Bruno;Marisa;2006;WebCam 4k;2;4785,8;3638,24;9571,6;2295,12
2022-10-31;Sudeste;Ana;João;2006;WebCam 4k;7;3719,62;2547,18;26037,34;8207,08
2024-05-31;Sul;Carlos;Felipe;2006;WebCam 4k;7;855,18;551,45;5986,26;2126,11
2022-12-31;Norte;Bruno;Marisa;2006;WebCam 4k;9;4457,58;2323,32;40118,22;19208,34
2023-09-30;Norte;Bruno;Marisa;9001;Notebook;4;1719,89;1106,66;6879,56;2452,92
2023-12-31;Sudeste;Carlos;Antonia;9001;Notebook;7;1902,84;1043,5;13319,88;6015,38
2024-02-29;Sudeste;Carlos;Antonia;7002;Smartphone;7;3965,73;2899,27;27760,11;7465,22
2025-08-31;Sul;Carlos;Felipe;9001;Notebook;5;754,43;557,85;3772,15;982,9
2025-05-31;Sul;Ana;Marisa;1005;Headset;1;642,44;429,09;642,44;213,35
2024-10-31;Norte;Eduardo;Antonia;3003;Placa de Vídeo NVidia;7;2522,07;1442,08;17654,49;7559,93
2022-05-31;Centro-Oeste;Daniela;Felipe;1005;Headset;8;4059,86;2465,34;32478,88;12756,16
2023-01-31;Nordeste;Eduardo;Felipe;2006;WebCam 4k;9;4302,94;2300,03;38726,46;18026,19
2023-05-31;Sul;Bruno;Felipe;5004;Monitor;3;3904,3;1959,28;11712,9;5835,06
2023-12-31;Norte;Daniela;João;3003;Placa de Vídeo NVidia;7;3488,77;1890,61;24421,39;11187,12
2023-11-30;Centro-Oeste;Daniela;João;3003;Placa de Vídeo NVidia;8;1056,69;604,75;8453,52;3615,52
2022-09-30;Sul;Ana;Marisa;3003;Placa de Vídeo NVidia;1;2817,93;1723,31;2817,93;1094,62
2025-08-31;Nordeste;Carlos;João;2006;WebCam 4k;1;3776,68;2547,11;3776,68;1229,57
2025-05-31;Centro-Oeste;Carlos;Antonia;3003;Placa de Vídeo NVidia;6;1370,26;782,6;8221,56;3525,96
2025-10-31;Sul;Ana;Marisa;7002;Smartphone;2;3322,54;2262,62;6645,08;2119,84
2023-06-30;Sul;Eduardo;Ciro;1005;Headset;5;3522,12;2553,36;17610,6;4843,8
2025-06-30;Centro-Oeste;Carlos;Ciro;1005;Headset;8;1516,22;1089,34;12129,76;3415,04
2022-09-30;Norte;Eduardo;Felipe;9001;Notebook;1;824,95;412,63;824,95;412,32
2024-06-30;Sul;Fernanda;João;2006;WebCam 4k;8;2640,41;1562,32;21123,28;8624,72
2023-09-30;Norte;Daniela;Antonia;1005;Headset;6;3935,42;3028,32;23612,52;5442,6
2022-08-31;Norte;Bruno;Ciro;2006;WebCam 4k;1;756,03;532,95;756,03;223,08
2022-09-30;Centro-Oeste;Daniela;João;1005;Headset;9;4336,53;3024,56;39028,77;11807,73
2022-08-31;Norte;Carlos;Ciro;9001;Notebook;7;3047,44;2054,76;21332,08;6948,76
2024-11-30;Nordeste;Eduardo;João;1005;Headset;4;905,08;548,28;3620,32;1427,2
2024-05-31;Centro-Oeste;Bruno;Marisa;5004;Monitor;5;4851,72;2880,05;24258,6;9858,35
2022-07-31;Norte;Daniela;Marisa;3003;Placa de Vídeo NVidia;4;3140,53;1917,73;12562,12;4891,2
2022-06-30;Norte;Daniela;Marisa;1005;Headset;5;2858,23;1972,44;14291,15;4428,95
2023-10-31;Norte;Eduardo;Antonia;7002;Smartphone;2;3980,41;2571,85;7960,82;2817,12
2025-02-28;Nordeste;Eduardo;Ciro;7002;Smartphone;9;764,75;571,82;6882,75;1736,37
2025-02-28;Sudeste;Carlos;Felipe;1005;Headset;2;4187,0;2216,08;8374,0;3941,84
2022-01-31;Nordeste;Daniela;João;3003;Placa de Vídeo NVidia;3;2664,18;1570,44;7992,54;3281,22
2022-04-30;Norte;Daniela;Felipe;5004;Monitor;9;4764,65;2846,2;42881,85;17266,05
2025-03-31;Sudeste;Bruno;Felipe;3003;Placa de Vídeo NVidia;6;2881,84;1870,21;17291,04;6069,78
2023-10-31;Centro-Oeste;Bruno;Manoela;3003;Placa de Vídeo NVidia;6;2066,52;1581,52;12399,12;2910,0
2023-08-31;Norte;Carlos;Ciro;2006;WebCam 4k;6;4107,83;2535,06;24646,98;9436,62
2022-01-31;Norte;Carlos;Felipe;1005;Headset;9;1862,12;1325,4;16759,08;4830,48
2024-01-31;Nordeste;Daniela;Antonia;1005;Headset;4;4307,41;3258,22;17229,64;4196,76
2022-08-31;Nordeste;Bruno;Marisa;3003;Placa de Vídeo NVidia;2;3278,37;1840,81;6556,74;2875,12
2025-07-31;Sul;Bruno;Manoela;2006;WebCam 4k;2;1502,79;1139,1;3005,58;727,38
2025-06-30;Nordeste;Ana;Ciro;5004;Monitor;9;1688,88;1234,55;15199,92;4088,97
2022-10-31;Sul;Daniela;Manoela;2006;WebCam 4k;3;1135,92;608,18;3407,76;1583,22
2023-10-31;Sudeste;Eduardo;Manoela;7002;Smartphone;7;2289,98;1722,77;16029,86;3970,47
2025-10-31;Sul;Daniela;Ciro;5004;Monitor;5;2401,15;1513,45;12005,75;4438,5
2022-04-30;Norte;Bruno;Ciro;1005;Headset;9;2488,96;1827,99;22400,64;5948,73
2022-03-31;Centro-Oeste;Bruno;Manoela;2006;WebCam 4k;6;4467,32;3157,65;26803,92;7858,02
2025-04-30;Nordeste;Eduardo;Antonia;3003;Placa de Vídeo NVidia;4;2128,86;1180,72;8515,44;3792,56
2025-10-31;Sudeste;Ana;Ciro;7002;Smartphone;6;570,12;301,96;3420,72;1608,96
2024-10-31;Norte;Carlos;Antonia;2006;WebCam 4k;7;4085,5;2658,48;28598,5;9989,14
2022-05-31;Norte;Carlos;Ciro;7002;Smartphone;6;3753,71;2283,05;22522,26;8823,96
2024-03-31;Sul;Carlos;Antonia;5004;Monitor;9;3723,59;2370,2;33512,31;12180,51
2025-02-28;Sul;Ana;Felipe;5004;Monitor;5;1670,59;1279,91;8352,95;1953,4
2023-05-31;Sudeste;Fernanda;Ciro;3003;Placa de Vídeo NVidia;8;2650,76;1564,12;21206,08;8693,12
2022-01-31;Sul;Carlos;Marisa;2006;WebCam 4k;2;4628,29;2441,46;9256,58;4373,66
2024-11-30;Nordeste;Fernanda;Manoela;2006;WebCam 4k;3;4347,14;2487,51;13041,42;5578,89
2023-01-31;Centro-Oeste;Carlos;Felipe;5004;Monitor;2;4254,75;2675,18;8509,5;3159,14
2025-01-31;Sul;Carlos;João;1005;Headset;3;3241,52;2393,12;9724,56;2545,2
2025-01-31;Norte;Eduardo;Antonia;7002;Smartphone;3;4299,3;2467,51;12897,9;5495,37
2025-09-30;Nordeste;Bruno;Felipe;5004;Monitor;7;2738,39;2181,81;19168,73;3896,06
2025-03-31;Centro-Oeste;Eduardo;Felipe;1005;Headset;3;3420,55;1753,74;10261,65;5000,43
2023-11-30;Centro-Oeste;Eduardo;Antonia;3003;Placa de Vídeo NVidia;7;2838,28;2155,65;19867,96;4778,41
2025-05-31;Centro-Oeste;Ana;João;2006;WebCam 4k;8;1173,78;888,92;9390,24;2278,88
2025-07-31;Nordeste;Ana;Ciro;1005;Headset;7;958,29;615,13;6708,03;2402,12
2024-06-30;Sul;Fernanda;João;5004;Monitor;9;1165,55;777,82;10489,95;3489,57
2023-10-31;Nordeste;Daniela;Manoela;9001;Notebook;7;2893,99;1992,22;20257,93;6312,39
2022-12-31;Sul;Bruno;Marisa;9001;Notebook;9;3947,32;2345,09;35525,88;14420,07
2025-05-31;Sudeste;Daniela;Antonia;1005;Headset;4;3966,32;2172,74;15865,28;7174,32
2022-11-30;Sul;Carlos;Marisa;1005;Headset;2;3513,57;2270,95;7027,14;2485,24
2025-05-31;Nordeste;Carlos;Ciro;9001;Notebook;7;2817,02;1687,42;19719,14;7907,2
2025-05-31;Nordeste;Bruno;Marisa;9001;Notebook;8;655,77;492,05;5246,16;1309,76
2023-04-30;Nordeste;Daniela;Ciro;1005;Headset;3;3724,13;2228,56;11172,39;4486,71
2022-10-31;Nordeste;Ana;João;9001;Notebook;8;3845,43;2134,33;30763,44;13688,8
2024-03-31;Sudeste;Carlos;Felipe;7002;Smartphone;3;3045,77;1933,25;9137,31;3337,56
2025-07-31;Sudeste;Carlos;Marisa;1005;Headset;1;1419,71;929,73;1419,71;489,98
2025-08-31;Sul;Ana;João;9001;Notebook;8;3351,68;1752,83;26813,44;12790,8
2023-12-31;Nordeste;Eduardo;Felipe;3003;Placa de Vídeo NVidia;4;3600,41;2013,85;14401,64;6346,24
2024-04-30;Sudeste;Ana;Manoela;5004;Monitor;1;4501,89;3533,08;4501,89;968,81
2022-10-31;Sudeste;Eduardo;Felipe;1005;Headset;5;4426,6;3271,54;22133,0;5775,3
2022-04-30;Nordeste;Ana;Felipe;1005;Headset;1;2955,75;1985,51;2955,75;970,24
2023-04-30;Norte;Ana;Ciro;3003;Placa de Vídeo NVidia;8;3104,5;1847,55;24836,0;10055,6
2025-08-31;Sudeste;Carlos;Manoela;7002;Smartphone;5;842,92;608,06;4214,6;1174,3
2025-06-30;Norte;Eduardo;Ciro;5004;Monitor;1;4188,51;3129,04;4188,51;1059,47
2022-01-31;Norte;Bruno;Ciro;9001;Notebook;4;3859,54;2730,56;15438,16;4515,92
2024-07-31;Sudeste;Ana;Felipe;5004;Monitor;4;1751,71;1023,21;7006,84;2914,0
2022-09-30;Norte;Daniela;João;7002;Smartphone;1;3262,97;1765,59;3262,97;1497,38
2024-12-31;Norte;Fernanda;Manoela;7002;Smartphone;7;2027,85;1439,8;14194,95;4116,35
2023-07-31;Sudeste;Daniela;Manoela;3003;Placa de Vídeo NVidia;4;1569,53;1201,49;6278,12;1472,16
2024-04-30;Sul;Ana;Felipe;9001;Notebook;2;3323,38;2384,88;6646,76;1877,0
2023-03-31;Centro-Oeste;Carlos;Marisa;3003;Placa de Vídeo NVidia;5;2711,79;1827,74;13558,95;4420,25
2022-01-31;Centro-Oeste;Eduardo;Marisa;5004;Monitor;2;2442,41;1643,47;4884,82;1597,88
2023-12-31;Nordeste;Daniela;Manoela;3003;Placa de Vídeo NVidia;3;3704,49;2204,93;11113,47;4498,68
2024-02-29;Sudeste;Bruno;João;2006;WebCam 4k;3;1027,77;645,88;3083,31;1145,67
2024-06-30;Nordeste;Eduardo;João;3003;Placa de Vídeo NVidia;2;3736,77;2249,07;7473,54;2975,4
2025-02-28;Sul;Bruno;Ciro;9001;Notebook;8;2552,18;2014,88;20417,44;4298,4
2024-06-30;Norte;Fernanda;Felipe;1005;Headset;3;2493,44;1595,88;7480,32;2692,68
2025-09-30;Nordeste;Carlos;Manoela;2006;WebCam 4k;9;1201,92;897,42;10817,28;2740,5
2023-09-30;Nordeste;Bruno;Manoela;5004;Monitor;7;4618,97;3664,79;32332,79;6679,26
2023-08-31;Sul;Eduardo;Ciro;2006;WebCam 4k;1;539,82;424,3;539,82;115,52
2023-11-30;Norte;Eduardo;Felipe;9001;Notebook;2;710,36;472,1;1420,72;476,52
2022-04-30;Centro-Oeste;Daniela;Marisa;9001;Notebook;7;1653,67;1081,98;11575,69;4001,83
2025-02-28;Sudeste;Daniela;Antonia;5004;Monitor;3;3393,33;2255,52;10179,99;3413,43
2024-08-31;Norte;Daniela;Manoela;9001;Notebook;2;1503,74;980,5;3007,48;1046,48
2023-03-31;Centro-Oeste;Ana;Marisa;9001;Notebook;2;2462,36;1760,29;4924,72;1404,14
2022-02-28;Sul;Ana;Manoela;2006;WebCam 4k;7;3436,76;2506,83;24057,32;6509,51
2022-11-30;Sul;Carlos;Felipe;2006;WebCam 4k;4;2975,65;2377,21;11902,6;2393,76
2023-11-30;Centro-Oeste;Eduardo;Antonia;2006;WebCam 4k;7;3174,87;1790,41;22224,09;9691,22
2025-10-31;Norte;Daniela;Antonia;5004;Monitor;3;1597,94;1170,33;4793,82;1282,83
2024-09-30;Sul;Carlos;Manoela;9001;Notebook;1;4021,08;2408,68;4021,08;1612,4
2023-12-31;Sul;Daniela;Felipe;5004;Monitor;2;1489,06;1051,95;2978,12;874,22
2022-04-30;Sudeste;Bruno;Antonia;3003;Placa de Vídeo NVidia;5;2200,13;1618,85;11000,65;2906,4
2023-07-31;Sul;Eduardo;Ciro;7002;Smartphone;3;3088,89;1853,84;9266,67;3705,15
2022-08-31;Sudeste;Bruno;Antonia;9001;Notebook;8;1148,8;756,76;9190,4;3136,32
2024-11-30;Centro-Oeste;Ana;Antonia;5004;Monitor;6;2748,84;1951,23;16493,04;4785,66
2024-11-30;Sul;Daniela;João;1005;Headset;1;517,34;378,44;517,34;138,9
2025-09-30;Sul;Carlos;Felipe;2006;WebCam 4k;3;1922,85;1040,52;5768,55;2646,99
2025-04-30;Sudeste;Fernanda;Marisa;9001;Notebook;3;1701,89;943,11;5105,67;2276,34
2022-12-31;Nordeste;Bruno;Felipe;2006;WebCam 4k;5;3514,24;1867,83;17571,2;8232,05
2022-08-31;Nordeste;Carlos;Marisa;9001;Notebook;5;2713,17;2015,25;13565,85;3489,6
2022-06-30;Nordeste;Daniela;Felipe;9001;Notebook;3;4435,74;3150,94;13307,22;3854,4
2022-09-30;Centro-Oeste;Ana;Manoela;2006;WebCam 4k;7;567,8;299,7;3974,6;1876,7
2022-07-31;Centro-Oeste;Eduardo;Marisa;7002;Smartphone;9;4923,24;3759,14;44309,16;10476,9
2024-07-31;Nordeste;Ana;Marisa;2006;WebCam 4k;7;4402,18;2923,9;30815,26;10347,96
2024-09-30;Sudeste;Ana;Manoela;1005;Headset;8;4620,42;3067,9;36963,36;12420,16
2022-05-31;Norte;Eduardo;João;3003;Placa de Vídeo NVidia;7;1400,76;874,54;9805,32;3683,54
2025-06-30;Sudeste;Daniela;João;7002;Smartphone;3;1265,66;737,08;3796,98;1585,74
2023-06-30;Norte;Eduardo;Manoela;9001;Notebook;9;1119,69;851,44;10077,21;2414,25
2022-05-31;Sul;Carlos;Felipe;2006;WebCam 4k;9;2820,42;2190,02;25383,78;5673,6
2024-03-31;Sul;Fernanda;Marisa;7002;Smartphone;8;1753,92;1319,68;14031,36;3473,92
2025-09-30;Centro-Oeste;Daniela;João;1005;Headset;4;3115,26;2271,62;12461,04;3374,56
2024-01-31;Norte;Eduardo;Ciro;9001;Notebook;4;2284,8;1374,29;9139,2;3642,04
2023-07-31;Centro-Oeste;Ana;João;7002;Smartphone;5;1905,9;1484,85;9529,5;2105,25
2024-08-31;Sudeste;Daniela;Marisa;2006;WebCam 4k;4;2906,41;1693,08;11625,64;4853,32
2023-03-31;Sul;Carlos;Ciro;9001;Notebook;9;4628,25;2810,06;41654,25;16363,71
2024-01-31;Sul;Bruno;Antonia;2006;WebCam 4k;2;4577,79;2358,21;9155,58;4439,16
2025-09-30;Norte;Daniela;João;3003;Placa de Vídeo NVidia;5;657,69;497,68;3288,45;800,05
2023-11-30;Nordeste;Ana;Ciro;7002;Smartphone;9;1295,47;869,78;11659,23;3831,21
2023-10-31;Nordeste;Carlos;João;3003;Placa de Vídeo NVidia;4;2175,71;1648,17;8702,84;2110,16
2025-08-31;Sudeste;Fernanda;Manoela;7002;Smartphone;4;856,68;562,92;3426,72;1175,04
2023-05-31;Sudeste;Daniela;Felipe;7002;Smartphone;9;2205,16;1567,18;19846,44;5741,82
2025-10-31;Norte;Bruno;Manoela;9001;Notebook;8;1965,47;1191,51;15723,76;6191,68
2024-04-30;Sudeste;Bruno;João;9001;Notebook;7;3740,83;2004,67;26185,81;12153,12
2022-07-31;Sudeste;Eduardo;Felipe;5004;Monitor;7;1133,29;703,69;7933,03;3007,2
2022-08-31;Nordeste;Daniela;João;5004;Monitor;3;4493,8;2386,25;13481,4;6322,65
2022-01-31;Sul;Bruno;Ciro;3003;Placa de Vídeo NVidia;9;982,7;583,76;8844,3;3590,46
2023-02-28;Centro-Oeste;Fernanda;Manoela;1005;Headset;5;4959,88;2762,98;24799,4;10984,5
2024-05-31;Nordeste;Daniela;Marisa;2006;WebCam 4k;5;4744,6;3698,45;23723,0;5230,75
2025-07-31;Nordeste;Bruno;João;9001;Notebook;7;2310,73;1422,32;16175,11;6218,87
2024-08-31;Nordeste;Eduardo;Antonia;1005;Headset;3;3807,68;2182,36;11423,04;4875,96
2022-02-28;Centro-Oeste;Daniela;Manoela;1005;Headset;8;2792,14;1756,71;22337,12;8283,44
2025-07-31;Nordeste;Bruno;Manoela;5004;Monitor;5;3677,1;2424,05;18385,5;6265,25
2023-01-31;Sudeste;Fernanda;Ciro;5004;Monitor;3;2381,82;1691,35;7145,46;2071,41
2023-11-30;Sudeste;Daniela;Antonia;2006;WebCam 4k;7;2480,5;1801,13;17363,5;4755,59
2024-01-31;Nordeste;Eduardo;Marisa;7002;Smartphone;1;683,18;540,42;683,18;142,76
2024-11-30;Sudeste;Carlos;João;2006;WebCam 4k;6;796,38;455,6;4778,28;2044,68
2024-10-31;Sul;Fernanda;Antonia;5004;Monitor;1;3846,75;2419,23;3846,75;1427,52
2025-04-30;Nordeste;Bruno;Antonia;9001;Notebook;3;727,47;473,86;2182,41;760,83
2024-09-30;Centro-Oeste;Daniela;Manoela;5004;Monitor;1;1021,23;671,49;1021,23;349,74
2023-07-31;Sul;Bruno;João;1005;Headset;2;3260,49;2478,76;6520,98;1563,46
2022-02-28;Nordeste;Daniela;Antonia;5004;Monitor;4;2908,12;2224,44;11632,48;2734,72
2023-03-31;Sudeste;Daniela;Antonia;1005;Headset;7;3820,29;2180,35;26742,03;11479,58
2024-01-31;Sudeste;Carlos;Felipe;7002;Smartphone;1;2587,0;1937,68;2587,0;649,32
2023-07-31;Nordeste;Daniela;Antonia;5004;Monitor;8;2923,04;2219,39;23384,32;5629,2
2024-12-31;Sudeste;Ana;Manoela;7002;Smartphone;8;4103,92;2572,47;32831,36;12251,6
2024-03-31;Sudeste;Bruno;Marisa;5004;Monitor;3;1829,71;1310,79;5489,13;1556,76
2023-11-30;Nordeste;Bruno;Manoela;5004;Monitor;1;3569,34;2531,64;3569,34;1037,7
2024-10-31;Norte;Fernanda;Felipe;2006;WebCam 4k;3;3421,36;1993,31;10264,08;4284,15
2023-08-31;Sudeste;Ana;Manoela;5004;Monitor;2;1576,51;1122,91;3153,02;907,2
2023-12-31;Nordeste;Eduardo;Felipe;1005;Headset;7;1951,05;1229,26;13657,35;5052,53
2022-10-31;Centro-Oeste;Ana;Manoela;2006;WebCam 4k;6;4822,84;2941,51;28937,04;11287,98
2025-03-31;Sul;Fernanda;Felipe;1005;Headset;1;2599,91;1513,08;2599,91;1086,83
2024-02-29;Sul;Carlos;João;1005;Headset;9;1102,4;873,07;9921,6;2063,97
2022-11-30;Nordeste;Daniela;Felipe;5004;Monitor;4;2147,56;1109,77;8590,24;4151,16
2025-03-31;Sul;Ana;Manoela;3003;Placa de Vídeo NVidia;9;2250,17;1497,02;20251,53;6778,35
2022-03-31;Sudeste;Bruno;Marisa;1005;Headset;6;4688,28;2369,44;28129,68;13913,04
2022-04-30;Sul;Carlos;João;1005;Headset;2;2450,32;1580,24;4900,64;1740,16
2025-06-30;Norte;Bruno;Ciro;2006;WebCam 4k;9;3152,78;2429,91;28375,02;6505,83
2024-08-31;Norte;Fernanda;Felipe;5004;Monitor;6;979,7;504,36;5878,2;2852,04
2023-10-31;Nordeste;Ana;Antonia;7002;Smartphone;1;2523,22;1997,25;2523,22;525,97
2023-05-31;Sudeste;Carlos;Antonia;9001;Notebook;7;4384,04;3166,65;30688,28;8521,73
2022-07-31;Norte;Carlos;Marisa;5004;Monitor;4;2700,66;1357,31;10802,64;5373,4
2025-09-30;Sudeste;Eduardo;Antonia;7002;Smartphone;2;4012,21;2813,45;8024,42;2397,52
2025-05-31;Sul;Eduardo;Felipe;5004;Monitor;2;3171,4;2261,98;6342,8;1818,84
2025-05-31;Norte;Ana;Antonia;1005;Headset;1;723,78;550,95;723,78;172,83
2025-08-31;Sudeste;Ana;Antonia;1005;Headset;6;4657,74;3359,24;27946,44;7791,0
2025-08-31;Centro-Oeste;Carlos;Antonia;7002;Smartphone;5;834,55;461,57;4172,75;1864,9
2025-07-31;Nordeste;Ana;Ciro;7002;Smartphone;4;1313,26;981,84;5253,04;1325,68
2023-07-31;Centro-Oeste;Bruno;Antonia;5004;Monitor;7;3186,51;2342,89;22305,57;5905,34
2024-10-31;Nordeste;Bruno;João;1005;Headset;6;3957,41;2500,34;23744,46;8742,42
2022-12-31;Sul;Carlos;Antonia;3003;Placa de Vídeo NVidia;1;520,57;371,75;520,57;148,82
2025-07-31;Sul;Bruno;Felipe;2006;WebCam 4k;3;3650,67;2009,82;10952,01;4922,55
2023-02-28;Sudeste;Ana;Felipe;2006;WebCam 4k;2;4786,04;3325,63;9572,08;2920,82
2024-05-31;Centro-Oeste;Daniela;Felipe;5004;Monitor;4;1752,86;921,04;7011,44;3327,28
2022-03-31;Sul;Daniela;Ciro;5004;Monitor;2;3668,0;2676,65;7336,0;1982,7
2025-07-31;Nordeste;Ana;Ciro;2006;WebCam 4k;9;2930,9;1472,94;26378,1;13121,64
2022-07-31;Sudeste;Eduardo;Marisa;2006;WebCam 4k;7;2378,88;1443,65;16652,16;6546,61
2025-06-30;Sudeste;Eduardo;Antonia;1005;Headset;7;3017,77;1554,35;21124,39;10243,94
2022-10-31;Sudeste;Daniela;João;7002;Smartphone;3;1586,03;1183,0;4758,09;1209,09
2022-07-31;Centro-Oeste;Carlos;João;9001;Notebook;2;3146,35;2378,38;6292,7;1535,94
2023-09-30;Norte;Carlos;Antonia;2006;WebCam 4k;5;2691,85;1508,38;13459,25;5917,35
2022-07-31;Nordeste;Ana;Ciro;2006;WebCam 4k;7;2157,84;1224,37;15104,88;6534,29
2023-09-30;Nordeste;Fernanda;Antonia;2006;WebCam 4k;1;4237,94;2608,92;4237,94;1629,02
2025-05-31;Centro-Oeste;Carlos;Felipe;5004;Monitor;6;4721,27;2847,41;28327,62;11243,16
2024-04-30;Sudeste;Fernanda;Ciro;2006;WebCam 4k;7;1797,65;1088,74;12583,55;4962,37
2022-05-31;Norte;Daniela;Manoela;1005;Headset;2;3881,68;2777,12;7763,36;2209,12
2025-04-30;Norte;Fernanda;Manoela;9001;Notebook;5;2501,74;1310,32;12508,7;5957,1
2022-12-31;Norte;Daniela;Antonia;1005;Headset;3;4948,59;3677,1;14845,77;3814,47
2023-06-30;Centro-Oeste;Ana;Felipe;5004;Monitor;3;3423,9;2692,49;10271,7;2194,23
2025-08-31;Nordeste;Daniela;João;5004;Monitor;4;3472,26;2099,95;13889,04;5489,24
2022-12-31;Sul;Eduardo;Antonia;1005;Headset;8;4280,23;2329,37;34241,84;15606,88
2024-08-31;Sul;Bruno;João;1005;Headset;6;911,12;612,27;5466,72;1793,1
2023-06-30;Sudeste;Fernanda;João;5004;Monitor;1;3407,42;2720,62;3407,42;686,8
2022-06-30;Sudeste;Fernanda;Antonia;7002;Smartphone;3;4583,14;3157,77;13749,42;4276,11
2022-10-31;Norte;Eduardo;Antonia;5004;Monitor;4;2437,98;1448,83;9751,92;3956,6
2023-11-30;Centro-Oeste;Eduardo;Felipe;7002;Smartphone;8;1245,33;872,61;9962,64;2981,76
2023-09-30;Sudeste;Ana;Felipe;1005;Headset;6;1620,31;1126,79;9721,86;2961,12
2025-06-30;Sudeste;Eduardo;Antonia;7002;Smartphone;5;2774,79;1904,3;13873,95;4352,45
2023-11-30;Sul;Carlos;Antonia;1005;Headset;3;838,75;513,82;2516,25;974,79
2024-03-31;Centro-Oeste;Carlos;Manoela;2006;WebCam 4k;5;1649,97;1062,15;8249,85;2939,1
2022-07-31;Centro-Oeste;Ana;Ciro;5004;Monitor;9;831,95;567,34;7487,55;2381,49
2022-09-30;Nordeste;Daniela;Manoela;5004;Monitor;7;858,3;589,63;6008,1;1880,69
2024-03-31;Nordeste;Carlos;João;2006;WebCam 4k;2;2689,47;1443,48;5378,94;2491,98
2023-11-30;Centro-Oeste;Ana;Antonia;3003;Placa de Vídeo NVidia;6;579,61;391,21;3477,66;1130,4
2023-10-31;Nordeste;Eduardo;João;1005;Headset;5;4371,01;3275,91;21855,05;5475,5
2025-07-31;Sudeste;Carlos;Antonia;1005;Headset;9;3716,0;2948,36;33444,0;6908,76
2025-06-30;Nordeste;Bruno;Antonia;9001;Notebook;8;4022,74;2741,76;32181,92;10247,84
2023-01-31;Sul;Ana;Marisa;9001;Notebook;1;1841,49;1277,05;1841,49;564,44
2023-06-30;Nordeste;Bruno;Marisa;3003;Placa de Vídeo NVidia;2;3858,28;2155,81;7716,56;3404,94
2022-02-28;Nordeste;Daniela;Marisa;9001;Notebook;9;3052,28;2368,18;27470,52;6156,9
2022-12-31;Nordeste;Ana;João;5004;Monitor;5;2552,36;1932,2;12761,8;3100,8
2022-02-28;Sudeste;Eduardo;Antonia;5004;Monitor;3;768,71;612,15;2306,13;469,68
2023-07-31;Nordeste;Daniela;Marisa;3003;Placa de Vídeo NVidia;6;1618,16;1152,08;9708,96;2796,48
2024-09-30;Centro-Oeste;Ana;Antonia;1005;Headset;6;4730,3;3393,86;28381,8;8018,64
2025-08-31;Nordeste;Fernanda;Manoela;2006;WebCam 4k;9;2517,07;1835,48;22653,63;6134,31
2022-07-31;Sul;Eduardo;Ciro;1005;Headset;1;3969,8;2743,51;3969,8;1226,29
2024-08-31;Norte;Daniela;Antonia;2006;WebCam 4k;2;4565,52;2741,25;9131,04;3648,54
2022-10-31;Sudeste;Fernanda;Manoela;9001;Notebook;6;2095,89;1529,89;12575,34;3396,0
2024-04-30;Sul;Fernanda;Ciro;3003;Placa de Vídeo NVidia;6;4629,69;3252,92;27778,14;8260,62
2023-04-30;Sul;Fernanda;Felipe;1005;Headset;3;4720,74;3060,94;14162,22;4979,4
2023-04-30;Nordeste;Eduardo;Felipe;3003;Placa de Vídeo NVidia;2;3381,4;2018,71;6762,8;2725,38
2023-03-31;Sudeste;Eduardo;Ciro;7002;Smartphone;8;1518,74;1066,81;12149,92;3615,44
2022-11-30;Sudeste;Ana;Felipe;7002;Smartphone;8;4576,35;2784,21;36610,8;14337,12
2024-11-30;Centro-Oeste;Ana;Ciro;1005;Headset;9;3807,04;2702,69;34263,36;9939,15
2022-02-28;Norte;Eduardo;Antonia;2006;WebCam 4k;4;2860,82;1885,96;11443,28;3899,44
2024-05-31;Nordeste;Daniela;Marisa;2006;WebCam 4k;5;2290,39;1635,15;11451,95;3276,2
2025-07-31;Norte;Fernanda;Felipe;3003;Placa de Vídeo NVidia;2;2537,46;1861,74;5074,92;1351,44
2022-02-28;Nordeste;Carlos;João;3003;Placa de Vídeo NVidia;3;3216,16;2057,95;9648,48;3474,63
2023-07-31;Centro-Oeste;Eduardo;Antonia;7002;Smartphone;1;3258,43;1837,22;3258,43;1421,21
2023-02-28;Sudeste;Eduardo;Ciro;3003;Placa de Vídeo NVidia;9;3207,58;1887,04;28868,22;11884,86
2024-10-31;Norte;Bruno;Ciro;2006;WebCam 4k;5;2076,46;1268,65;10382,3;4039,05
2024-03-31;Centro-Oeste;Bruno;Ciro;3003;Placa de Vídeo NVidia;9;2281,96;1614,84;20537,64;6004,08
2023-07-31;Norte;Eduardo;Antonia;7002;Smartphone;8;1861,55;1256,49;14892,4;4840,48
2023-01-31;Sul;Bruno;Marisa;1005;Headset;7;3553,28;2511,4;24872,96;7293,16
2024-12-31;Norte;Ana;Manoela;2006;WebCam 4k;5;2407,23;1775,36;12036,15;3159,35
2024-10-31;Sudeste;Eduardo;Manoela;2006;WebCam 4k;9;4916,35;2835,05;44247,15;18731,7
2022-07-31;Centro-Oeste;Ana;Felipe;1005;Headset;8;4245,77;2290,3;33966,16;15643,76
2025-08-31;Norte;Daniela;João;9001;Notebook;3;1986,55;1191,14;5959,65;2386,23
2025-04-30;Sul;Fernanda;Marisa;9001;Notebook;4;2401,64;1788,48;9606,56;2452,64
2022-09-30;Sudeste;Carlos;João;7002;Smartphone;2;2821,97;2015,34;5643,94;1613,26
2024-11-30;Norte;Carlos;Ciro;1005;Headset;6;2880,16;1983,19;17280,96;5381,82
2022-10-31;Centro-Oeste;Eduardo;Antonia;2006;WebCam 4k;2;4964,22;3603,97;9928,44;2720,5
2024-10-31;Sudeste;Carlos;João;7002;Smartphone;1;602,16;408,29;602,16;193,87
2024-11-30;Centro-Oeste;Fernanda;João;9001;Notebook;6;1491,16;766,66;8946,96;4347,0
2023-08-31;Norte;Bruno;Antonia;1005;Headset;8;1135,9;669,41;9087,2;3731,92
2022-11-30;Nordeste;Bruno;Marisa;1005;Headset;8;1654,18;890,6;13233,44;6108,64
2024-05-31;Norte;Carlos;Antonia;2006;WebCam 4k;5;4542,62;3617,74;22713,1;4624,4
2022-06-30;Nordeste;Bruno;Antonia;5004;Monitor;8;815,78;605,07;6526,24;1685,68
2025-03-31;Centro-Oeste;Daniela;Felipe;3003;Placa de Vídeo NVidia;7;4988,05;3188,07;34916,35;12599,86
2025-08-31;Norte;Fernanda;Felipe;3003;Placa de Vídeo NVidia;4;4199,08;3270,61;16796,32;3713,88
2025-10-31;Centro-Oeste;Daniela;Manoela;3003;Placa de Vídeo NVidia;7;1949,54;1517,01;13646,78;3027,71
2024-06-30;Nordeste;Bruno;Antonia;7002;Smartphone;4;3918,79;2244,94;15675,16;6695,4
2022-11-30;Sudeste;Eduardo;Marisa;1005;Headset;5;2051,11;1165,82;10255,55;4426,45
2022-05-31;Sudeste;Daniela;Felipe;1005;Headset;4;3787,72;2708,52;15150,88;4316,8
2023-06-30;Nordeste;Carlos;Antonia;9001;Notebook;1;931,54;739,4;931,54;192,14
2023-07-31;Nordeste;Daniela;Felipe;3003;Placa de Vídeo NVidia;3;2012,5;1375,25;6037,5;1911,75
2022-07-31;Sudeste;Eduardo;Marisa;5004;Monitor;7;1501,83;832,51;10512,81;4685,24
2023-05-31;Norte;Eduardo;Marisa;2006;WebCam 4k;7;3653,14;2837,46;25571,98;5709,76
2023-07-31;Nordeste;Carlos;Marisa;5004;Monitor;3;3298,01;1732,21;9894,03;4697,4
2024-04-30;Nordeste;Fernanda;Felipe;7002;Smartphone;7;606,01;325,06;4242,07;1966,65
2022-11-30;Norte;Carlos;Manoela;9001;Notebook;1;3482,41;2714,18;3482,41;768,23
2024-12-31;Sudeste;Ana;Marisa;3003;Placa de Vídeo NVidia;8;1437,49;1082,97;11499,92;2836,16
2022-03-31;Norte;Daniela;Felipe;1005;Headset;5;3313,44;2347,89;16567,2;4827,75
2022-12-31;Norte;Daniela;Ciro;1005;Headset;9;3166,85;1685,92;28501,65;13328,37
2022-07-31;Centro-Oeste;Ana;Antonia;2006;WebCam 4k;6;1983,52;1039,29;11901,12;5665,38
2023-05-31;Centro-Oeste;Carlos;Felipe;5004;Monitor;3;4252,74;2432,05;12758,22;5462,07
2023-08-31;Nordeste;Fernanda;Ciro;9001;Notebook;5;3110,9;2127,76;15554,5;4915,7
2025-05-31;Centro-Oeste;Ana;Manoela;1005;Headset;7;1460,16;1096,67;10221,12;2544,43
2022-08-31;Centro-Oeste;Eduardo;Ciro;1005;Headset;3;4424,13;2220,5;13272,39;6610,89
2025-08-31;Norte;Eduardo;Ciro;5004;Monitor;8;4363,5;2827,5;34908,0;12288,0
2024-02-29;Sudeste;Eduardo;João;9001;Notebook;1;2856,82;1559,6;2856,82;1297,22
2024-10-31;Norte;Carlos;Felipe;9001;Notebook;1;1832,61;1396,68;1832,61;435,93
2025-01-31;Sudeste;Daniela;Ciro;1005;Headset;3;990,64;650,47;2971,92;1020,51
2024-06-30;Sudeste;Daniela;Antonia;9001;Notebook;2;1719,36;1306,52;3438,72;825,68
2022-12-31;Sul;Ana;Felipe;3003;Placa de Vídeo NVidia;8;3471,85;2101,02;27774,8;10966,64
2023-10-31;Sudeste;Ana;Antonia;5004;Monitor;8;2722,53;1513,27;21780,24;9674,08
2025-06-30;Sudeste;Bruno;João;1005;Headset;9;3658,14;1854,82;32923,26;16229,88
2022-01-31;Centro-Oeste;Carlos;Felipe;9001;Notebook;7;4430,89;3533,72;31016,23;6280,19
2023-01-31;Sudeste;Daniela;Felipe;2006;WebCam 4k;2;3870,85;2728,77;7741,7;2284,16
2024-05-31;Centro-Oeste;Fernanda;Felipe;9001;Notebook;2;4561,75;3442,55;9123,5;2238,4
2023-10-31;Norte;Fernanda;Marisa;2006;WebCam 4k;2;4972,08;2697,1;9944,16;4549,96
2024-01-31;Sudeste;Eduardo;Ciro;2006;WebCam 4k;3;4893,99;3174,85;14681,97;5157,42
2024-09-30;Sul;Daniela;Antonia;9001;Notebook;2;2074,13;1599,73;4148,26;948,8
2024-10-31;Norte;Fernanda;Marisa;7002;Smartphone;9;722,79;523,0;6505,11;1798,11
2022-05-31;Sul;Ana;Ciro;3003;Placa de Vídeo NVidia;8;844,27;504,49;6754,16;2718,24
2023-03-31;Norte;Bruno;João;7002;Smartphone;6;601,56;444,51;3609,36;942,3
2025-09-30;Nordeste;Bruno;Ciro;2006;WebCam 4k;6;4224,62;2735,91;25347,72;8932,26
2025-06-30;Norte;Fernanda;Ciro;5004;Monitor;6;3395,84;1699,99;20375,04;10175,1
2022-01-31;Sudeste;Daniela;Ciro;3003;Placa de Vídeo NVidia;2;2776,06;1585,9;5552,12;2380,32
2023-08-31;Norte;Daniela;Felipe;7002;Smartphone;4;2547,09;1735,39;10188,36;3246,8
2023-12-31;Sul;Fernanda;Antonia;5004;Monitor;2;3893,16;2600,31;7786,32;2585,7
2023-09-30;Norte;Eduardo;Manoela;3003;Placa de Vídeo NVidia;5;2471,26;1581,13;12356,3;4450,65
2024-03-31;Nordeste;Daniela;Ciro;2006;WebCam 4k;8;4982,5;3185,45;39860,0;14376,4
2024-03-31;Sudeste;Daniela;Ciro;1005;Headset;4;3578,38;2798,06;14313,52;3121,28
2024-08-31;Centro-Oeste;Daniela;Manoela;9001;Notebook;2;2656,33;2049,98;5312,66;1212,7
2025-08-31;Centro-Oeste;Ana;Manoela;7002;Smartphone;2;929,54;512,91;1859,08;833,26
2024-04-30;Centro-Oeste;Ana;Antonia;5004;Monitor;5;3569,37;2640,77;17846,85;4643,0
2024-11-30;Centro-Oeste;Carlos;Marisa;2006;WebCam 4k;6;2199,47;1690,44;13196,82;3054,18
2022-06-30;Sudeste;Fernanda;João;5004;Monitor;8;1925,12;1399,54;15400,96;4204,64
2023-04-30;Centro-Oeste;Eduardo;João;5004;Monitor;4;4807,88;2954,99;19231,52;7411,56
2022-11-30;Nordeste;Carlos;Marisa;7002;Smartphone;4;4080,27;3212,9;16321,08;3469,48
2025-08-31;Norte;Daniela;Antonia;7002;Smartphone;9;4384,26;3218,87;39458,34;10488,51
2025-05-31;Norte;Bruno;Manoela;5004;Monitor;2;3868,97;2485,12;7737,94;2767,7
2023-02-28;Sudeste;Bruno;Ciro;3003;Placa de Vídeo NVidia;5;1592,78;1187,54;7963,9;2026,2
2025-08-31;Sudeste;Bruno;Manoela;9001;Notebook;1;1926,75;1511,07;1926,75;415,68
2022-06-30;Nordeste;Ana;Ciro;9001;Notebook;8;3249,6;2048,94;25996,8;9605,28
2022-03-31;Nordeste;Bruno;Antonia;2006;WebCam 4k;7;4236,09;3220,63;29652,63;7108,22
2024-03-31;Norte;Bruno;Felipe;1005;Headset;6;3355,28;1740,21;20131,68;9690,42
2024-10-31;Centro-Oeste;Bruno;Ciro;3003;Placa de Vídeo NVidia;3;3982,97;2769,83;11948,91;3639,42
2023-09-30;Sudeste;Fernanda;Ciro;5004;Monitor;1;4899,17;3467,06;4899,17;1432,11
2024-05-31;Nordeste;Bruno;Marisa;7002;Smartphone;6;3773,51;2885,99;22641,06;5325,12
2025-05-31;Sudeste;Carlos;Marisa;9001;Notebook;6;3375,8;2463,1;20254,8;5476,2
2025-08-31;Norte;Daniela;Felipe;5004;Monitor;2;4051,24;2049,47;8102,48;4003,54
2023-04-30;Centro-Oeste;Bruno;Antonia;5004;Monitor;5;2520,76;1898,32;12603,8;3112,2
2024-11-30;Sudeste;Eduardo;Ciro;5004;Monitor;2;642,91;325,11;1285,82;635,6
2023-01-31;Centro-Oeste;Fernanda;Marisa;5004;Monitor;3;2336,44;1261,84;7009,32;3223,8
2022-09-30;Centro-Oeste;Bruno;Marisa;5004;Monitor;4;2102,32;1626,05;8409,28;1905,08
2025-10-31;Norte;Eduardo;Antonia;9001;Notebook;1;1935,28;1402,42;1935,28;532,86
2025-08-31;Centro-Oeste;Carlos;João;7002;Smartphone;3;2159,13;1571,94;6477,39;1761,57
2025-01-31;Sul;Carlos;João;3003;Placa de Vídeo NVidia;8;3645,79;2864,45;29166,32;6250,72
2022-02-28;Sudeste;Daniela;João;2006;WebCam 4k;2;1259,61;904,99;2519,22;709,24
2022-01-31;Nordeste;Fernanda;Felipe;1005;Headset;6;1925,71;1069,29;11554,26;5138,52
2023-12-31;Centro-Oeste;Ana;João;5004;Monitor;8;1942,57;972,02;15540,56;7764,4
2025-04-30;Norte;Daniela;Manoela;2006;WebCam 4k;3;4526,98;2610,61;13580,94;5749,11
2025-06-30;Centro-Oeste;Ana;Manoela;3003;Placa de Vídeo NVidia;1;1590,93;1055,12;1590,93;535,81
2022-11-30;Sudeste;Eduardo;Ciro;1005;Headset;2;4466,95;2526,16;8933,9;3881,58
2025-01-31;Nordeste;Bruno;Felipe;3003;Placa de Vídeo NVidia;6;3848,48;2285,94;23090,88;9375,24
2023-12-31;Norte;Daniela;Antonia;2006;WebCam 4k;9;1320,47;1055,56;11884,23;2384,19
2022-05-31;Sul;Ana;Manoela;2006;WebCam 4k;4;1406,58;721,94;5626,32;2738,56
2023-08-31;Sul;Ana;Ciro;2006;WebCam 4k;7;1390,12;1022,86;9730,84;2570,82
2025-09-30;Nordeste;Bruno;Marisa;5004;Monitor;3;2929,47;2047,54;8788,41;2645,79
2025-02-28;Sul;Eduardo;Marisa;5004;Monitor;7;1624,24;1151,49;11369,68;3309,25
2025-09-30;Nordeste;Daniela;Marisa;2006;WebCam 4k;1;3980,89;2703,89;3980,89;1277,0
2023-12-31;Nordeste;Eduardo;Manoela;3003;Placa de Vídeo NVidia;4;2673,15;2089,76;10692,6;2333,56
2022-08-31;Nordeste;Daniela;João;1005;Headset;9;2442,14;1840,57;21979,26;5414,13
2024-11-30;Sudeste;Daniela;Ciro;3003;Placa de Vídeo NVidia;5;2094,87;1073,72;10474,35;5105,75
2024-10-31;Sudeste;Carlos;Manoela;1005;Headset;1;1574,63;1089,57;1574,63;485,06
2024-01-31;Norte;Daniela;Antonia;7002;Smartphone;3;2268,82;1654,08;6806,46;1844,22
2025-02-28;Centro-Oeste;Carlos;João;9001;Notebook;9;4229,49;2922,29;38065,41;11764,8
2024-03-31;Sudeste;Fernanda;Marisa;5004;Monitor;9;929,04;645,32;8361,36;2553,48
2022-09-30;Centro-Oeste;Carlos;Antonia;5004;Monitor;5;1801,82;1012,45;9009,1;3946,85
2024-07-31;Norte;Daniela;Antonia;5004;Monitor;7;3273,25;1975,86;22912,75;9081,73
2024-02-29;Nordeste;Carlos;Antonia;7002;Smartphone;5;4001,05;3158,45;20005,25;4213,0
2022-03-31;Centro-Oeste;Daniela;Antonia;1005;Headset;7;1886,06;1016,14;13202,42;6089,44
2024-12-31;Norte;Daniela;João;5004;Monitor;7;2084,66;1505,05;14592,62;4057,27
2024-03-31;Sudeste;Ana;Marisa;3003;Placa de Vídeo NVidia;9;1459,97;850,18;13139,73;5488,11
2024-10-31;Sudeste;Fernanda;João;2006;WebCam 4k;3;2502,98;1979,07;7508,94;1571,73
2025-03-31;Nordeste;Fernanda;Felipe;3003;Placa de Vídeo NVidia;3;4576,37;3339,03;13729,11;3712,02
2024-10-31;Sul;Fernanda;João;9001;Notebook;2;2592,41;1913,49;5184,82;1357,84
2023-09-30;Sudeste;Ana;Marisa;2006;WebCam 4k;3;1852,96;1110,67;5558,88;2226,87
2025-04-30;Norte;Ana;Manoela;5004;Monitor;7;1837,92;954,63;12865,44;6183,03
2025-05-31;Nordeste;Bruno;Manoela;7002;Smartphone;2;3467,65;1866,82;6935,3;3201,66
2023-06-30;Sudeste;Daniela;Manoela;2006;WebCam 4k;2;4761,84;3292,25;9523,68;2939,18
2025-04-30;Centro-Oeste;Carlos;Felipe;7002;Smartphone;5;2535,22;1528,24;12676,1;5034,9
2023-05-31;Sul;Fernanda;Antonia;5004;Monitor;8;1124,86;800,81;8998,88;2592,4
2022-08-31;Nordeste;Ana;Ciro;7002;Smartphone;6;1874,55;1385,16;11247,3;2936,34
2023-04-30;Sudeste;Daniela;Antonia;9001;Notebook;5;4610,83;3245,44;23054,15;6826,95
2024-05-31;Norte;Ana;Ciro;7002;Smartphone;8;1336,2;919,23;10689,6;3335,76
2022-05-31;Nordeste;Carlos;Manoela;2006;WebCam 4k;7;574,68;398,09;4022,76;1236,13
2024-03-31;Centro-Oeste;Bruno;Felipe;9001;Notebook;2;4639,38;2539,0;9278,76;4200,76
2024-03-31;Nordeste;Eduardo;Felipe;1005;Headset;9;1360,82;751,52;12247,38;5483,7
2023-03-31;Sudeste;Carlos;Manoela;1005;Headset;2;3318,94;2498,41;6637,88;1641,06
2023-04-30;Sudeste;Daniela;Felipe;9001;Notebook;8;3678,52;2379,78;29428,16;10389,92
2025-07-31;Nordeste;Daniela;Manoela;2006;WebCam 4k;6;2455,36;1823,19;14732,16;3793,02
2024-02-29;Sul;Eduardo;Marisa;3003;Placa de Vídeo NVidia;2;3871,13;2797,11;7742,26;2148,04
2023-02-28;Nordeste;Carlos;Manoela;2006;WebCam 4k;1;4753,54;3188,21;4753,54;1565,33
2022-11-30;Centro-Oeste;Ana;Manoela;3003;Placa de Vídeo NVidia;1;3152,75;2027,66;3152,75;1125,09
2023-05-31;Sul;Daniela;Felipe;5004;Monitor;1;1797,84;960,92;1797,84;836,92
2024-02-29;Centro-Oeste;Daniela;Marisa;5004;Monitor;1;2620,53;1551,92;2620,53;1068,61
2023-05-31;Norte;Ana;Felipe;3003;Placa de Vídeo NVidia;1;4321,5;3302,25;4321,5;1019,25
2023-05-31;Sudeste;Bruno;Antonia;3003;Placa de Vídeo NVidia;5;4726,21;3239,0;23631,05;7436,05
2024-03-31;Nordeste;Eduardo;Manoela;2006;WebCam 4k;3;4942,33;3424,36;14826,99;4553,91
2025-06-30;Norte;Fernanda;Felipe;9001;Notebook;2;3792,5;2820,49;7585,0;1944,02
2023-11-30;Norte;Ana;Ciro;5004;Monitor;9;4174,88;3056,7;37573,92;10063,62
2022-01-31;Centro-Oeste;Carlos;Marisa;7002;Smartphone;4;1698,0;949,53;6792,0;2993,88
2024-10-31;Centro-Oeste;Fernanda;Manoela;1005;Headset;8;3912,12;2647,91;31296,96;10113,68
2025-03-31;Centro-Oeste;Bruno;João;2006;WebCam 4k;7;3903,78;2309,53;27326,46;11159,75
2023-08-31;Nordeste;Carlos;Marisa;3003;Placa de Vídeo NVidia;6;3000,95;1973,52;18005,7;6164,58
2025-03-31;Sudeste;Daniela;Manoela;2006;WebCam 4k;1;2460,63;1441,88;2460,63;1018,75
2022-04-30;Sudeste;Eduardo;Antonia;9001;Notebook;4;1377,46;872,06;5509,84;2021,6
2022-11-30;Norte;Fernanda;Marisa;2006;WebCam 4k;7;2301,52;1368,22;16110,64;6533,1
2022-10-31;Sudeste;Bruno;Marisa;7002;Smartphone;1;3365,17;2154,26;3365,17;1210,91
2024-03-31;Sudeste;Carlos;Ciro;2006;WebCam 4k;4;4912,9;3916,44;19651,6;3985,84
2024-04-30;Nordeste;Bruno;Antonia;3003;Placa de Vídeo NVidia;9;4040,63;2815,99;36365,67;11021,76
2025-07-31;Nordeste;Carlos;Marisa;7002;Smartphone;5;1170,7;707,0;5853,5;2318,5
2025-04-30;Sul;Carlos;João;7002;Smartphone;2;2258,47;1732,47;4516,94;1052,0
2023-02-28;Centro-Oeste;Ana;João;9001;Notebook;9;2772,44;1885,83;24951,96;7979,49
2023-01-31;Centro-Oeste;Ana;Marisa;7002;Smartphone;2;599,81;475,14;1199,62;249,34
2024-08-31;Sudeste;Bruno;Manoela;2006;WebCam 4k;8;4602,44;2835,89;36819,52;14132,4
2025-05-31;Sul;Carlos;Antonia;2006;WebCam 4k;6;2606,4;1819,86;15638,4;4719,24
2025-02-28;Nordeste;Eduardo;Ciro;7002;Smartphone;4;3609,01;2484,58;14436,04;4497,72
2024-02-29;Norte;Fernanda;Felipe;7002;Smartphone;4;3656,19;2639,34;14624,76;4067,4
2022-12-31;Centro-Oeste;Ana;Antonia;2006;WebCam 4k;9;3352,16;2068,73;30169,44;11550,87
2025-01-31;Norte;Carlos;João;2006;WebCam 4k;5;1701,76;921,23;8508,8;3902,65
2022-11-30;Sudeste;Ana;Marisa;5004;Monitor;8;3545,53;2391,0;28364,24;9236,24
2022-03-31;Sudeste;Fernanda;Marisa;5004;Monitor;5;4310,74;3284,01;21553,7;5133,65
2023-07-31;Nordeste;Carlos;João;7002;Smartphone;5;2030,22;1046,29;10151,1;4919,65
2024-12-31;Centro-Oeste;Carlos;Antonia;2006;WebCam 4k;4;3964,97;2040,86;15859,88;7696,44
2022-08-31;Centro-Oeste;Eduardo;Felipe;7002;Smartphone;3;2727,83;1679,18;8183,49;3145,95
2023-06-30;Norte;Ana;João;5004;Monitor;8;2093,2;1454,95;16745,6;5106,0
2025-10-31;Norte;Fernanda;Felipe;3003;Placa de Vídeo NVidia;1;2446,46;1711,05;2446,46;735,41
2022-02-28;Sul;Daniela;Manoela;9001;Notebook;8;3530,48;1812,73;28243,84;13742,0
2025-07-31;Centro-Oeste;Bruno;Antonia;5004;Monitor;9;2332,95;1223,81;20996,55;9982,26
2022-06-30;Sul;Ana;Felipe;7002;Smartphone;2;870,89;532,9;1741,78;675,98
2022-05-31;Norte;Daniela;João;2006;WebCam 4k;5;2805,31;1417,8;14026,55;6937,55
2024-02-29;Norte;Ana;Felipe;5004;Monitor;5;4645,1;3456,35;23225,5;5943,75
2022-01-31;Sudeste;Bruno;Ciro;9001;Notebook;8;2928,35;1705,07;23426,8;9786,24
2022-11-30;Nordeste;Fernanda;Felipe;1005;Headset;2;4494,06;3393,0;8988,12;2202,12
2024-12-31;Nordeste;Bruno;Ciro;1005;Headset;2;1135,89;875,42;2271,78;520,94
2024-07-31;Sul;Carlos;Marisa;5004;Monitor;3;3844,46;1933,92;11533,38;5731,62
2024-01-31;Norte;Bruno;Antonia;5004;Monitor;2;2920,96;1569,34;5841,92;2703,24
2025-03-31;Centro-Oeste;Eduardo;Felipe;9001;Notebook;8;786,43;436,26;6291,44;2801,36
2025-09-30;Norte;Fernanda;Marisa;2006;WebCam 4k;3;1723,17;905,25;5169,51;2453,76
2022-04-30;Norte;Eduardo;João;9001;Notebook;6;3376,28;2080,09;20257,68;7777,14
2025-01-31;Centro-Oeste;Fernanda;João;7002;Smartphone;5;3928,25;2764,96;19641,25;5816,45
2023-11-30;Sudeste;Ana;Felipe;2006;WebCam 4k;8;1859,26;1009,47;14874,08;6798,32
2025-10-31;Norte;Carlos;Ciro;9001;Notebook;5;4737,35;2386,98;23686,75;11751,85
2025-09-30;Sudeste;Carlos;Felipe;5004;Monitor;2;1191,86;628,55;2383,72;1126,62
2025-03-31;Centro-Oeste;Ana;Felipe;3003;Placa de Vídeo NVidia;3;2737,26;1721,06;8211,78;3048,6
2024-06-30;Sudeste;Carlos;Ciro;1005;Headset;8;2204,6;1612,7;17636,8;4735,2
2023-02-28;Centro-Oeste;Eduardo;Antonia;9001;Notebook;1;2608,71;1371,86;2608,71;1236,85
2025-07-31;Sul;Fernanda;Ciro;9001;Notebook;9;2838,25;1942,71;25544,25;8059,86
2023-08-31;Sul;Eduardo;Felipe;7002;Smartphone;7;3099,74;2272,77;21698,18;5788,79
2024-10-31;Sudeste;Eduardo;Manoela;2006;WebCam 4k;9;702,09;440,44;6318,81;2354,85
2024-10-31;Centro-Oeste;Carlos;Marisa;5004;Monitor;1;4451,15;3103,33;4451,15;1347,82
2025-01-31;Nordeste;Eduardo;Manoela;5004;Monitor;1;2514,34;1267,13;2514,34;1247,21
2023-04-30;Norte;Bruno;Antonia;9001;Notebook;4;4414,13;3441,58;17656,52;3890,2
2023-08-31;Norte;Bruno;Marisa;7002;Smartphone;3;3773,77;1944,46;11321,31;5487,93
2023-06-30;Sul;Ana;Ciro;1005;Headset;4;3689,07;2606,07;14756,28;4332,0
2024-11-30;Nordeste;Bruno;Felipe;1005;Headset;1;2909,66;2313,22;2909,66;596,44
2025-08-31;Sudeste;Bruno;João;1005;Headset;2;3171,35;2487,89;6342,7;1366,92
2025-03-31;Sul;Daniela;João;3003;Placa de Vídeo NVidia;2;1945,95;1279,82;3891,9;1332,26
2024-08-31;Centro-Oeste;Ana;Ciro;2006;WebCam 4k;2;1361,93;698,2;2723,86;1327,46
2023-02-28;Centro-Oeste;Bruno;João;1005;Headset;6;874,33;522,34;5245,98;2111,94
2025-06-30;Norte;Carlos;Ciro;5004;Monitor;7;1726,58;1266,38;12086,06;3221,4
2023-10-31;Sul;Ana;Marisa;9001;Notebook;4;3279,22;2218,2;13116,88;4244,08
2025-09-30;Sudeste;Fernanda;Ciro;2006;WebCam 4k;4;3715,57;2760,5;14862,28;3820,28
2022-10-31;Sudeste;Ana;João;2006;WebCam 4k;6;4195,55;2950,32;25173,3;7471,38
2022-09-30;Centro-Oeste;Fernanda;Ciro;1005;Headset;5;1864,37;1489,33;9321,85;1875,2
2023-06-30;Norte;Eduardo;Manoela;9001;Notebook;3;3505,61;2060,06;10516,83;4336,65
2023-12-31;Centro-Oeste;Bruno;Marisa;3003;Placa de Vídeo NVidia;4;1072,16;772,9;4288,64;1197,04
2025-04-30;Sudeste;Carlos;Antonia;2006;WebCam 4k;5;4063,32;2956,52;20316,6;5534,0
2024-08-31;Sul;Daniela;Ciro;2006;WebCam 4k;2;3843,43;2759,13;7686,86;2168,6
2022-02-28;Centro-Oeste;Daniela;João;3003;Placa de Vídeo NVidia;6;3202,16;2486,95;19212,96;4291,26
2023-10-31;Centro-Oeste;Eduardo;Manoela;2006;WebCam 4k;2;2248,89;1395,64;4497,78;1706,5
2024-05-31;Centro-Oeste;Carlos;Antonia;7002;Smartphone;8;2960,81;1542,62;23686,48;11345,52
2024-05-31;Nordeste;Ana;Felipe;9001;Notebook;8;2465,65;1919,47;19725,2;4369,44
2025-04-30;Sul;Bruno;Ciro;2006;WebCam 4k;1;3861,73;2862,41;3861,73;999,32
2025-04-30;Centro-Oeste;Daniela;Felipe;2006;WebCam 4k;4;3425,46;2539,57;13701,84;3543,56
2025-07-31;Nordeste;Ana;Marisa;5004;Monitor;7;1009,36;640,52;7065,52;2581,88
2024-10-31;Nordeste;Ana;João;3003;Placa de Vídeo NVidia;6;4434,82;3336,07;26608,92;6592,5
2025-09-30;Centro-Oeste;Bruno;Antonia;7002;Smartphone;4;4350,74;2817,36;17402,96;6133,52
2023-04-30;Norte;Daniela;Ciro;5004;Monitor;4;2108,46;1300,36;8433,84;3232,4
2024-06-30;Nordeste;Bruno;Manoela;1005;Headset;4;1991,7;1427,86;7966,8;2255,36
2023-07-31;Sudeste;Bruno;Marisa;5004;Monitor;5;2013,17;1485,03;10065,85;2640,7
2022-01-31;Sudeste;Daniela;Antonia;7002;Smartphone;8;3092,73;1561,44;24741,84;12250,32
2025-07-31;Sul;Carlos;Marisa;7002;Smartphone;1;3758,86;2879,66;3758,86;879,2
2025-09-30;Norte;Fernanda;Manoela;2006;WebCam 4k;6;3469,63;2106,46;20817,78;8179,02
2024-11-30;Centro-Oeste;Daniela;Ciro;3003;Placa de Vídeo NVidia;7;1377,93;1013,96;9645,51;2547,79
2025-09-30;Sul;Bruno;Felipe;3003;Placa de Vídeo NVidia;4;2584,93;2044,33;10339,72;2162,4
2022-12-31;Nordeste;Eduardo;Ciro;2006;WebCam 4k;3;1642,54;1022,99;4927,62;1858,65
2022-07-31;Sudeste;Eduardo;Marisa;1005;Headset;3;1066,62;703,53;3199,86;1089,27
2024-11-30;Norte;Ana;Manoela;3003;Placa de Vídeo NVidia;8;3887,09;3007,92;31096,72;7033,36
2025-04-30;Centro-Oeste;Bruno;Ciro;9001;Notebook;5;2068,34;1290,08;10341,7;3891,3
2024-01-31;Sudeste;Ana;Ciro;7002;Smartphone;8;2026,59;1368,95;16212,72;5261,12
2024-06-30;Centro-Oeste;Bruno;Ciro;1005;Headset;5;987,86;715,45;4939,3;1362,05
2025-05-31;Centro-Oeste;Fernanda;Manoela;1005;Headset;6;4911,22;2709,45;29467,32;13210,62
2024-12-31;Sul;Bruno;Marisa;3003;Placa de Vídeo NVidia;4;4252,52;2875,96;17010,08;5506,24
2024-07-31;Centro-Oeste;Fernanda;Manoela;5004;Monitor;4;2935,92;1932,74;11743,68;4012,72
2023-02-28;Nordeste;Daniela;João;1005;Headset;5;4948,37;3226,97;24741,85;8607,0
2024-06-30;Sudeste;Carlos;Marisa;5004;Monitor;3;1866,68;1234,53;5600,04;1896,45
2024-11-30;Centro-Oeste;Fernanda;Antonia;7002;Smartphone;2;2071,01;1179,56;4142,02;1782,9
2024-11-30;Sudeste;Bruno;Ciro;7002;Smartphone;6;1470,04;943,45;8820,24;3159,54
2024-03-31;Centro-Oeste;Carlos;Antonia;3003;Placa de Vídeo NVidia;2;4598,46;3569,09;9196,92;2058,74
2022-03-31;Norte;Eduardo;Manoela;1005;Headset;1;4430,9;2442,43;4430,9;1988,47
2022-03-31;Nordeste;Carlos;Felipe;7002;Smartphone;8;2811,71;1445,83;22493,68;10927,04
2022-12-31;Sul;Carlos;Ciro;5004;Monitor;5;1831,86;1303,83;9159,3;2640,15
2023-01-31;Sul;Fernanda;João;5004;Monitor;7;1748,29;1203,57;12238,03;3813,04
2025-03-31;Sudeste;Eduardo;Felipe;5004;Monitor;9;2197,17;1131,24;19774,53;9593,37
2023-04-30;Sul;Daniela;João;5004;Monitor;8;992,29;567,45;7938,32;3398,72
2022-08-31;Norte;Carlos;João;9001;Notebook;6;1009,83;641,33;6058,98;2211,0
2022-09-30;Centro-Oeste;Bruno;Manoela;1005;Headset;2;3829,59;2573,3;7659,18;2512,58
2023-08-31;Centro-Oeste;Eduardo;Marisa;1005;Headset;1;4429,92;3465,11;4429,92;964,81
2024-05-31;Sul;Daniela;Ciro;9001;Notebook;4;2361,98;1236,08;9447,92;4503,6
2022-07-31;Norte;Ana;Ciro;5004;Monitor;8;1095,0;806,16;8760,0;2310,72
2022-12-31;Sul;Fernanda;Marisa;3003;Placa de Vídeo NVidia;9;3441,43;1805,33;30972,87;14724,9
2024-09-30;Sudeste;Carlos;Antonia;7002;Smartphone;9;1757,15;951,51;15814,35;7250,76
2024-06-30;Centro-Oeste;Bruno;Antonia;7002;Smartphone;9;2489,79;1548,55;22408,11;8471,16
2024-03-31;Sul;Ana;João;3003;Placa de Vídeo NVidia;8;1143,91;802,94;9151,28;2727,76
2022-08-31;Sul;Fernanda;Felipe;5004;Monitor;8;3660,94;2621,29;29287,52;8317,2
2025-07-31;Sudeste;Carlos;Manoela;2006;WebCam 4k;5;2466,62;1873,93;12333,1;2963,45
2025-05-31;Norte;Daniela;Marisa;9001;Notebook;8;4745,84;2941,23;37966,72;14436,88
2024-08-31;Sudeste;Ana;Ciro;5004;Monitor;3;1936,24;1353,94;5808,72;1746,9
2024-12-31;Nordeste;Eduardo;Manoela;7002;Smartphone;2;4420,78;3365,48;8841,56;2110,6
2023-04-30;Nordeste;Fernanda;Marisa;2006;WebCam 4k;2;1628,55;832,29;3257,1;1592,52
2022-09-30;Sudeste;Eduardo;Felipe;5004;Monitor;9;1365,57;834,31;12290,13;4781,34
2024-05-31;Centro-Oeste;Fernanda;João;3003;Placa de Vídeo NVidia;4;2885,57;1874,99;11542,28;4042,32
2022-10-31;Centro-Oeste;Carlos;Manoela;1005;Headset;3;2316,41;1380,14;6949,23;2808,81
2022-11-30;Norte;Carlos;João;3003;Placa de Vídeo NVidia;7;2069,6;1586,87;14487,2;3379,11
2022-06-30;Norte;Eduardo;Antonia;7002;Smartphone;1;1084,39;712,83;1084,39;371,56
2022-04-30;Centro-Oeste;Fernanda;Antonia;7002;Smartphone;8;4095,82;2286,47;32766,56;14474,8
2023-09-30;Centro-Oeste;Carlos;Marisa;1005;Headset;9;4980,0;2796,65;44820,0;19650,15
2022-02-28;Norte;Daniela;Ciro;3003;Placa de Vídeo NVidia;3;1059,45;842,45;3178,35;651,0
2024-08-31;Nordeste;Fernanda;Felipe;7002;Smartphone;5;867,98;636,28;4339,9;1158,5
2024-06-30;Norte;Carlos;Marisa;5004;Monitor;8;4736,8;2426,26;37894,4;18484,32
2022-07-31;Centro-Oeste;Bruno;Antonia;3003;Placa de Vídeo NVidia;5;4522,2;2430,06;22611,0;10460,7
2024-06-30;Norte;Ana;Manoela;9001;Notebook;3;1986,38;1042,98;5959,14;2830,2
2025-04-30;Sudeste;Ana;João;2006;WebCam 4k;6;3669,14;2267,28;22014,84;8411,16
2022-11-30;Sul;Daniela;Manoela;7002;Smartphone;4;4916,57;2775,56;19666,28;8564,04
2023-08-31;Sudeste;Bruno;Felipe;9001;Notebook;8;3405,42;2101,7;27243,36;10429,76
2022-01-31;Sul;Ana;Antonia;7002;Smartphone;6;2125,98;1404,61;12755,88;4328,22
2022-06-30;Sudeste;Ana;Marisa;5004;Monitor;7;4592,6;3466,8;32148,2;7880,6
2023-01-31;Centro-Oeste;Carlos;Ciro;7002;Smartphone;6;2444,23;1282,23;14665,38;6972,0
2025-02-28;Sudeste;Eduardo;Manoela;9001;Notebook;2;2412,42;1456,69;4824,84;1911,46
2023-10-31;Norte;Bruno;Felipe;2006;WebCam 4k;6;4950,72;3490,8;29704,32;8759,52
2025-03-31;Centro-Oeste;Fernanda;Felipe;3003;Placa de Vídeo NVidia;9;4445,42;3081,52;40008,78;12275,1
2023-06-30;Sudeste;Bruno;Marisa;2006;WebCam 4k;1;728,72;493,01;728,72;235,71
2023-10-31;Sul;Daniela;Marisa;2006;WebCam 4k;1;2262,01;1598,13;2262,01;663,88
2023-09-30;Nordeste;Ana;Marisa;1005;Headset;3;1812,12;1322,26;5436,36;1469,58
2024-11-30;Sudeste;Carlos;Ciro;2006;WebCam 4k;5;2138,24;1674,18;10691,2;2320,3
2025-07-31;Norte;Bruno;Felipe;7002;Smartphone;8;4831,29;3286,29;38650,32;12360,0
2023-04-30;Centro-Oeste;Fernanda;Felipe;7002;Smartphone;4;1171,15;719,99;4684,6;1804,64
2025-04-30;Centro-Oeste;Fernanda;Antonia;3003;Placa de Vídeo NVidia;2;565,76;422,38;1131,52;286,76
2025-01-31;Norte;Fernanda;Felipe;5004;Monitor;1;860,68;437,08;860,68;423,6
2023-08-31;Norte;Carlos;João;2006;WebCam 4k;3;2085,5;1089,25;6256,5;2988,75
2024-01-31;Sudeste;Daniela;Manoela;7002;Smartphone;4;513,67;403,78;2054,68;439,56
2023-08-31;Nordeste;Daniela;João;2006;WebCam 4k;6;1303,23;738,37;7819,38;3389,16
2023-03-31;Centro-Oeste;Carlos;Ciro;3003;Placa de Vídeo NVidia;1;2952,63;2299,82;2952,63;652,81
2024-10-31;Norte;Fernanda;Ciro;3003;Placa de Vídeo NVidia;7;1837,1;1128,94;12859,7;4957,12
2025-10-31;Sul;Carlos;Antonia;9001;Notebook;1;1430,66;879,84;1430,66;550,82
2024-09-30;Sul;Eduardo;Felipe;9001;Notebook;8;1191,31;711,67;9530,48;3837,12
2023-02-28;Norte;Ana;Marisa;9001;Notebook;5;2916,85;2165,32;14584,25;3757,65
2025-07-31;Sul;Carlos;Manoela;3003;Placa de Vídeo NVidia;8;3776,07;2530,6;30208,56;9963,76
2022-03-31;Nordeste;Ana;Manoela;5004;Monitor;8;4346,41;2562,16;34771,28;14274,0
2022-02-28;Norte;Eduardo;João;2006;WebCam 4k;7;1009,55;684,09;7066,85;2278,22
2024-06-30;Norte;Fernanda;João;9001;Notebook;9;3806,32;2401,32;34256,88;12645,0
2025-01-31;Sudeste;Fernanda;Ciro;3003;Placa de Vídeo NVidia;9;3430,11;1996,59;30870,99;12901,68
2023-10-31;Centro-Oeste;Ana;Felipe;7002;Smartphone;2;4248,69;2759,99;8497,38;2977,4
2022-10-31;Sul;Eduardo;Felipe;1005;Headset;3;2886,4;1606,38;8659,2;3840,06
2024-05-31;Sul;Bruno;Ciro;5004;Monitor;5;1640,88;871,72;8204,4;3845,8
2025-03-31;Norte;Ana;Antonia;7002;Smartphone;1;2887,28;1624,18;2887,28;1263,1
2025-09-30;Norte;Eduardo;Ciro;1005;Headset;5;1528,24;1220,76;7641,2;1537,4
2023-01-31;Sul;Fernanda;Marisa;7002;Smartphone;1;2864,23;1547,32;2864,23;1316,91
2025-04-30;Nordeste;Ana;João;9001;Notebook;3;1745,5;1211,5;5236,5;1602,0
2024-10-31;Sul;Carlos;Ciro;1005;Headset;9;2193,1;1589,32;19737,9;5434,02
2022-05-31;Norte;Daniela;Marisa;9001;Notebook;4;978,19;642,17;3912,76;1344,08
2024-05-31;Centro-Oeste;Eduardo;Felipe;2006;WebCam 4k;7;837,26;524,12;5860,82;2191,98
2025-05-31;Sul;Ana;Antonia;7002;Smartphone;6;1105,28;842,3;6631,68;1577,88
2022-01-31;Nordeste;Daniela;Ciro;2006;WebCam 4k;6;2199,0;1307,54;13194,0;5348,76
2022-04-30;Nordeste;Ana;Felipe;2006;WebCam 4k;8;4217,73;2694,11;33741,84;12188,96
2025-08-31;Sudeste;Eduardo;Marisa;2006;WebCam 4k;4;2831,99;1648,35;11327,96;4734,56
2024-03-31;Sudeste;Carlos;Antonia;9001;Notebook;2;1421,84;1133,88;2843,68;575,92
2025-08-31;Sul;Ana;João;2006;WebCam 4k;8;4347,12;3062,5;34776,96;10276,96
2023-01-31;Centro-Oeste;Carlos;João;5004;Monitor;4;1076,97;756,7;4307,88;1281,08
2024-03-31;Norte;Ana;Marisa;5004;Monitor;1;1302,6;772,42;1302,6;530,18
2024-06-30;Centro-Oeste;Carlos;Felipe;3003;Placa de Vídeo NVidia;5;4086,54;3183,57;20432,7;4514,85
2025-07-31;Nordeste;Eduardo;Antonia;3003;Placa de Vídeo NVidia;4;3816,53;2362,44;15266,12;5816,36
2022-09-30;Sul;Ana;Antonia;1005;Headset;6;3858,67;2086,71;23152,02;10631,76
2025-08-31;Sudeste;Daniela;Manoela;9001;Notebook;2;1449,63;1051,05;2899,26;797,16
2023-11-30;Sudeste;Daniela;Felipe;7002;Smartphone;7;858,77;467,54;6011,39;2738,61
2022-03-31;Norte;Daniela;Manoela;7002;Smartphone;4;2999,4;1880,36;11997,6;4476,16
2023-11-30;Sudeste;Bruno;Felipe;5004;Monitor;1;1382,11;712,5;1382,11;669,61
2023-02-28;Centro-Oeste;Ana;Felipe;7002;Smartphone;5;3290,76;1742,66;16453,8;7740,5
2023-06-30;Nordeste;Bruno;João;3003;Placa de Vídeo NVidia;1;3120,17;2345,32;3120,17;774,85
2025-10-31;Centro-Oeste;Eduardo;Antonia;2006;WebCam 4k;6;3796,38;2384,9;22778,28;8468,88
2024-06-30;Norte;Daniela;Ciro;3003;Placa de Vídeo NVidia;2;3219,92;1872,65;6439,84;2694,54
2022-07-31;Sul;Carlos;Ciro;9001;Notebook;9;2283,12;1804,5;20548,08;4307,58
2023-09-30;Centro-Oeste;Ana;Ciro;2006;WebCam 4k;5;4730,92;2934,25;23654,6;8983,35
2023-08-31;Norte;Daniela;Antonia;2006;WebCam 4k;8;2603,95;1967,93;20831,6;5088,16
2025-07-31;Sudeste;Carlos;João;3003;Placa de Vídeo NVidia;4;1287,82;865,9;5151,28;1687,68
2023-12-31;Sul;Fernanda;Felipe;5004;Monitor;9;1350,67;767,86;12156,03;5245,29
2023-08-31;Nordeste;Ana;Antonia;9001;Notebook;2;1721,39;961,83;3442,78;1519,12
2023-06-30;Norte;Carlos;Felipe;1005;Headset;2;2650,67;1740,84;5301,34;1819,66
2022-11-30;Centro-Oeste;Bruno;Felipe;5004;Monitor;9;2255,49;1479,63;20299,41;6982,74
2025-05-31;Sudeste;Carlos;Felipe;3003;Placa de Vídeo NVidia;5;2850,38;2253,51;14251,9;2984,35
2024-11-30;Centro-Oeste;Carlos;Ciro;7002;Smartphone;7;1495,45;860,27;10468,15;4446,26
2022-10-31;Norte;Eduardo;João;3003;Placa de Vídeo NVidia;9;4942,31;2713,33;44480,79;20060,82
2023-08-31;Sul;Bruno;Marisa;9001;Notebook;4;3827,31;2425,6;15309,24;5606,84
2024-05-31;Norte;Bruno;Antonia;5004;Monitor;1;4003,95;2077,74;4003,95;1926,21
2024-11-30;Nordeste;Carlos;Antonia;5004;Monitor;8;4665,38;2710,32;37323,04;15640,48
2023-04-30;Centro-Oeste;Daniela;Antonia;2006;WebCam 4k;4;1507,0;974,83;6028,0;2128,68
2022-05-31;Norte;Bruno;Felipe;7002;Smartphone;1;2007,65;1068,67;2007,65;938,98
2024-12-31;Centro-Oeste;Daniela;Marisa;5004;Monitor;7;3284,36;2429,69;22990,52;5982,69
2025-10-31;Sul;Bruno;Felipe;3003;Placa de Vídeo NVidia;7;3803,66;2770,34;26625,62;7233,24
2022-03-31;Sudeste;Eduardo;Felipe;3003;Placa de Vídeo NVidia;2;620,86;416,44;1241,72;408,84
2022-06-30;Norte;Fernanda;Felipe;3003;Placa de Vídeo NVidia;8;4776,28;3470,45;38210,24;10446,64
2025-10-31;Sul;Carlos;Ciro;5004;Monitor;2;4489,29;2284,32;8978,58;4409,94
2022-08-31;Sul;Bruno;João;9001;Notebook;1;2405,17;1702,97;2405,17;702,2
2024-06-30;Nordeste;Eduardo;Manoela;9001;Notebook;6;1180,59;717,45;7083,54;2778,84
2022-07-31;Sul;Fernanda;Marisa;5004;Monitor;2;1524,15;913,65;3048,3;1221,0
2023-08-31;Sudeste;Daniela;Marisa;1005;Headset;9;542,77;311,35;4884,93;2082,78
2025-01-31;Centro-Oeste;Fernanda;Antonia;1005;Headset;4;1076,42;860,95;4305,68;861,88
2025-02-28;Nordeste;Ana;Felipe;1005;Headset;5;1003,02;630,72;5015,1;1861,5
2024-01-31;Norte;Eduardo;João;7002;Smartphone;4;4072,66;2270,51;16290,64;7208,6
2025-08-31;Norte;Bruno;João;7002;Smartphone;8;1533,83;907,44;12270,64;5011,12
2024-05-31;Norte;Carlos;Antonia;2006;WebCam 4k;8;1492,93;1165,58;11943,44;2618,8
2024-03-31;Centro-Oeste;Carlos;Marisa;7002;Smartphone;6;2130,35;1270,8;12782,1;5157,3
2025-04-30;Norte;Carlos;Manoela;5004;Monitor;1;1756,17;919,02;1756,17;837,15
2022-05-31;Nordeste;Daniela;Ciro;2006;WebCam 4k;9;2943,61;2126,28;26492,49;7355,97
2022-05-31;Norte;Daniela;Antonia;3003;Placa de Vídeo NVidia;5;1295,16;768,98;6475,8;2630,9
2025-09-30;Centro-Oeste;Ana;Felipe;1005;Headset;5;4047,09;2761,26;20235,45;6429,15
2022-11-30;Centro-Oeste;Carlos;João;1005;Headset;1;1497,39;1101,61;1497,39;395,78
2024-06-30;Sudeste;Eduardo;Ciro;7002;Smartphone;1;4242,0;3029,87;4242,0;1212,13
2022-04-30;Nordeste;Daniela;João;7002;Smartphone;4;4359,26;3365,5;17437,04;3975,04
2024-01-31;Norte;Daniela;Marisa;7002;Smartphone;5;1974,36;1281,96;9871,8;3462,0
2025-10-31;Nordeste;Fernanda;Manoela;3003;Placa de Vídeo NVidia;8;2051,98;1027,78;16415,84;8193,6
2022-06-30;Nordeste;Eduardo;Marisa;1005;Headset;7;2479,78;1720,32;17358,46;5316,22
2025-03-31;Centro-Oeste;Ana;Marisa;1005;Headset;4;3400,37;1959,68;13601,48;5762,76
2025-09-30;Sul;Eduardo;Marisa;7002;Smartphone;2;938,36;662,38;1876,72;551,96
2025-05-31;Norte;Eduardo;Manoela;5004;Monitor;7;961,55;718,9;6730,85;1698,55
2023-09-30;Centro-Oeste;Carlos;Manoela;1005;Headset;7;756,86;400,7;5298,02;2493,12
2023-06-30;Norte;Eduardo;Manoela;3003;Placa de Vídeo NVidia;5;3594,98;2320,25;17974,9;6373,65
2025-03-31;Centro-Oeste;Carlos;Manoela;2006;WebCam 4k;8;4415,1;2898,97;35320,8;12129,04
2024-05-31;Sul;Eduardo;Ciro;7002;Smartphone;1;2224,71;1216,07;2224,71;1008,64
2023-11-30;Sul;Daniela;Antonia;5004;Monitor;6;2299,52;1646,86;13797,12;3915,96
2023-12-31;Nordeste;Carlos;Manoela;3003;Placa de Vídeo NVidia;5;1106,08;670,18;5530,4;2179,5
2023-04-30;Centro-Oeste;Carlos;João;9001;Notebook;4;2520,45;1829,16;10081,8;2765,16
2025-04-30;Nordeste;Carlos;Marisa;5004;Monitor;2;1881,48;1479,76;3762,96;803,44
2023-07-31;Nordeste;Eduardo;João;5004;Monitor;9;4087,98;2237,76;36791,82;16651,98
2025-02-28;Norte;Bruno;Ciro;5004;Monitor;3;1719,94;1294,0;5159,82;1277,82
2023-08-31;Nordeste;Fernanda;João;5004;Monitor;7;864,65;550,27;6052,55;2200,66
2025-02-28;Centro-Oeste;Bruno;Marisa;1005;Headset;8;1951,76;1327,99;15614,08;4990,16
2022-01-31;Nordeste;Ana;Antonia;9001;Notebook;5;2577,58;1509,24;12887,9;5341,7
2022-03-31;Nordeste;Bruno;Manoela;9001;Notebook;1;1437,88;1016,17;1437,88;421,71
2022-02-28;Sudeste;Fernanda;Marisa;9001;Notebook;7;2399,42;1593,24;16795,94;5643,26
2025-04-30;Norte;Carlos;Ciro;9001;Notebook;2;1950,68;1124,37;3901,36;1652,62
2023-06-30;Centro-Oeste;Ana;Marisa;7002;Smartphone;4;1683,85;1214,4;6735,4;1877,8
2022-05-31;Sul;Eduardo;Manoela;9001;Notebook;3;3241,76;2335,96;9725,28;2717,4
2023-12-31;Norte;Bruno;Manoela;1005;Headset;8;3434,52;1800,8;27476,16;13069,76
2022-08-31;Sudeste;Eduardo;Marisa;9001;Notebook;3;1157,77;758,93;3473,31;1196,52
2025-10-31;Norte;Eduardo;Ciro;3003;Placa de Vídeo NVidia;3;1822,4;1122,53;5467,2;2099,61
2023-03-31;Sudeste;Ana;Ciro;5004;Monitor;8;3341,76;2512,79;26734,08;6631,76
2025-01-31;Nordeste;Eduardo;Felipe;7002;Smartphone;3;1840,06;926,76;5520,18;2739,9
2022-03-31;Centro-Oeste;Daniela;Felipe;7002;Smartphone;8;1841,22;1173,21;14729,76;5344,08
2022-02-28;Nordeste;Daniela;Antonia;3003;Placa de Vídeo NVidia;1;2065,84;1300,39;2065,84;765,45
2023-09-30;Sudeste;Fernanda;Manoela;5004;Monitor;4;1304,38;908,95;5217,52;1581,72
2022-08-31;Centro-Oeste;Carlos;Antonia;1005;Headset;2;3100,87;2332,79;6201,74;1536,16
2025-06-30;Norte;Fernanda;Felipe;1005;Headset;9;4793,91;2861,34;43145,19;17393,13
2022-06-30;Sul;Eduardo;Manoela;2006;WebCam 4k;9;4442,77;2762,62;39984,93;15121,35
2022-06-30;Norte;Bruno;Manoela;2006;WebCam 4k;4;835,55;598,14;3342,2;949,64
2023-11-30;Centro-Oeste;Ana;Felipe;3003;Placa de Vídeo NVidia;8;2215,64;1366,42;17725,12;6793,76
2024-11-30;Nordeste;Daniela;Felipe;5004;Monitor;4;2544,1;1736,23;10176,4;3231,48
2023-06-30;Nordeste;Bruno;Ciro;2006;WebCam 4k;6;870,9;601,87;5225,4;1614,18
2023-11-30;Nordeste;Eduardo;Felipe;7002;Smartphone;9;2210,75;1108,07;19896,75;9924,12
2022-04-30;Centro-Oeste;Fernanda;João;1005;Headset;9;4320,22;2166,86;38881,98;19380,24
2024-03-31;Sudeste;Daniela;Ciro;2006;WebCam 4k;3;3121,55;1850,74;9364,65;3812,43
2022-05-31;Nordeste;Bruno;João;3003;Placa de Vídeo NVidia;5;3827,18;2942,27;19135,9;4424,55
2022-05-31;Centro-Oeste;Eduardo;João;9001;Notebook;4;2360,95;1801,31;9443,8;2238,56
2024-11-30;Sul;Daniela;Ciro;7002;Smartphone;3;4164,18;2465,46;12492,54;5096,16
2022-03-31;Sudeste;Daniela;Felipe;1005;Headset;2;590,9;312,66;1181,8;556,48
2025-04-30;Centro-Oeste;Ana;Ciro;1005;Headset;7;665,18;418,14;4656,26;1729,28
2022-12-31;Nordeste;Eduardo;Felipe;2006;WebCam 4k;8;1943,79;1049,7;15550,32;7152,72
2024-02-29;Norte;Eduardo;Marisa;2006;WebCam 4k;4;3666,77;2382,36;14667,08;5137,64
2022-12-31;Sudeste;Bruno;Manoela;1005;Headset;9;3638,58;2492,26;32747,22;10316,88
2025-01-31;Centro-Oeste;Carlos;Manoela;5004;Monitor;9;1793,31;1316,68;16139,79;4289,67
2023-09-30;Centro-Oeste;Eduardo;Antonia;2006;WebCam 4k;1;660,17;360,47;660,17;299,7
2025-06-30;Centro-Oeste;Fernanda;Antonia;3003;Placa de Vídeo NVidia;3;1981,39;1395,68;5944,17;1757,13
2025-02-28;Norte;Eduardo;Marisa;3003;Placa de Vídeo NVidia;8;959,97;642,0;7679,76;2543,76
2025-07-31;Centro-Oeste;Fernanda;João;5004;Monitor;2;1259,71;826,66;2519,42;866,1
2022-12-31;Sudeste;Bruno;Marisa;5004;Monitor;8;790,47;431,74;6323,76;2869,84
2023-12-31;Sul;Bruno;Marisa;7002;Smartphone;3;1662,27;980,89;4986,81;2044,14
2022-12-31;Nordeste;Eduardo;Ciro;5004;Monitor;6;2888,64;1971,13;17331,84;5505,06
2022-02-28;Sudeste;Eduardo;Antonia;3003;Placa de Vídeo NVidia;5;3529,8;2659,45;17649,0;4351,75
2023-11-30;Sudeste;Daniela;João;7002;Smartphone;7;2953,8;1645,4;20676,6;9158,8
2025-04-30;Sul;Ana;Felipe;7002;Smartphone;5;699,84;373,06;3499,2;1633,9
2025-01-31;Sudeste;Eduardo;Antonia;9001;Notebook;8;3919,3;2736,82;31354,4;9459,84
2022-04-30;Nordeste;Fernanda;Manoela;7002;Smartphone;5;3293,57;1658,59;16467,85;8174,9
2023-03-31;Nordeste;Fernanda;Marisa;3003;Placa de Vídeo NVidia;4;921,58;556,58;3686,32;1460,0
2023-10-31;Sudeste;Ana;João;7002;Smartphone;4;978,54;604,28;3914,16;1497,04
2024-12-31;Sul;Carlos;Ciro;5004;Monitor;7;1798,55;1094,87;12589,85;4925,76
2023-07-31;Sudeste;Bruno;Antonia;1005;Headset;8;1505,57;1110,34;12044,56;3161,84
2023-07-31;Centro-Oeste;Daniela;João;1005;Headset;8;4677,88;2895,17;37423,04;14261,68
2023-11-30;Sudeste;Bruno;João;3003;Placa de Vídeo NVidia;9;4249,63;2213,35;38246,67;18326,52
2024-10-31;Nordeste;Daniela;Ciro;1005;Headset;9;2480,64;1486,69;22325,76;8945,55
2023-08-31;Norte;Eduardo;Antonia;5004;Monitor;5;3453,65;1872,82;17268,25;7904,15
2022-08-31;Nordeste;Daniela;Felipe;5004;Monitor;4;3544,9;2106,39;14179,6;5754,04
2022-09-30;Norte;Fernanda;Felipe;7002;Smartphone;2;2282,39;1415,89;4564,78;1733,0
2023-09-30;Centro-Oeste;Carlos;João;5004;Monitor;1;2397,55;1335,01;2397,55;1062,54
2025-05-31;Norte;Bruno;Manoela;5004;Monitor;8;636,18;448,62;5089,44;1500,48
2023-11-30;Norte;Fernanda;Manoela;5004;Monitor;2;988,94;706,19;1977,88;565,5
2023-06-30;Centro-Oeste;Bruno;Marisa;1005;Headset;2;2781,46;1870,14;5562,92;1822,64
2022-08-31;Centro-Oeste;Daniela;João;3003;Placa de Vídeo NVidia;4;2426,6;1712,94;9706,4;2854,64
2022-02-28;Nordeste;Bruno;Ciro;1005;Headset;7;1934,83;991,4;13543,81;6604,01
2022-03-31;Nordeste;Carlos;Marisa;1005;Headset;6;4806,54;3183,57;28839,24;9737,82
2024-02-29;Sudeste;Daniela;Marisa;7002;Smartphone;4;4992,84;3008,43;19971,36;7937,64
2024-06-30;Centro-Oeste;Daniela;João;1005;Headset;2;3042,94;1523,57;6085,88;3038,74
2024-11-30;Centro-Oeste;Ana;Marisa;5004;Monitor;3;1523,97;848,86;4571,91;2025,33
2023-11-30;Sudeste;Ana;Ciro;5004;Monitor;4;3521,1;2241,5;14084,4;5118,4
2023-10-31;Centro-Oeste;Eduardo;Ciro;1005;Headset;1;603,56;465,95;603,56;137,61
2023-06-30;Sudeste;Ana;Marisa;2006;WebCam 4k;3;1448,58;1125,76;4345,74;968,46
2022-07-31;Centro-Oeste;Ana;Felipe;9001;Notebook;9;2792,31;2046,01;25130,79;6716,7
2025-08-31;Norte;Ana;Manoela;9001;Notebook;3;2241,06;1413,42;6723,18;2482,92
2023-12-31;Nordeste;Daniela;Felipe;7002;Smartphone;4;1031,96;818,33;4127,84;854,52
2023-06-30;Centro-Oeste;Ana;Antonia;2006;WebCam 4k;7;772,75;526,09;5409,25;1726,62
2024-10-31;Sul;Eduardo;Marisa;2006;WebCam 4k;2;3512,71;2151,58;7025,42;2722,26
2022-08-31;Norte;Fernanda;Ciro;2006;WebCam 4k;5;3501,58;1821,78;17507,9;8399,0
2023-12-31;Centro-Oeste;Carlos;Felipe;2006;WebCam 4k;7;4836,07;3203,22;33852,49;11429,95
2022-04-30;Nordeste;Eduardo;Marisa;9001;Notebook;1;3351,62;1884,85;3351,62;1466,77
2025-03-31;Sul;Eduardo;Antonia;9001;Notebook;2;3496,01;2466,54;6992,02;2058,94
2023-08-31;Centro-Oeste;Eduardo;Felipe;1005;Headset;7;1824,93;1073,23;12774,51;5261,9
2023-04-30;Sudeste;Bruno;Antonia;1005;Headset;3;546,34;424,86;1639,02;364,44
2025-04-30;Sul;Carlos;João;2006;WebCam 4k;6;4064,23;2201,59;24385,38;11175,84
2022-12-31;Norte;Carlos;Felipe;5004;Monitor;8;4447,01;2505,95;35576,08;15528,48
2022-06-30;Norte;Bruno;Marisa;9001;Notebook;6;4130,25;2585,11;24781,5;9270,84
2022-01-31;Centro-Oeste;Eduardo;Marisa;9001;Notebook;4;3601,0;2344,2;14404,0;5027,2
2023-12-31;Norte;Ana;João;5004;Monitor;7;3691,99;2351,57;25843,93;9382,94
2023-10-31;Norte;Ana;Antonia;7002;Smartphone;7;2606,03;1527,76;18242,21;7547,89
2022-01-31;Nordeste;Ana;Ciro;5004;Monitor;6;1405,46;788,84;8432,76;3699,72
2023-02-28;Centro-Oeste;Bruno;João;7002;Smartphone;7;1029,36;714,74;7205,52;2202,34
2025-03-31;Sul;Eduardo;Ciro;5004;Monitor;9;2540,74;1884,62;22866,66;5905,08
2024-12-31;Sudeste;Carlos;Felipe;7002;Smartphone;5;2252,29;1385,72;11261,45;4332,85
2024-04-30;Norte;Carlos;Manoela;9001;Notebook;8;1585,38;1081,85;12683,04;4028,24
2022-05-31;Sudeste;Fernanda;João;3003;Placa de Vídeo NVidia;8;833,36;532,45;6666,88;2407,28
2023-01-31;Norte;Fernanda;Marisa;5004;Monitor;9;3587,71;2599,08;32289,39;8897,67
2025-04-30;Sudeste;Bruno;Antonia;5004;Monitor;8;2794,8;1944,67;22358,4;6801,04
2022-08-31;Nordeste;Daniela;Ciro;9001;Notebook;5;831,43;472,75;4157,15;1793,4
2023-05-31;Norte;Ana;Marisa;9001;Notebook;4;4943,21;3740,33;19772,84;4811,52
2023-09-30;Sudeste;Daniela;Felipe;7002;Smartphone;1;2766,0;1767,94;2766,0;998,06
2024-06-30;Nordeste;Carlos;Felipe;2006;WebCam 4k;2;1296,15;1021,44;2592,3;549,42
2024-11-30;Norte;Eduardo;Marisa;2006;WebCam 4k;8;4367,59;2553,04;34940,72;14516,4
2025-08-31;Centro-Oeste;Bruno;Marisa;1005;Headset;2;3793,29;2075,52;7586,58;3435,54
2024-09-30;Norte;Fernanda;João;1005;Headset;3;4099,37;2350,12;12298,11;5247,75
2025-06-30;Centro-Oeste;Bruno;Felipe;3003;Placa de Vídeo NVidia;8;1099,0;797,98;8792,0;2408,16
2023-04-30;Sul;Daniela;João;9001;Notebook;7;4248,57;2722,75;29739,99;10680,74
2022-05-31;Sudeste;Daniela;Antonia;3003;Placa de Vídeo NVidia;4;3612,43;1966,25;14449,72;6584,72
2023-09-30;Norte;Carlos;Antonia;3003;Placa de Vídeo NVidia;6;4599,03;3314,0;27594,18;7710,18
2022-01-31;Norte;Bruno;Marisa;2006;WebCam 4k;8;506,89;352,93;4055,12;1231,68
2023-09-30;Nordeste;Eduardo;Ciro;2006;WebCam 4k;7;766,8;588,0;5367,6;1251,6
2025-02-28;Sudeste;Daniela;Felipe;9001;Notebook;2;3552,79;1816,14;7105,58;3473,3
2023-05-31;Sul;Ana;Felipe;2006;WebCam 4k;8;3810,16;2086,74;30481,28;13787,36
2024-01-31;Sudeste;Bruno;Antonia;1005;Headset;1;2769,38;1791,33;2769,38;978,05
2025-07-31;Centro-Oeste;Daniela;Ciro;9001;Notebook;9;1945,96;1445,49;17513,64;4504,23
2023-03-31;Sudeste;Daniela;Felipe;5004;Monitor;3;4138,08;3273,76;12414,24;2592,96
2025-01-31;Nordeste;Ana;Manoela;9001;Notebook;4;4780,83;3351,13;19123,32;5718,8
2024-04-30;Centro-Oeste;Daniela;Manoela;2006;WebCam 4k;8;2389,99;1766,35;19119,92;4989,12
2025-06-30;Sudeste;Carlos;Antonia;9001;Notebook;7;1277,65;868,57;8943,55;2863,56
2022-06-30;Sudeste;Carlos;João;1005;Headset;4;4661,9;3266,53;18647,6;5581,48
2022-04-30;Sul;Bruno;Marisa;7002;Smartphone;7;1585,82;925,18;11100,74;4624,48
2024-03-31;Sudeste;Bruno;Manoela;1005;Headset;1;3874,53;2550,69;3874,53;1323,84
2022-07-31;Norte;Carlos;Felipe;1005;Headset;6;922,76;591,89;5536,56;1985,22
2024-09-30;Norte;Ana;Felipe;3003;Placa de Vídeo NVidia;2;4407,0;3263,79;8814,0;2286,42
2024-10-31;Sul;Eduardo;Manoela;1005;Headset;8;2298,26;1584,67;18386,08;5708,72
2025-07-31;Norte;Bruno;Manoela;5004;Monitor;4;4436,85;2854,35;17747,4;6330,0
2022-06-30;Nordeste;Fernanda;Manoela;5004;Monitor;8;1296,55;923,85;10372,4;2981,6
2025-02-28;Sudeste;Eduardo;Felipe;7002;Smartphone;7;4442,97;2705,18;31100,79;12164,53
2023-09-30;Sudeste;Fernanda;Manoela;9001;Notebook;2;2241,2;1263,91;4482,4;1954,58
2023-02-28;Sudeste;Eduardo;Antonia;7002;Smartphone;4;2775,16;1654,14;11100,64;4484,08
2023-08-31;Nordeste;Daniela;Ciro;5004;Monitor;4;4667,01;2818,69;18668,04;7393,28
2024-03-31;Sul;Ana;João;2006;WebCam 4k;4;870,51;638,95;3482,04;926,24
2025-07-31;Sul;Daniela;Antonia;5004;Monitor;1;4091,3;2304,25;4091,3;1787,05
2024-03-31;Norte;Eduardo;Felipe;1005;Headset;7;3708,61;2384,46;25960,27;9269,05
2023-03-31;Nordeste;Bruno;Manoela;7002;Smartphone;4;3969,05;2026,6;15876,2;7769,8
2025-06-30;Sul;Ana;Marisa;3003;Placa de Vídeo NVidia;1;4178,79;2464,99;4178,79;1713,8
2023-05-31;Sudeste;Fernanda;Manoela;9001;Notebook;5;1430,66;719,38;7153,3;3556,4
2024-05-31;Norte;Bruno;Felipe;1005;Headset;9;1364,38;1052,13;12279,42;2810,25
2025-06-30;Sudeste;Fernanda;Marisa;7002;Smartphone;3;993,52;547,8;2980,56;1337,16
2025-02-28;Sul;Eduardo;Felipe;5004;Monitor;7;609,32;384,73;4265,24;1572,13
2022-10-31;Centro-Oeste;Bruno;Antonia;5004;Monitor;7;3810,06;2048,24;26670,42;12332,74
2024-10-31;Sul;Eduardo;Antonia;9001;Notebook;3;1420,06;817,02;4260,18;1809,12
2022-07-31;Sul;Daniela;Marisa;2006;WebCam 4k;6;1136,43;575,2;6818,58;3367,38
2023-06-30;Sudeste;Fernanda;Antonia;5004;Monitor;7;1902,69;1108,8;13318,83;5557,23
2025-06-30;Norte;Daniela;Felipe;3003;Placa de Vídeo NVidia;3;3565,33;2059,21;10695,99;4518,36
2024-08-31;Norte;Ana;Manoela;3003;Placa de Vídeo NVidia;4;3102,53;2067,47;12410,12;4140,24
2024-08-31;Sudeste;Bruno;Manoela;9001;Notebook;6;3155,81;1772,33;18934,86;8300,88
2023-07-31;Sudeste;Fernanda;Manoela;7002;Smartphone;5;4707,75;2431,21;23538,75;11382,7
2024-11-30;Centro-Oeste;Ana;Marisa;9001;Notebook;1;4915,24;2941,7;4915,24;1973,54
2024-04-30;Nordeste;Bruno;Ciro;9001;Notebook;6;1843,06;1293,91;11058,36;3294,9
2023-10-31;Norte;Fernanda;João;3003;Placa de Vídeo NVidia;6;4781,76;3475,51;28690,56;7837,5
2023-12-31;Centro-Oeste;Ana;Marisa;3003;Placa de Vídeo NVidia;9;2607,32;1812,19;23465,88;7156,17
2023-02-28;Centro-Oeste;Ana;Marisa;7002;Smartphone;4;3141,59;2493,27;12566,36;2593,28
2025-03-31;Centro-Oeste;Bruno;Manoela;2006;WebCam 4k;6;2991,09;2044,47;17946,54;5679,72
2022-12-31;Sul;Ana;João;7002;Smartphone;5;1176,5;758,82;5882,5;2088,4
2023-07-31;Norte;Bruno;Ciro;3003;Placa de Vídeo NVidia;3;4221,68;3315,62;12665,04;2718,18
2022-12-31;Sudeste;Ana;Antonia;2006;WebCam 4k;1;589,68;453,76;589,68;135,92
2023-03-31;Centro-Oeste;Fernanda;Manoela;5004;Monitor;2;815,08;622,88;1630,16;384,4
2023-06-30;Norte;Eduardo;Marisa;2006;WebCam 4k;8;3756,41;2844,82;30051,28;7292,72
2023-10-31;Centro-Oeste;Daniela;Manoela;1005;Headset;3;508,73;278,25;1526,19;691,44
2022-05-31;Nordeste;Ana;Manoela;1005;Headset;9;798,93;439,32;7190,37;3236,49
2022-11-30;Nordeste;Carlos;Ciro;2006;WebCam 4k;7;3008,52;2069,69;21059,64;6571,81
2025-01-31;Sudeste;Fernanda;Felipe;2006;WebCam 4k;2;2857,26;1617,65;5714,52;2479,22
2024-12-31;Centro-Oeste;Eduardo;Manoela;1005;Headset;6;1198,55;741,61;7191,3;2741,64
2023-07-31;Sul;Fernanda;Manoela;7002;Smartphone;2;4582,29;2455,74;9164,58;4253,1
2022-07-31;Centro-Oeste;Daniela;Marisa;5004;Monitor;5;4961,04;3445,71;24805,2;7576,65
2023-11-30;Sudeste;Eduardo;João;3003;Placa de Vídeo NVidia;3;1486,61;797,2;4459,83;2068,23
2025-09-30;Nordeste;Daniela;Ciro;3003;Placa de Vídeo NVidia;6;1854,7;1135,96;11128,2;4312,44
2024-01-31;Sul;Eduardo;Antonia;3003;Placa de Vídeo NVidia;5;3344,18;1765,46;16720,9;7893,6
2024-02-29;Centro-Oeste;Eduardo;Manoela;2006;WebCam 4k;6;718,74;420,37;4312,44;1790,22
2023-04-30;Norte;Ana;Antonia;7002;Smartphone;8;606,71;412,26;4853,68;1555,6
2023-10-31;Sul;Ana;Marisa;2006;WebCam 4k;3;4442,91;3263,93;13328,73;3536,94
2022-01-31;Sudeste;Bruno;Felipe;5004;Monitor;2;2813,91;1923,83;5627,82;1780,16
2022-04-30;Nordeste;Bruno;Antonia;2006;WebCam 4k;8;4201,49;2490,28;33611,92;13689,68
2023-02-28;Sul;Daniela;Ciro;3003;Placa de Vídeo NVidia;3;513,81;274,93;1541,43;716,64
2022-08-31;Sudeste;Fernanda;Ciro;9001;Notebook;7;1943,63;1155,52;13605,41;5516,77
2024-09-30;Sul;Eduardo;Felipe;5004;Monitor;7;3019,2;1841,29;21134,4;8245,37
2022-10-31;Sudeste;Fernanda;João;2006;WebCam 4k;4;3456,77;2269,65;13827,08;4748,48
2022-06-30;Centro-Oeste;Bruno;João;2006;WebCam 4k;3;2156,86;1637,92;6470,58;1556,82
2022-02-28;Norte;Carlos;Marisa;3003;Placa de Vídeo NVidia;6;535,86;361,29;3215,16;1047,42
2024-07-31;Sudeste;Ana;Manoela;2006;WebCam 4k;8;2345,53;1223,84;18764,24;8973,52
2023-04-30;Norte;Eduardo;Antonia;2006;WebCam 4k;1;975,7;602,5;975,7;373,2
2023-05-31;Nordeste;Ana;Marisa;5004;Monitor;3;3378,22;1949,66;10134,66;4285,68
2022-09-30;Nordeste;Fernanda;Ciro;3003;Placa de Vídeo NVidia;4;3157,44;2413,15;12629,76;2977,16
2025-03-31;Sudeste;Bruno;Antonia;1005;Headset;1;4758,74;2911,17;4758,74;1847,57
2022-02-28;Centro-Oeste;Bruno;Antonia;9001;Notebook;8;854,19;630,28;6833,52;1791,28
2024-01-31;Nordeste;Ana;Ciro;2006;WebCam 4k;7;4141,94;2190,41;28993,58;13660,71
2025-10-31;Nordeste;Bruno;João;7002;Smartphone;6;878,18;525,38;5269,08;2116,8
2024-09-30;Nordeste;Ana;João;1005;Headset;8;1347,98;795,73;10783,84;4418,0
2022-06-30;Sul;Fernanda;Antonia;2006;WebCam 4k;9;749,05;482,03;6741,45;2403,18
2022-04-30;Nordeste;Ana;Marisa;3003;Placa de Vídeo NVidia;9;2864,33;1934,4;25778,97;8369,37
2024-11-30;Nordeste;Fernanda;Manoela;5004;Monitor;2;1368,43;939,71;2736,86;857,44
2024-08-31;Centro-Oeste;Eduardo;Antonia;9001;Notebook;7;1745,01;917,79;12215,07;5790,54
2023-04-30;Nordeste;Eduardo;Manoela;9001;Notebook;3;3693,26;2104,67;11079,78;4765,77
2023-06-30;Nordeste;Ana;João;9001;Notebook;3;2616,3;1876,4;7848,9;2219,7
2024-08-31;Nordeste;Daniela;Manoela;5004;Monitor;8;1117,68;798,41;8941,44;2554,16
2025-03-31;Sudeste;Carlos;Manoela;5004;Monitor;5;4189,86;2630,45;20949,3;7797,05
2024-09-30;Sul;Fernanda;Felipe;9001;Notebook;6;2993,87;2079,76;17963,22;5484,66
2023-08-31;Centro-Oeste;Fernanda;João;7002;Smartphone;6;2108,2;1168,95;12649,2;5635,5
2023-08-31;Sul;Carlos;João;3003;Placa de Vídeo NVidia;7;4434,84;2882,13;31043,88;10868,97
2024-07-31;Sudeste;Fernanda;Manoela;2006;WebCam 4k;6;4204,86;2549,75;25229,16;9930,66
2022-04-30;Centro-Oeste;Ana;Antonia;2006;WebCam 4k;9;1257,82;708,09;11320,38;4947,57
2024-02-29;Sudeste;Eduardo;Antonia;2006;WebCam 4k;1;1850,06;933,19;1850,06;916,87
2023-11-30;Centro-Oeste;Fernanda;Ciro;7002;Smartphone;4;1382,52;1058,73;5530,08;1295,16
2024-12-31;Norte;Carlos;Ciro;2006;WebCam 4k;9;4685,9;2714,66;42173,1;17741,16
2022-02-28;Sul;Bruno;Marisa;5004;Monitor;4;1682,31;978,05;6729,24;2817,04
2022-12-31;Sul;Bruno;Manoela;3003;Placa de Vídeo NVidia;1;3400,95;1728,34;3400,95;1672,61
2024-03-31;Nordeste;Ana;João;2006;WebCam 4k;9;4249,29;3352,6;38243,61;8070,21
2023-01-31;Norte;Eduardo;Marisa;3003;Placa de Vídeo NVidia;1;4457,55;3063,87;4457,55;1393,68
2023-02-28;Nordeste;Eduardo;Antonia;7002;Smartphone;5;1000,45;569,44;5002,25;2155,05
2025-05-31;Sudeste;Fernanda;Antonia;2006;WebCam 4k;3;655,68;394,36;1967,04;783,96
2022-04-30;Centro-Oeste;Carlos;João;5004;Monitor;6;2240,15;1477,29;13440,9;4577,16
2022-12-31;Centro-Oeste;Bruno;Felipe;2006;WebCam 4k;6;702,05;472,83;4212,3;1375,32
2022-09-30;Norte;Bruno;João;2006;WebCam 4k;9;3680,88;2714,84;33127,92;8694,36
2024-05-31;Nordeste;Eduardo;Ciro;9001;Notebook;4;4041,74;3174,0;16166,96;3470,96
2025-04-30;Sul;Daniela;Marisa;2006;WebCam 4k;5;2093,01;1398,07;10465,05;3474,7
2025-02-28;Sudeste;Bruno;Antonia;5004;Monitor;1;4560,52;3636,19;4560,52;924,33
2025-01-31;Centro-Oeste;Daniela;Marisa;2006;WebCam 4k;7;4263,82;2787,63;29846,74;10333,33
2024-10-31;Centro-Oeste;Carlos;Ciro;9001;Notebook;2;2456,33;1849,27;4912,66;1214,12
2022-03-31;Nordeste;Ana;Ciro;3003;Placa de Vídeo NVidia;6;4435,82;3089,39;26614,92;8078,58
2022-07-31;Sul;Fernanda;Marisa;5004;Monitor;5;3813,06;2279,3;19065,3;7668,8
2025-06-30;Centro-Oeste;Ana;Antonia;9001;Notebook;9;1358,44;1018,56;12225,96;3058,92
2025-02-28;Nordeste;Eduardo;Antonia;5004;Monitor;8;3532,17;2431,75;28257,36;8803,36
2025-04-30;Centro-Oeste;Ana;Ciro;3003;Placa de Vídeo NVidia;4;1503,42;827,1;6013,68;2705,28
2022-10-31;Sudeste;Carlos;Marisa;2006;WebCam 4k;2;2347,26;1708,02;4694,52;1278,48
2023-08-31;Sudeste;Daniela;Antonia;5004;Monitor;4;3092,06;2094,9;12368,24;3988,64
2025-02-28;Sul;Ana;João;9001;Notebook;5;4628,75;2527,76;23143,75;10504,95
2023-05-31;Norte;Carlos;Manoela;3003;Placa de Vídeo NVidia;1;2443,29;1434,19;2443,29;1009,1
2023-12-31;Sul;Daniela;Felipe;2006;WebCam 4k;6;4400,74;3237,27;26404,44;6980,82
2024-01-31;Sudeste;Eduardo;João;9001;Notebook;9;4109,33;2910,68;36983,97;10787,85
2022-05-31;Nordeste;Fernanda;Felipe;9001;Notebook;2;1709,11;1295,69;3418,22;826,84
2022-12-31;Sudeste;Bruno;Ciro;2006;WebCam 4k;5;3362,69;1884,39;16813,45;7391,5
2022-04-30;Sul;Fernanda;Ciro;2006;WebCam 4k;1;3194,32;1981,28;3194,32;1213,04
2024-10-31;Centro-Oeste;Eduardo;Manoela;3003;Placa de Vídeo NVidia;5;3453,62;2220,57;17268,1;6165,25
2022-03-31;Norte;Ana;Felipe;1005;Headset;3;1073,26;709,12;3219,78;1092,42
2022-09-30;Sudeste;Bruno;Antonia;3003;Placa de Vídeo NVidia;2;931,72;659,13;1863,44;545,18
2022-09-30;Centro-Oeste;Fernanda;Felipe;5004;Monitor;1;4361,71;2975,98;4361,71;1385,73
2024-04-30;Nordeste;Daniela;Marisa;9001;Notebook;9;4671,03;3178,78;42039,27;13430,25
2025-08-31;Centro-Oeste;Bruno;João;7002;Smartphone;2;4322,19;3014,58;8644,38;2615,22
2025-09-30;Nordeste;Bruno;Felipe;2006;WebCam 4k;2;2971,22;1498,85;5942,44;2944,74
2024-08-31;Centro-Oeste;Carlos;João;5004;Monitor;2;1341,37;941,64;2682,74;799,46
2022-11-30;Norte;Ana;Marisa;9001;Notebook;8;4771,45;2551,71;38171,6;17757,92
2025-03-31;Sul;Bruno;Felipe;5004;Monitor;4;2968,32;1805,53;11873,28;4651,16
2024-09-30;Sudeste;Fernanda;Felipe;5004;Monitor;4;4260,97;2535,16;17043,88;6903,24
2024-02-29;Centro-Oeste;Fernanda;Ciro;5004;Monitor;3;3674,78;1896,2;11024,34;5335,74
2025-07-31;Nordeste;Eduardo;João;5004;Monitor;6;2031,8;1274,43;12190,8;4544,22
2024-12-31;Centro-Oeste;Fernanda;Manoela;5004;Monitor;5;3741,8;2815,86;18709,0;4629,7
2023-03-31;Sul;Daniela;Ciro;1005;Headset;8;1808,01;1324,01;14464,08;3872,0
2025-06-30;Centro-Oeste;Daniela;Felipe;9001;Notebook;4;4922,78;3712,17;19691,12;4842,44
2022-06-30;Norte;Fernanda;Antonia;9001;Notebook;7;1240,06;826,07;8680,42;2897,93
2024-06-30;Norte;Fernanda;Felipe;1005;Headset;8;1548,16;956,15;12385,28;4736,08
2022-09-30;Centro-Oeste;Carlos;Felipe;5004;Monitor;2;4897,41;2802,54;9794,82;4189,74
2023-07-31;Norte;Daniela;Antonia;7002;Smartphone;5;4941,24;3252,9;24706,2;8441,7
2024-06-30;Nordeste;Bruno;Antonia;2006;WebCam 4k;8;2163,39;1676,97;17307,12;3891,36
2023-05-31;Centro-Oeste;Fernanda;Marisa;1005;Headset;8;2394,14;1905,21;19153,12;3911,44
2023-01-31;Sul;Carlos;Antonia;5004;Monitor;7;2555,23;1834,64;17886,61;5044,13
2023-09-30;Sudeste;Carlos;Felipe;7002;Smartphone;7;2663,59;1478,3;18645,13;8297,03
2022-01-31;Sul;Daniela;Manoela;7002;Smartphone;8;4359,97;3328,52;34879,76;8251,6
2025-01-31;Sul;Eduardo;Antonia;5004;Monitor;4;4251,89;3069,33;17007,56;4730,24
2025-08-31;Norte;Eduardo;Manoela;9001;Notebook;5;3150,88;2046,84;15754,4;5520,2
2024-04-30;Centro-Oeste;Daniela;Ciro;5004;Monitor;1;3714,94;2045,74;3714,94;1669,2
2022-07-31;Sudeste;Bruno;Ciro;9001;Notebook;8;1202,57;878,35;9620,56;2593,76
2022-02-28;Sul;Eduardo;João;7002;Smartphone;4;1892,19;1351,42;7568,76;2163,08
2024-02-29;Sudeste;Carlos;Manoela;2006;WebCam 4k;6;4678,46;2887,72;28070,76;10744,44
2023-07-31;Nordeste;Daniela;Manoela;2006;WebCam 4k;2;2425,08;1684,94;4850,16;1480,28
2024-12-31;Sudeste;Fernanda;Marisa;1005;Headset;3;3132,47;1927,17;9397,41;3615,9
2024-11-30;Norte;Bruno;Antonia;7002;Smartphone;5;4873,16;2999,42;24365,8;9368,7
2022-08-31;Sul;Carlos;Felipe;9001;Notebook;9;4311,53;2597,8;38803,77;15423,57
2022-07-31;Sul;Carlos;Marisa;2006;WebCam 4k;2;4601,56;3260,55;9203,12;2682,02
2023-12-31;Nordeste;Daniela;Marisa;1005;Headset;6;2318,19;1213,97;13909,14;6625,32
2023-08-31;Sudeste;Bruno;Antonia;7002;Smartphone;6;1582,62;913,03;9495,72;4017,54
2023-05-31;Sul;Ana;Marisa;9001;Notebook;4;1098,37;852,64;4393,48;982,92
2023-10-31;Centro-Oeste;Ana;João;7002;Smartphone;2;4423,06;2283,81;8846,12;4278,5
2025-10-31;Sudeste;Ana;Felipe;9001;Notebook;9;4571,24;3380,24;41141,16;10719,0
2023-09-30;Nordeste;Daniela;Antonia;3003;Placa de Vídeo NVidia;4;1795,08;930,95;7180,32;3456,52
2025-02-28;Nordeste;Bruno;Antonia;3003;Placa de Vídeo NVidia;4;1460,8;899,82;5843,2;2243,92
2023-08-31;Sudeste;Eduardo;Felipe;7002;Smartphone;5;2027,16;1224,24;10135,8;4014,6
2022-07-31;Sudeste;Eduardo;Marisa;5004;Monitor;6;1209,59;767,11;7257,54;2654,88
2022-02-28;Sul;Carlos;Marisa;7002;Smartphone;5;1961,91;1197,27;9809,55;3823,2
2025-09-30;Norte;Fernanda;Felipe;7002;Smartphone;3;1409,57;961,21;4228,71;1345,08
2022-03-31;Sudeste;Daniela;Antonia;5004;Monitor;5;2566,6;1693,72;12833,0;4364,4
2022-02-28;Sudeste;Carlos;Manoela;7002;Smartphone;5;3583,97;2371,68;17919,85;6061,45
2024-09-30;Sul;Ana;Marisa;1005;Headset;8;1103,56;559,2;8828,48;4354,88
2022-05-31;Nordeste;Bruno;Antonia;2006;WebCam 4k;1;4733,16;3302,69;4733,16;1430,47
2022-03-31;Norte;Fernanda;Antonia;7002;Smartphone;2;2384,19;1771,87;4768,38;1224,64
2022-03-31;Norte;Eduardo;Marisa;2006;WebCam 4k;8;623,47;483,32;4987,76;1121,2
2023-12-31;Norte;Fernanda;Manoela;5004;Monitor;5;4111,7;2745,26;20558,5;6832,2
2024-01-31;Sudeste;Ana;Manoela;1005;Headset;1;3691,87;2643,49;3691,87;1048,38
2024-04-30;Centro-Oeste;Eduardo;Antonia;7002;Smartphone;1;4229,73;2612,79;4229,73;1616,94
2025-09-30;Sul;Fernanda;Marisa;2006;WebCam 4k;1;3572,34;2205,21;3572,34;1367,13
2025-06-30;Norte;Eduardo;Felipe;2006;WebCam 4k;3;4293,97;2936,64;12881,91;4071,99
2024-05-31;Norte;Bruno;Manoela;5004;Monitor;3;3491,76;2744,96;10475,28;2240,4
2022-06-30;Sul;Carlos;João;9001;Notebook;1;3314,28;1838,41;3314,28;1475,87
2022-06-30;Norte;Daniela;Felipe;9001;Notebook;1;865,21;491,09;865,21;374,12
2024-02-29;Sudeste;Bruno;Felipe;9001;Notebook;9;736,14;504,09;6625,26;2088,45
2023-08-31;Sul;Bruno;Ciro;2006;WebCam 4k;8;896,28;671,99;7170,24;1794,32
2024-05-31;Sul;Daniela;Antonia;9001;Notebook;1;3088,9;2034,56;3088,9;1054,34
2024-06-30;Nordeste;Bruno;Manoela;1005;Headset;5;4654,41;3180,28;23272,05;7370,65
2023-02-28;Sudeste;Fernanda;Marisa;3003;Placa de Vídeo NVidia;7;2897,57;1894,62;20282,99;7020,65
2025-08-31;Sul;Daniela;Felipe;9001;Notebook;4;1432,12;844,1;5728,48;2352,08
2024-02-29;Norte;Ana;Manoela;1005;Headset;7;1942,3;1312,92;13596,1;4405,66
2024-09-30;Centro-Oeste;Bruno;Felipe;1005;Headset;7;1875,17;1132,29;13126,19;5200,16
2023-08-31;Nordeste;Eduardo;Felipe;7002;Smartphone;4;2780,82;1637,15;11123,28;4574,68
2022-06-30;Sul;Daniela;Antonia;2006;WebCam 4k;4;1974,73;1338,73;7898,92;2544,0
2023-08-31;Nordeste;Bruno;João;1005;Headset;2;4700,96;3214,15;9401,92;2973,62
2023-07-31;Centro-Oeste;Bruno;João;7002;Smartphone;7;1452,34;1021,75;10166,38;3014,13
2024-10-31;Nordeste;Bruno;João;1005;Headset;3;4924,45;2697,28;14773,35;6681,51
2023-02-28;Sul;Bruno;Manoela;5004;Monitor;1;3325,58;1716,84;3325,58;1608,74
2025-02-28;Norte;Daniela;Felipe;7002;Smartphone;9;2411,76;1672,5;21705,84;6653,34
2024-02-29;Centro-Oeste;Eduardo;Ciro;5004;Monitor;6;2466,84;1911,05;14801,04;3334,74
2025-05-31;Sul;Ana;Antonia;1005;Headset;4;1196,4;875,36;4785,6;1284,16
2023-12-31;Sudeste;Daniela;Antonia;5004;Monitor;4;778,1;404,15;3112,4;1495,8
2022-01-31;Nordeste;Eduardo;Felipe;7002;Smartphone;6;719,49;541,22;4316,94;1069,62
2025-03-31;Sul;Carlos;Marisa;7002;Smartphone;5;549,66;368,99;2748,3;903,35
2022-03-31;Norte;Ana;Marisa;9001;Notebook;4;1828,99;929,45;7315,96;3598,16
2022-04-30;Sul;Bruno;Antonia;3003;Placa de Vídeo NVidia;5;4645,79;3045,37;23228,95;8002,1
2024-07-31;Sul;Carlos;Ciro;5004;Monitor;7;614,17;397,45;4299,19;1517,04
2024-10-31;Nordeste;Fernanda;Marisa;7002;Smartphone;1;1127,89;671,62;1127,89;456,27
2022-05-31;Norte;Carlos;Manoela;5004;Monitor;1;1977,09;1447,04;1977,09;530,05
2023-02-28;Centro-Oeste;Ana;Ciro;7002;Smartphone;9;3613,93;2564,36;32525,37;9446,13
2025-07-31;Sul;Eduardo;Ciro;2006;WebCam 4k;4;4387,73;2377,1;17550,92;8042,52
2022-06-30;Sudeste;Bruno;Ciro;7002;Smartphone;6;4379,37;2356,63;26276,22;12136,44
2025-04-30;Nordeste;Daniela;Marisa;1005;Headset;8;842,91;446,95;6743,28;3167,68
2023-10-31;Sudeste;Daniela;Felipe;7002;Smartphone;2;550,03;361,99;1100,06;376,08
2023-02-28;Centro-Oeste;Fernanda;Marisa;3003;Placa de Vídeo NVidia;4;3320,48;2434,96;13281,92;3542,08
2024-08-31;Norte;Bruno;Marisa;1005;Headset;7;4830,15;3799,25;33811,05;7216,3
2024-06-30;Nordeste;Eduardo;Marisa;5004;Monitor;8;1180,86;830,03;9446,88;2806,64
2022-02-28;Centro-Oeste;Bruno;Manoela;2006;WebCam 4k;3;2485,74;1610,43;7457,22;2625,93
2025-04-30;Norte;Bruno;João;1005;Headset;3;4523,54;3085,29;13570,62;4314,75
2022-10-31;Sul;Bruno;Ciro;1005;Headset;1;663,55;440,7;663,55;222,85
2022-08-31;Nordeste;Bruno;Ciro;1005;Headset;2;2049,7;1044,02;4099,4;2011,36
2024-06-30;Norte;Carlos;Manoela;3003;Placa de Vídeo NVidia;3;3500,93;2611,22;10502,79;2669,13
2025-03-31;Sul;Ana;Manoela;3003;Placa de Vídeo NVidia;1;4943,95;3914,98;4943,95;1028,97
2022-04-30;Sul;Carlos;Antonia;2006;WebCam 4k;4;2873,32;2077,62;11493,28;3182,8
2024-06-30;Sudeste;Fernanda;Felipe;7002;Smartphone;1;1329,6;828,1;1329,6;501,5
2023-08-31;Nordeste;Carlos;Ciro;7002;Smartphone;9;4895,91;3237,71;44063,19;14923,8
2025-07-31;Norte;Fernanda;Manoela;7002;Smartphone;7;3153,18;2492,58;22072,26;4624,2
2022-07-31;Norte;Fernanda;Ciro;3003;Placa de Vídeo NVidia;1;725,32;454,85;725,32;270,47
2022-02-28;Norte;Eduardo;Ciro;2006;WebCam 4k;5;1914,36;1226,97;9571,8;3436,95
2025-03-31;Sudeste;Eduardo;Antonia;9001;Notebook;3;843,28;430,51;2529,84;1238,31
2024-05-31;Norte;Bruno;Ciro;2006;WebCam 4k;6;4211,61;3028,19;25269,66;7100,52
2022-04-30;Nordeste;Fernanda;João;2006;WebCam 4k;7;1269,39;757,98;8885,73;3579,87
2023-01-31;Norte;Daniela;João;3003;Placa de Vídeo NVidia;6;2512,13;1876,27;15072,78;3815,16
2022-10-31;Centro-Oeste;Fernanda;João;7002;Smartphone;8;4473,85;3246,34;35790,8;9820,08
2023-07-31;Sudeste;Eduardo;Ciro;3003;Placa de Vídeo NVidia;8;4632,72;2912,96;37061,76;13758,08
2024-03-31;Sul;Ana;Felipe;1005;Headset;9;3177,56;2528,35;28598,04;5842,89
2025-05-31;Nordeste;Bruno;Manoela;3003;Placa de Vídeo NVidia;1;4289,05;3082,59;4289,05;1206,46
2025-04-30;Nordeste;Carlos;Marisa;3003;Placa de Vídeo NVidia;4;1881,45;1496,25;7525,8;1540,8
2022-10-31;Norte;Bruno;João;9001;Notebook;1;2650,13;1995,01;2650,13;655,12
2023-01-31;Nordeste;Eduardo;Marisa;2006;WebCam 4k;1;4738,85;3116,61;4738,85;1622,24
2022-11-30;Sul;Ana;Antonia;9001;Notebook;6;3643,72;1827,38;21862,32;10898,04
2024-11-30;Nordeste;Eduardo;João;5004;Monitor;3;988,93;498,22;2966,79;1472,13
2025-04-30;Nordeste;Bruno;João;1005;Headset;1;1081,7;716,84;1081,7;364,86
2023-04-30;Centro-Oeste;Fernanda;Felipe;5004;Monitor;5;1715,48;1047,58;8577,4;3339,5
2022-12-31;Nordeste;Bruno;Marisa;5004;Monitor;2;1157,14;766,26;2314,28;781,76
2023-09-30;Nordeste;Carlos;Felipe;5004;Monitor;9;3615,95;2116,23;32543,55;13497,48
2024-12-31;Sul;Daniela;João;7002;Smartphone;9;2928,85;1627,38;26359,65;11713,23
2022-01-31;Sul;Carlos;Marisa;5004;Monitor;2;3547,84;2090,56;7095,68;2914,56
2025-09-30;Norte;Fernanda;João;5004;Monitor;3;4073,53;2933,53;12220,59;3420,0
2022-10-31;Nordeste;Eduardo;Ciro;9001;Notebook;6;2598,86;1872,21;15593,16;4359,9
2022-12-31;Sudeste;Bruno;Felipe;1005;Headset;5;4054,66;2577,28;20273,3;7386,9
2023-08-31;Norte;Fernanda;João;3003;Placa de Vídeo NVidia;9;1018,7;728,05;9168,3;2615,85
2022-01-31;Centro-Oeste;Eduardo;Felipe;9001;Notebook;9;1164,97;844,12;10484,73;2887,65
2023-05-31;Sudeste;Bruno;Marisa;5004;Monitor;9;971,22;599,57;8740,98;3344,85
2024-04-30;Centro-Oeste;Fernanda;Marisa;7002;Smartphone;8;3855,47;2515,32;30843,76;10721,2
2022-12-31;Norte;Ana;Marisa;3003;Placa de Vídeo NVidia;5;4457,58;3511,86;22287,9;4728,6
2022-12-31;Norte;Ana;Manoela;7002;Smartphone;4;3572,62;2058,2;14290,48;6057,68
2024-03-31;Sudeste;Ana;Antonia;3003;Placa de Vídeo NVidia;2;3326,86;2617,41;6653,72;1418,9
2023-04-30;Sudeste;Eduardo;Marisa;3003;Placa de Vídeo NVidia;7;3315,32;2333,25;23207,24;6874,49
2025-04-30;Centro-Oeste;Carlos;Marisa;2006;WebCam 4k;1;4986,76;2914,08;4986,76;2072,68
2022-02-28;Nordeste;Carlos;Ciro;5004;Monitor;8;2563,68;1889,1;20509,44;5396,64
2022-07-31;Norte;Bruno;Manoela;5004;Monitor;4;2164,57;1208,18;8658,28;3825,56
2023-08-31;Centro-Oeste;Ana;João;9001;Notebook;8;1024,11;647,14;8192,88;3015,76
2022-11-30;Nordeste;Carlos;Felipe;9001;Notebook;4;1362,95;820,13;5451,8;2171,28
2022-10-31;Sudeste;Carlos;Antonia;1005;Headset;7;618,0;397,19;4326,0;1545,67
2024-01-31;Nordeste;Fernanda;Marisa;9001;Notebook;8;766,72;573,39;6133,76;1546,64
2022-04-30;Centro-Oeste;Fernanda;Ciro;1005;Headset;8;4069,58;2821,41;32556,64;9985,36
2023-01-31;Centro-Oeste;Fernanda;Ciro;1005;Headset;3;1133,73;643,07;3401,19;1471,98
2025-04-30;Nordeste;Daniela;Manoela;3003;Placa de Vídeo NVidia;3;3989,16;2609,3;11967,48;4139,58
2024-11-30;Sul;Daniela;Felipe;2006;WebCam 4k;8;1029,75;542,39;8238,0;3898,88
2024-09-30;Sudeste;Bruno;Marisa;5004;Monitor;7;3488,19;1782,2;24417,33;11941,93
2025-06-30;Nordeste;Fernanda;Manoela;3003;Placa de Vídeo NVidia;3;1487,43;1006,28;4462,29;1443,45
2024-10-31;Sul;Bruno;Manoela;9001;Notebook;8;3990,74;3068,97;31925,92;7374,16
2022-01-31;Nordeste;Daniela;Ciro;2006;WebCam 4k;1;3572,19;2338,35;3572,19;1233,84
2023-05-31;Sul;Fernanda;Ciro;3003;Placa de Vídeo NVidia;4;2937,45;1740,44;11749,8;4788,04
2025-10-31;Sudeste;Fernanda;Marisa;5004;Monitor;2;796,11;516,25;1592,22;559,72
2025-06-30;Centro-Oeste;Ana;Felipe;7002;Smartphone;5;4527,48;2869,93;22637,4;8287,75
2024-03-31;Sul;Carlos;Ciro;5004;Monitor;5;2559,31;1280,4;12796,55;6394,55
2023-02-28;Nordeste;Daniela;Antonia;2006;WebCam 4k;4;4971,01;3285,78;19884,04;6740,92
2024-02-29;Nordeste;Ana;Ciro;3003;Placa de Vídeo NVidia;2;3539,31;2450,6;7078,62;2177,42
2024-04-30;Sul;Eduardo;Manoela;2006;WebCam 4k;5;1624,54;1241,99;8122,7;1912,75
2022-04-30;Norte;Ana;Antonia;3003;Placa de Vídeo NVidia;6;2410,65;1518,99;14463,9;5349,96
2022-01-31;Sul;Carlos;Felipe;5004;Monitor;8;883,65;542,4;7069,2;2730,0
2025-09-30;Nordeste;Fernanda;Ciro;1005;Headset;2;4512,78;2287,76;9025,56;4450,04
2023-12-31;Nordeste;Carlos;Manoela;9001;Notebook;9;3487,84;1925,03;31390,56;14065,29
2025-05-31;Sudeste;Eduardo;João;5004;Monitor;8;1275,52;657,54;10204,16;4943,84
2023-02-28;Nordeste;Bruno;Manoela;7002;Smartphone;2;1694,26;1302,13;3388,52;784,26
2025-02-28;Centro-Oeste;Eduardo;Antonia;5004;Monitor;7;2005,56;1509,65;14038,92;3471,37
2022-08-31;Sudeste;Fernanda;Felipe;2006;WebCam 4k;8;2967,72;1967,09;23741,76;8005,04
2024-06-30;Norte;Bruno;Antonia;5004;Monitor;7;4811,5;3241,12;33680,5;10992,66
2023-07-31;Sudeste;Carlos;João;7002;Smartphone;9;835,43;537,36;7518,87;2682,63
2023-06-30;Nordeste;Ana;Ciro;1005;Headset;9;2387,3;1334,46;21485,7;9475,56
2024-05-31;Norte;Fernanda;Marisa;7002;Smartphone;4;2939,77;2134,2;11759,08;3222,28
2022-08-31;Sul;Fernanda;Ciro;3003;Placa de Vídeo NVidia;6;1788,08;907,82;10728,48;5281,56
2023-09-30;Sudeste;Carlos;Felipe;3003;Placa de Vídeo NVidia;1;3484,06;1950,46;3484,06;1533,6
2022-12-31;Sul;Fernanda;Felipe;7002;Smartphone;8;4174,74;2379,98;33397,92;14358,08
2022-07-31;Sudeste;Daniela;Manoela;5004;Monitor;2;3868,77;3085,88;7737,54;1565,78
2023-01-31;Centro-Oeste;Eduardo;Marisa;2006;WebCam 4k;4;4799,06;3253,47;19196,24;6182,36
2024-04-30;Sudeste;Ana;João;1005;Headset;9;1824,99;989,52;16424,91;7519,23
2025-01-31;Centro-Oeste;Carlos;Marisa;1005;Headset;1;1430,61;769,68;1430,61;660,93
2024-08-31;Sudeste;Eduardo;Antonia;2006;WebCam 4k;2;3887,24;2734,48;7774,48;2305,52
2024-01-31;Norte;Eduardo;Marisa;2006;WebCam 4k;4;2147,25;1102,65;8589,0;4178,4
2024-07-31;Sul;Daniela;Manoela;3003;Placa de Vídeo NVidia;5;1696,22;903,04;8481,1;3965,9
2025-03-31;Sul;Daniela;Ciro;1005;Headset;2;1224,04;766,8;2448,08;914,48
2024-04-30;Sul;Eduardo;Manoela;2006;WebCam 4k;4;2349,46;1283,49;9397,84;4263,88
2023-03-31;Norte;Ana;João;2006;WebCam 4k;2;2629,21;2085,47;5258,42;1087,48
2025-05-31;Centro-Oeste;Eduardo;João;9001;Notebook;8;2422,39;1353,85;19379,12;8548,32
2025-06-30;Centro-Oeste;Ana;Marisa;1005;Headset;7;4485,54;3526,07;31398,78;6716,29
2023-03-31;Nordeste;Ana;Manoela;1005;Headset;9;1607,88;899,56;14470,92;6374,88
2022-07-31;Centro-Oeste;Eduardo;Felipe;3003;Placa de Vídeo NVidia;8;1325,43;727,05;10603,44;4787,04
2025-02-28;Norte;Daniela;Antonia;1005;Headset;7;920,28;501,41;6441,96;2932,09
2023-02-28;Norte;Ana;Manoela;2006;WebCam 4k;1;3047,94;2343,63;3047,94;704,31
2024-02-29;Norte;Fernanda;Antonia;9001;Notebook;6;4251,59;3363,02;25509,54;5331,42
2024-10-31;Centro-Oeste;Eduardo;João;5004;Monitor;1;4887,86;2703,46;4887,86;2184,4
2022-08-31;Sul;Eduardo;Felipe;3003;Placa de Vídeo NVidia;9;844,45;447,79;7600,05;3569,94
2022-01-31;Sul;Ana;João;9001;Notebook;1;3823,85;1984,62;3823,85;1839,23
2024-06-30;Nordeste;Bruno;Felipe;3003;Placa de Vídeo NVidia;7;4357,06;3357,04;30499,42;7000,14
2023-01-31;Centro-Oeste;Fernanda;Marisa;7002;Smartphone;2;761,31;513,68;1522,62;495,26
2022-06-30;Nordeste;Bruno;Manoela;7002;Smartphone;6;1284,01;838,86;7704,06;2670,9
2022-10-31;Nordeste;Ana;João;5004;Monitor;1;912,97;552,85;912,97;360,12
2023-07-31;Sudeste;Ana;Antonia;2006;WebCam 4k;5;599,51;386,62;2997,55;1064,45
2024-04-30;Centro-Oeste;Bruno;Manoela;2006;WebCam 4k;8;3167,23;2246,34;25337,84;7367,12
2024-12-31;Centro-Oeste;Carlos;Felipe;7002;Smartphone;6;4802,28;3286,2;28813,68;9096,48
2025-08-31;Centro-Oeste;Eduardo;Antonia;1005;Headset;5;2132,48;1071,32;10662,4;5305,8
2022-03-31;Norte;Eduardo;Marisa;3003;Placa de Vídeo NVidia;8;637,46;471,6;5099,68;1326,88
2023-04-30;Nordeste;Carlos;Ciro;9001;Notebook;9;868,25;442,06;7814,25;3835,71
2023-05-31;Sudeste;Carlos;Felipe;3003;Placa de Vídeo NVidia;9;1529,97;971,73;13769,73;5024,16
2023-05-31;Sul;Ana;Antonia;5004;Monitor;3;1520,05;1068,22;4560,15;1355,49
2025-04-30;Centro-Oeste;Fernanda;João;9001;Notebook;4;2572,46;1997,29;10289,84;2300,68
2024-02-29;Centro-Oeste;Daniela;Manoela;5004;Monitor;4;589,0;455,39;2356,0;534,44
2023-12-31;Sudeste;Ana;Ciro;3003;Placa de Vídeo NVidia;4;3393,13;2221,72;13572,52;4685,64
2024-10-31;Sudeste;Carlos;Marisa;1005;Headset;9;1559,19;1028,97;14032,71;4771,98
2022-03-31;Nordeste;Bruno;Ciro;5004;Monitor;5;613,19;378,2;3065,95;1174,95
2022-11-30;Sudeste;Daniela;Felipe;1005;Headset;2;4584,41;3170,15;9168,82;2828,52
2022-08-31;Sul;Fernanda;Marisa;7002;Smartphone;1;4633,02;2658,65;4633,02;1974,37
2025-05-31;Norte;Bruno;Antonia;5004;Monitor;5;2507,9;1647,55;12539,5;4301,75
2025-03-31;Centro-Oeste;Ana;Antonia;9001;Notebook;8;4018,56;2043,52;32148,48;15800,32
2023-07-31;Norte;Bruno;Ciro;9001;Notebook;4;4336,2;2454,02;17344,8;7528,72
2025-09-30;Norte;Bruno;João;2006;WebCam 4k;8;964,69;728,41;7717,52;1890,24
2022-07-31;Centro-Oeste;Ana;João;5004;Monitor;4;3497,52;2782,04;13990,08;2861,92
2024-08-31;Norte;Eduardo;Antonia;2006;WebCam 4k;3;4860,97;2925,08;14582,91;5807,67
2022-09-30;Sudeste;Eduardo;Manoela;9001;Notebook;5;3174,98;2157,63;15874,9;5086,75
2022-10-31;Norte;Ana;Antonia;9001;Notebook;9;1362,41;869,34;12261,69;4437,63
2023-07-31;Norte;Fernanda;Ciro;3003;Placa de Vídeo NVidia;2;875,93;694,71;1751,86;362,44
2023-02-28;Sudeste;Eduardo;Marisa;5004;Monitor;6;3481,71;2292,04;20890,26;7138,02
2025-04-30;Nordeste;Ana;Antonia;5004;Monitor;1;1569,44;1085,6;1569,44;483,84
2023-01-31;Sul;Daniela;Ciro;9001;Notebook;1;576,71;315,09;576,71;261,62
2022-10-31;Sul;Ana;Ciro;9001;Notebook;2;3017,69;1980,05;6035,38;2075,28
2024-06-30;Nordeste;Carlos;Marisa;3003;Placa de Vídeo NVidia;9;2397,8;1298,3;21580,2;9895,5
2022-08-31;Centro-Oeste;Eduardo;Marisa;2006;WebCam 4k;6;1409,03;1112,8;8454,18;1777,38
2023-05-31;Centro-Oeste;Fernanda;Manoela;2006;WebCam 4k;1;1598,07;1271,02;1598,07;327,05
2024-04-30;Nordeste;Carlos;Antonia;5004;Monitor;3;4201,57;2401,63;12604,71;5399,82
2025-01-31;Centro-Oeste;Bruno;Ciro;7002;Smartphone;3;4862,68;3001,31;14588,04;5584,11
2025-10-31;Sul;Bruno;Antonia;5004;Monitor;7;1984,23;1075,83;13889,61;6358,8
2023-06-30;Sul;Carlos;João;5004;Monitor;3;2015,56;1544,17;6046,68;1414,17
2023-09-30;Centro-Oeste;Carlos;Felipe;1005;Headset;7;3959,02;2269,74;27713,14;11824,96
2024-10-31;Norte;Bruno;João;3003;Placa de Vídeo NVidia;9;1526,15;1115,61;13735,35;3694,86
2023-05-31;Sul;Bruno;Felipe;2006;WebCam 4k;2;828,63;443,67;1657,26;769,92
2024-12-31;Norte;Bruno;Marisa;5004;Monitor;9;669,55;451,07;6025,95;1966,32
2024-12-31;Sul;Bruno;João;3003;Placa de Vídeo NVidia;6;4898,91;3758,28;29393,46;6843,78
2024-11-30;Norte;Bruno;Marisa;3003;Placa de Vídeo NVidia;3;4897,42;2695,01;14692,26;6607,23
2022-03-31;Nordeste;Eduardo;Marisa;3003;Placa de Vídeo NVidia;6;970,04;532,05;5820,24;2627,94
2022-05-31;Sudeste;Daniela;Marisa;3003;Placa de Vídeo NVidia;9;4217,3;3283,75;37955,7;8401,95
2024-10-31;Nordeste;Daniela;Manoela;2006;WebCam 4k;1;714,19;389,68;714,19;324,51
2024-10-31;Nordeste;Daniela;João;2006;WebCam 4k;8;1899,91;968,06;15199,28;7454,8
2024-03-31;Sul;Fernanda;Ciro;2006;WebCam 4k;2;3890,95;2253,25;7781,9;3275,4
2025-05-31;Nordeste;Eduardo;Antonia;1005;Headset;6;4724,16;2941,34;28344,96;10696,92
2024-10-31;Centro-Oeste;Eduardo;Antonia;3003;Placa de Vídeo NVidia;9;3689,52;2732,2;33205,68;8615,88
2024-03-31;Centro-Oeste;Fernanda;Ciro;1005;Headset;6;1738,06;1381,79;10428,36;2137,62
2022-10-31;Sudeste;Carlos;Manoela;3003;Placa de Vídeo NVidia;7;3747,47;2107,7;26232,29;11478,39
2024-06-30;Norte;Daniela;Felipe;5004;Monitor;6;4224,3;2575,89;25345,8;9890,46
2025-05-31;Sul;Ana;Manoela;1005;Headset;8;2828,85;2186,78;22630,8;5136,56
2025-08-31;Norte;Eduardo;Ciro;1005;Headset;1;4187,96;2612,9;4187,96;1575,06
2024-12-31;Sudeste;Bruno;Manoela;1005;Headset;7;3079,83;1610,33;21558,81;10286,5
2025-07-31;Sudeste;Ana;Marisa;1005;Headset;6;3151,76;1719,57;18910,56;8593,14
2024-03-31;Sul;Daniela;Felipe;3003;Placa de Vídeo NVidia;5;2877,78;1613,44;14388,9;6321,7
2024-12-31;Nordeste;Fernanda;João;9001;Notebook;8;981,04;631,46;7848,32;2796,64
2023-11-30;Sul;Bruno;Ciro;7002;Smartphone;3;3741,39;2293,15;11224,17;4344,72
2025-04-30;Nordeste;Eduardo;João;5004;Monitor;3;2219,5;1727,14;6658,5;1477,08
2025-02-28;Nordeste;Daniela;Felipe;2006;WebCam 4k;5;3587,0;1910,91;17935,0;8380,45
2024-11-30;Sudeste;Daniela;Ciro;3003;Placa de Vídeo NVidia;7;1285,93;708,66;9001,51;4040,89
2022-06-30;Sudeste;Daniela;João;5004;Monitor;3;1261,78;836,23;3785,34;1276,65
2025-01-31;Nordeste;Bruno;João;2006;WebCam 4k;7;1298,37;894,6;9088,59;2826,39
2024-07-31;Norte;Ana;Felipe;3003;Placa de Vídeo NVidia;3;2014,62;1129,13;6043,86;2656,47
2025-01-31;Sudeste;Eduardo;Antonia;7002;Smartphone;8;3897,87;3047,19;31182,96;6805,44
2023-02-28;Nordeste;Eduardo;Ciro;3003;Placa de Vídeo NVidia;3;4106,45;3167,43;12319,35;2817,06
2025-03-31;Centro-Oeste;Carlos;Marisa;3003;Placa de Vídeo NVidia;7;1314,96;715,66;9204,72;4195,1
2022-05-31;Centro-Oeste;Ana;Felipe;3003;Placa de Vídeo NVidia;6;3248,42;2536,81;19490,52;4269,66
2023-10-31;Nordeste;Ana;Manoela;5004;Monitor;3;3886,79;2131,21;11660,37;5266,74
2023-04-30;Sul;Ana;Antonia;5004;Monitor;7;1059,6;546,51;7417,2;3591,63
2025-03-31;Sul;Ana;Ciro;2006;WebCam 4k;5;2570,57;1769,9;12852,85;4003,35
2024-10-31;Centro-Oeste;Eduardo;Manoela;1005;Headset;1;2111,01;1560,89;2111,01;550,12
2024-10-31;Norte;Ana;Antonia;2006;WebCam 4k;9;2303,46;1664,59;20731,14;5749,83
2022-01-31;Centro-Oeste;Fernanda;Antonia;5004;Monitor;7;3963,21;2834,07;27742,47;7903,98
2023-01-31;Norte;Ana;Ciro;2006;WebCam 4k;9;1206,76;703,17;10860,84;4532,31
2025-08-31;Nordeste;Daniela;Manoela;3003;Placa de Vídeo NVidia;8;1333,13;974,25;10665,04;2871,04
2023-01-31;Centro-Oeste;Fernanda;Ciro;5004;Monitor;9;3052,96;1575,9;27476,64;13293,54
2022-07-31;Centro-Oeste;Fernanda;Felipe;1005;Headset;2;2043,64;1169,94;4087,28;1747,4
2022-04-30;Sul;Eduardo;Antonia;5004;Monitor;1;2765,69;1951,97;2765,69;813,72
2025-07-31;Nordeste;Eduardo;João;3003;Placa de Vídeo NVidia;6;1130,51;724,33;6783,06;2437,08
2022-04-30;Nordeste;Eduardo;Manoela;7002;Smartphone;5;2649,26;1717,91;13246,3;4656,75
2024-06-30;Centro-Oeste;Bruno;Antonia;7002;Smartphone;4;1846,95;1309,95;7387,8;2148,0
2023-02-28;Centro-Oeste;Eduardo;Felipe;7002;Smartphone;8;4991,35;3377,5;39930,8;12910,8
2022-03-31;Nordeste;Carlos;João;1005;Headset;5;3143,25;2507,77;15716,25;3177,4
2022-04-30;Centro-Oeste;Fernanda;Felipe;2006;WebCam 4k;7;4450,29;2690,88;31152,03;12315,87
2024-02-29;Norte;Eduardo;Antonia;9001;Notebook;1;3051,55;1572,35;3051,55;1479,2
2025-03-31;Sul;Eduardo;João;1005;Headset;3;4798,8;2710,96;14396,4;6263,52
2023-08-31;Sul;Carlos;Marisa;2006;WebCam 4k;1;4307,82;3365,79;4307,82;942,03
2023-07-31;Sudeste;Bruno;Felipe;7002;Smartphone;4;3616,92;2188,56;14467,68;5713,44
2023-09-30;Sul;Bruno;Antonia;9001;Notebook;1;4189,32;2854,31;4189,32;1335,01
2025-09-30;Sul;Bruno;Antonia;2006;WebCam 4k;4;2532,57;1946,92;10130,28;2342,6
2023-07-31;Sudeste;Fernanda;João;5004;Monitor;1;1184,03;858,63;1184,03;325,4
2025-03-31;Norte;Ana;Felipe;9001;Notebook;1;2537,6;1930,05;2537,6;607,55
2024-05-31;Nordeste;Daniela;Manoela;3003;Placa de Vídeo NVidia;4;1536,34;872,71;6145,36;2654,52
2025-10-31;Nordeste;Daniela;Manoela;7002;Smartphone;4;3901,36;2240,34;15605,44;6644,08
2023-12-31;Sudeste;Ana;Ciro;3003;Placa de Vídeo NVidia;1;4755,69;3236,17;4755,69;1519,52
2024-11-30;Norte;Bruno;Ciro;2006;WebCam 4k;5;2361,33;1464,62;11806,65;4483,55
2023-10-31;Centro-Oeste;Carlos;Manoela;2006;WebCam 4k;8;2987,62;2360,32;23900,96;5018,4
2024-05-31;Sudeste;Ana;Ciro;3003;Placa de Vídeo NVidia;8;1215,02;628,22;9720,16;4694,4
2024-12-31;Centro-Oeste;Eduardo;Marisa;3003;Placa de Vídeo NVidia;4;1256,23;818,87;5024,92;1749,44
2022-09-30;Sul;Ana;Ciro;9001;Notebook;4;3587,63;2142,66;14350,52;5779,88
2024-05-31;Nordeste;Daniela;Ciro;9001;Notebook;4;3465,35;2667,22;13861,4;3192,52
2023-04-30;Nordeste;Eduardo;Antonia;7002;Smartphone;5;1105,95;602,79;5529,75;2515,8
2025-06-30;Sudeste;Eduardo;Manoela;2006;WebCam 4k;1;994,28;521,24;994,28;473,04
2022-09-30;Centro-Oeste;Bruno;João;5004;Monitor;7;779,48;448,41;5456,36;2317,49
2024-05-31;Sul;Bruno;Ciro;5004;Monitor;1;946,66;738,95;946,66;207,71
2025-09-30;Norte;Daniela;Felipe;1005;Headset;2;1222,24;971,5;2444,48;501,48
2023-06-30;Norte;Ana;Felipe;9001;Notebook;3;3473,73;1809,61;10421,19;4992,36
2024-08-31;Centro-Oeste;Daniela;Felipe;1005;Headset;9;608,88;485,84;5479,92;1107,36
2022-10-31;Nordeste;Ana;Ciro;7002;Smartphone;3;3487,27;2532,21;10461,81;2865,18
2023-05-31;Sul;Daniela;Antonia;9001;Notebook;4;4987,65;2955,33;19950,6;8129,28
2022-07-31;Centro-Oeste;Ana;Ciro;7002;Smartphone;7;4375,05;3139,16;30625,35;8651,23
2023-11-30;Sul;Fernanda;Marisa;9001;Notebook;7;1220,57;687,43;8543,99;3731,98
2022-07-31;Centro-Oeste;Fernanda;Ciro;7002;Smartphone;3;2900,2;1823,28;8700,6;3230,76
2024-04-30;Sudeste;Eduardo;João;2006;WebCam 4k;6;3198,81;2404,76;19192,86;4764,3
2025-03-31;Nordeste;Bruno;Antonia;9001;Notebook;4;2648,73;2092,47;10594,92;2225,04
2023-01-31;Centro-Oeste;Ana;Marisa;7002;Smartphone;4;1300,34;826,85;5201,36;1893,96
2024-04-30;Sul;Carlos;Marisa;7002;Smartphone;8;2736,39;2070,65;21891,12;5325,92
2023-06-30;Sul;Ana;Marisa;3003;Placa de Vídeo NVidia;3;2959,11;2306,9;8877,33;1956,63
2022-06-30;Sudeste;Carlos;João;7002;Smartphone;3;4048,12;2662,66;12144,36;4156,38
2025-06-30;Sudeste;Daniela;Antonia;3003;Placa de Vídeo NVidia;2;1546,07;1013,45;3092,14;1065,24
2025-09-30;Nordeste;Bruno;Marisa;9001;Notebook;2;1945,82;1551,38;3891,64;788,88
2023-08-31;Nordeste;Ana;Felipe;2006;WebCam 4k;4;2166,55;1282,77;8666,2;3535,12
2023-01-31;Norte;Eduardo;Marisa;5004;Monitor;1;2792,39;2223,32;2792,39;569,07
2022-07-31;Centro-Oeste;Fernanda;Marisa;2006;WebCam 4k;8;4486,64;3336,53;35893,12;9200,88
2023-01-31;Nordeste;Daniela;Manoela;5004;Monitor;3;3893,91;2233,93;11681,73;4979,94
2024-01-31;Sudeste;Eduardo;Ciro;3003;Placa de Vídeo NVidia;6;4525,63;3232,02;27153,78;7761,66
2022-03-31;Sudeste;Ana;Manoela;5004;Monitor;7;2731,34;1371,16;19119,38;9521,26
2023-06-30;Sul;Eduardo;Antonia;2006;WebCam 4k;6;1843,44;1302,17;11060,64;3247,62
2022-01-31;Norte;Daniela;Felipe;7002;Smartphone;1;847,66;549,55;847,66;298,11
2025-08-31;Centro-Oeste;Carlos;Marisa;7002;Smartphone;9;2950,74;1967,84;26556,66;8846,1
2023-11-30;Nordeste;Eduardo;Manoela;2006;WebCam 4k;6;1229,94;753,63;7379,64;2857,86
2025-08-31;Centro-Oeste;Daniela;Ciro;1005;Headset;3;3476,24;1897,18;10428,72;4737,18
2025-05-31;Sul;Eduardo;Manoela;2006;WebCam 4k;5;4509,0;2919,42;22545,0;7947,9
2022-06-30;Nordeste;Ana;Ciro;7002;Smartphone;7;3626,59;1854,14;25386,13;12407,15
2023-08-31;Sul;Bruno;Ciro;3003;Placa de Vídeo NVidia;3;4442,34;2324,46;13327,02;6353,64
2024-02-29;Nordeste;Carlos;João;9001;Notebook;5;1804,07;1017,85;9020,35;3931,1
2024-02-29;Norte;Bruno;Ciro;5004;Monitor;4;1351,69;882,63;5406,76;1876,24
2025-06-30;Nordeste;Eduardo;Antonia;9001;Notebook;6;1982,81;1455,99;11896,86;3160,92
2023-10-31;Centro-Oeste;Bruno;João;7002;Smartphone;8;1712,81;1346,05;13702,48;2934,08
2022-09-30;Centro-Oeste;Ana;Ciro;1005;Headset;8;3285,69;1657,93;26285,52;13022,08
2022-12-31;Nordeste;Carlos;Marisa;7002;Smartphone;7;3714,42;2890,51;26000,94;5767,37
2023-02-28;Nordeste;Daniela;Felipe;9001;Notebook;1;1077,99;825,89;1077,99;252,1
2024-12-31;Sul;Fernanda;Marisa;7002;Smartphone;1;1746,56;1180,33;1746,56;566,23
2023-12-31;Sudeste;Ana;Ciro;5004;Monitor;8;3491,98;1996,85;27935,84;11961,04
2023-05-31;Centro-Oeste;Bruno;Marisa;3003;Placa de Vídeo NVidia;8;712,52;428,55;5700,16;2271,76
2024-06-30;Sudeste;Ana;Felipe;9001;Notebook;8;1075,97;678,29;8607,76;3181,44
2023-08-31;Centro-Oeste;Carlos;Felipe;3003;Placa de Vídeo NVidia;8;2467,37;1754,85;19738,96;5700,16
2024-05-31;Sudeste;Bruno;Felipe;7002;Smartphone;9;1070,55;829,03;9634,95;2173,68
2024-11-30;Norte;Ana;Marisa;3003;Placa de Vídeo NVidia;8;4987,88;3299,72;39903,04;13505,28
2024-02-29;Sul;Bruno;Ciro;1005;Headset;9;3683,85;2009,48;33154,65;15069,33
2023-11-30;Sudeste;Bruno;Manoela;2006;WebCam 4k;6;4521,25;3095,8;27127,5;8552,7
2025-08-31;Sul;Carlos;Manoela;2006;WebCam 4k;1;4040,99;2491,43;4040,99;1549,56
2022-05-31;Sudeste;Eduardo;João;7002;Smartphone;7;1178,1;872,06;8246,7;2142,28
2024-08-31;Sudeste;Carlos;Manoela;1005;Headset;4;1142,63;819,66;4570,52;1291,88
2025-08-31;Nordeste;Fernanda;Ciro;9001;Notebook;6;2431,97;1532,69;14591,82;5395,68
2022-07-31;Nordeste;Fernanda;Antonia;2006;WebCam 4k;2;797,94;575,31;1595,88;445,26
2023-03-31;Sul;Ana;João;2006;WebCam 4k;3;903,24;700,66;2709,72;607,74
2022-03-31;Norte;Eduardo;Manoela;2006;WebCam 4k;2;2480,73;1394,17;4961,46;2173,12
2022-10-31;Nordeste;Eduardo;Manoela;2006;WebCam 4k;4;664,27;380,4;2657,08;1135,48
2023-01-31;Sudeste;Daniela;Manoela;5004;Monitor;8;2116,71;1368,17;16933,68;5988,32
2024-03-31;Norte;Bruno;Antonia;1005;Headset;6;2789,81;2029,93;16738,86;4559,28
2022-12-31;Nordeste;Eduardo;Felipe;1005;Headset;9;774,43;485,32;6969,87;2601,99
2025-05-31;Sul;Bruno;Antonia;3003;Placa de Vídeo NVidia;2;1738,32;1304,06;3476,64;868,52
2025-02-28;Nordeste;Bruno;Felipe;7002;Smartphone;7;2768,7;1795,36;19380,9;6813,38
2024-11-30;Norte;Ana;Manoela;3003;Placa de Vídeo NVidia;7;2091,09;1646,67;14637,63;3110,94
2022-06-30;Norte;Daniela;Marisa;2006;WebCam 4k;2;3122,04;1653,79;6244,08;2936,5
2022-12-31;Centro-Oeste;Eduardo;Marisa;1005;Headset;5;2537,04;1615,2;12685,2;4609,2
2023-02-28;Sul;Ana;Felipe;5004;Monitor;4;2836,7;2032,81;11346,8;3215,56
2025-10-31;Centro-Oeste;Eduardo;João;5004;Monitor;3;3094,51;2196,28;9283,53;2694,69
2025-04-30;Sudeste;Ana;Antonia;5004;Monitor;8;2518,39;1861,31;20147,12;5256,64
2025-07-31;Norte;Bruno;Marisa;7002;Smartphone;1;4667,73;3257,37;4667,73;1410,36
2022-12-31;Norte;Carlos;Ciro;2006;WebCam 4k;2;3566,51;2709,76;7133,02;1713,5
2022-10-31;Centro-Oeste;Ana;João;7002;Smartphone;6;3554,19;1828,91;21325,14;10351,68
2024-09-30;Nordeste;Bruno;Manoela;3003;Placa de Vídeo NVidia;7;1602,4;960,67;11216,8;4492,11
2024-05-31;Centro-Oeste;Daniela;Manoela;5004;Monitor;4;2808,08;1741,65;11232,32;4265,72
2023-08-31;Sul;Carlos;Ciro;9001;Notebook;3;4569,72;2431,01;13709,16;6416,13
2022-12-31;Sul;Ana;Ciro;2006;WebCam 4k;9;4520,8;2415,08;40687,2;18951,48
2022-06-30;Nordeste;Ana;Marisa;3003;Placa de Vídeo NVidia;4;3178,93;2036,46;12715,72;4569,88
2022-11-30;Norte;Daniela;Manoela;3003;Placa de Vídeo NVidia;9;2048,28;1080,97;18434,52;8705,79
2025-08-31;Nordeste;Bruno;Marisa;3003;Placa de Vídeo NVidia;1;4310,97;2919,26;4310,97;1391,71
2025-09-30;Sul;Bruno;Marisa;9001;Notebook;9;4092,35;2907,0;36831,15;10668,15
2024-12-31;Nordeste;Eduardo;Marisa;7002;Smartphone;1;4119,9;2634,83;4119,9;1485,07
2023-09-30;Sudeste;Fernanda;Ciro;2006;WebCam 4k;2;1101,35;558,45;2202,7;1085,8
2024-07-31;Sul;Eduardo;Ciro;3003;Placa de Vídeo NVidia;6;4927,95;3851,24;29567,7;6460,26
2024-10-31;Sul;Ana;Marisa;7002;Smartphone;1;2309,58;1163,53;2309,58;1146,05
2023-11-30;Sul;Bruno;Ciro;9001;Notebook;1;4894,89;2652,13;4894,89;2242,76
2023-03-31;Norte;Eduardo;Antonia;2006;WebCam 4k;9;2656,74;2051,85;23910,66;5444,01
2024-02-29;Nordeste;Eduardo;Ciro;1005;Headset;1;3868,03;2259,45;3868,03;1608,58
2025-02-28;Sul;Fernanda;Marisa;1005;Headset;1;2506,63;1855,57;2506,63;651,06
2022-06-30;Sudeste;Ana;Marisa;7002;Smartphone;4;4874,16;3337,81;19496,64;6145,4
2024-01-31;Sudeste;Daniela;Felipe;9001;Notebook;9;2131,12;1155,67;19180,08;8779,05
2024-06-30;Sul;Carlos;Ciro;2006;WebCam 4k;7;2925,66;2065,99;20479,62;6017,69
2023-05-31;Sudeste;Bruno;Marisa;3003;Placa de Vídeo NVidia;3;3497,2;2737,24;10491,6;2279,88
2023-10-31;Norte;Eduardo;João;9001;Notebook;6;2421,43;1505,87;14528,58;5493,36
2025-04-30;Centro-Oeste;Eduardo;Ciro;1005;Headset;8;4488,73;2258,06;35909,84;17845,36
2025-09-30;Sudeste;Ana;Marisa;9001;Notebook;1;2032,53;1121,99;2032,53;910,54
2025-01-31;Sudeste;Ana;Antonia;7002;Smartphone;6;2837,33;2031,79;17023,98;4833,24
2025-07-31;Sul;Carlos;Manoela;1005;Headset;5;3079,21;2369,28;15396,05;3549,65
2024-06-30;Sul;Fernanda;Felipe;9001;Notebook;3;1644,28;1080,23;4932,84;1692,15
2024-03-31;Norte;Bruno;Manoela;5004;Monitor;9;1306,8;837,15;11761,2;4226,85
2023-11-30;Sul;Fernanda;Marisa;3003;Placa de Vídeo NVidia;6;2708,62;1375,96;16251,72;7995,96
2024-11-30;Norte;Eduardo;Manoela;9001;Notebook;1;3745,11;2182,18;3745,11;1562,93
2022-04-30;Norte;Daniela;Marisa;7002;Smartphone;6;1776,49;1210,17;10658,94;3397,92
2025-06-30;Norte;Ana;Felipe;3003;Placa de Vídeo NVidia;2;1700,89;1247,5;3401,78;906,78
2025-05-31;Sudeste;Eduardo;Manoela;5004;Monitor;1;2717,35;1710,84;2717,35;1006,51
2025-06-30;Sudeste;Daniela;Antonia;9001;Notebook;3;3590,19;2414,37;10770,57;3527,46
2022-04-30;Sul;Bruno;Marisa;3003;Placa de Vídeo NVidia;6;2210,96;1177,16;13265,76;6202,8
2023-06-30;Norte;Carlos;João;2006;WebCam 4k;5;2756,45;2188,63;13782,25;2839,1
2024-12-31;Sudeste;Daniela;João;9001;Notebook;8;3601,94;1993,11;28815,52;12870,64
2023-01-31;Centro-Oeste;Fernanda;João;5004;Monitor;1;2812,04;2108,37;2812,04;703,67
2023-04-30;Norte;Daniela;Manoela;1005;Headset;3;855,06;561,59;2565,18;880,41
2022-07-31;Norte;Fernanda;João;2006;WebCam 4k;7;4495,9;2685,17;31471,3;12675,11
2025-10-31;Sudeste;Fernanda;Ciro;7002;Smartphone;4;3386,69;2434,34;13546,76;3809,4
2023-04-30;Sul;Daniela;João;2006;WebCam 4k;3;1328,15;745,78;3984,45;1747,11
2024-04-30;Centro-Oeste;Carlos;Felipe;1005;Headset;9;1613,62;1266,83;14522,58;3121,11
2025-07-31;Sudeste;Fernanda;Marisa;1005;Headset;5;1957,62;1139,19;9788,1;4092,15
2025-06-30;Norte;Carlos;Ciro;9001;Notebook;4;4673,8;2826,82;18695,2;7387,92
2023-10-31;Sudeste;Ana;João;5004;Monitor;2;3450,11;2746,65;6900,22;1406,92
2023-08-31;Centro-Oeste;Fernanda;Felipe;2006;WebCam 4k;6;3336,35;1811,65;20018,1;9148,2
2022-02-28;Sul;Ana;Marisa;1005;Headset;6;1976,11;1307,3;11856,66;4012,86
2023-12-31;Centro-Oeste;Fernanda;Manoela;1005;Headset;5;1434,86;1145,88;7174,3;1444,9
2024-09-30;Sul;Ana;Manoela;9001;Notebook;4;3800,59;2146,14;15202,36;6617,8
2022-10-31;Nordeste;Carlos;Ciro;1005;Headset;5;1632,71;1069,13;8163,55;2817,9
2022-06-30;Sudeste;Bruno;Antonia;2006;WebCam 4k;2;1905,19;1335,68;3810,38;1139,02
2023-09-30;Centro-Oeste;Carlos;Antonia;5004;Monitor;1;1021,49;699,21;1021,49;322,28
2025-07-31;Norte;Daniela;João;2006;WebCam 4k;2;1329,7;723,5;2659,4;1212,4
2022-01-31;Nordeste;Bruno;Antonia;2006;WebCam 4k;9;4831,92;2468,74;43487,28;21268,62
2025-10-31;Sudeste;Eduardo;Manoela;9001;Notebook;7;2324,35;1837,71;16270,45;3406,48
2022-04-30;Sul;Carlos;Felipe;5004;Monitor;2;2162,3;1255,46;4324,6;1813,68
2022-11-30;Nordeste;Daniela;Marisa;1005;Headset;1;4116,94;2299,99;4116,94;1816,95
2023-08-31;Norte;Bruno;João;7002;Smartphone;6;1975,23;1409,83;11851,38;3392,4
2022-11-30;Sudeste;Daniela;João;7002;Smartphone;9;4030,31;2020,31;36272,79;18090,0
2023-07-31;Nordeste;Ana;Ciro;2006;WebCam 4k;6;2099,95;1199,78;12599,7;5401,02
2022-09-30;Centro-Oeste;Eduardo;Manoela;3003;Placa de Vídeo NVidia;6;1714,91;889,49;10289,46;4952,52
2024-03-31;Sudeste;Fernanda;Ciro;1005;Headset;5;3290,71;1957,31;16453,55;6667,0
2024-10-31;Nordeste;Daniela;Felipe;3003;Placa de Vídeo NVidia;6;3228,93;1909,11;19373,58;7918,92
2022-11-30;Sul;Carlos;Manoela;2006;WebCam 4k;8;2774,0;1434,3;22192,0;10717,6
2025-09-30;Sul;Ana;Felipe;9001;Notebook;5;4433,05;2260,27;22165,25;10863,9
2025-01-31;Nordeste;Carlos;João;5004;Monitor;5;4590,3;3236,1;22951,5;6771,0
2023-10-31;Norte;Eduardo;João;2006;WebCam 4k;6;1887,31;1487,65;11323,86;2397,96
2024-04-30;Nordeste;Bruno;Ciro;5004;Monitor;2;1321,71;907,99;2643,42;827,44
2023-01-31;Sul;Daniela;Marisa;3003;Placa de Vídeo NVidia;2;1998,95;1434,86;3997,9;1128,18
2023-04-30;Sudeste;Carlos;Manoela;3003;Placa de Vídeo NVidia;9;2570,8;1833,57;23137,2;6635,07
2023-03-31;Centro-Oeste;Daniela;Felipe;1005;Headset;9;741,71;375,91;6675,39;3292,2
2025-08-31;Nordeste;Daniela;Felipe;1005;Headset;6;4249,61;2400,0;25497,66;11097,66
2022-12-31;Nordeste;Ana;Manoela;9001;Notebook;9;4945,89;2886,67;44513,01;18532,98
2022-08-31;Norte;Bruno;Manoela;3003;Placa de Vídeo NVidia;9;4102,9;2537,81;36926,1;14085,81
2022-12-31;Centro-Oeste;Fernanda;Antonia;7002;Smartphone;1;1529,07;1034,95;1529,07;494,12
2025-02-28;Centro-Oeste;Fernanda;Marisa;3003;Placa de Vídeo NVidia;8;2828,47;2156,34;22627,76;5377,04
2022-07-31;Sul;Bruno;Antonia;5004;Monitor;2;3426,74;2098,48;6853,48;2656,52
2022-02-28;Centro-Oeste;Carlos;Marisa;7002;Smartphone;2;594,56;454,03;1189,12;281,06
2023-07-31;Sudeste;Eduardo;Manoela;5004;Monitor;6;4951,53;3243,67;29709,18;10247,16
2024-07-31;Centro-Oeste;Fernanda;João;5004;Monitor;9;2355,81;1876,54;21202,29;4313,43
2023-11-30;Nordeste;Ana;Ciro;3003;Placa de Vídeo NVidia;1;3597,58;2290,13;3597,58;1307,45
2023-06-30;Norte;Bruno;Manoela;9001;Notebook;8;3671,51;2353,08;29372,08;10547,44
2025-03-31;Sudeste;Eduardo;Felipe;7002;Smartphone;4;634,32;409,97;2537,28;897,4
2024-05-31;Sudeste;Carlos;Antonia;5004;Monitor;2;583,15;426,22;1166,3;313,86
2024-05-31;Nordeste;Bruno;Felipe;9001;Notebook;7;3570,13;2324,66;24990,91;8718,29
2023-02-28;Centro-Oeste;Fernanda;Marisa;5004;Monitor;9;1592,66;1217,22;14333,94;3378,96
2023-01-31;Nordeste;Carlos;Manoela;5004;Monitor;9;4057,1;2255,47;36513,9;16214,67
2023-04-30;Sudeste;Eduardo;Antonia;9001;Notebook;9;3084,8;1742,69;27763,2;12078,99
2022-05-31;Nordeste;Ana;Felipe;3003;Placa de Vídeo NVidia;7;4078,42;2831,94;28548,94;8725,36
2022-12-31;Nordeste;Fernanda;Felipe;7002;Smartphone;5;4457,65;3114,48;22288,25;6715,85
2024-04-30;Sul;Bruno;Marisa;5004;Monitor;2;2496,15;1447,57;4992,3;2097,16
2023-07-31;Centro-Oeste;Fernanda;Felipe;1005;Headset;7;1812,82;1298,58;12689,74;3599,68
2022-03-31;Sul;Bruno;Ciro;2006;WebCam 4k;3;1237,56;861,54;3712,68;1128,06
2022-06-30;Centro-Oeste;Fernanda;Antonia;2006;WebCam 4k;6;827,06;433,37;4962,36;2362,14
2022-12-31;Nordeste;Bruno;Felipe;7002;Smartphone;2;4542,58;2707,38;9085,16;3670,4
2022-06-30;Nordeste;Daniela;Ciro;2006;WebCam 4k;4;4277,32;3024,54;17109,28;5011,12
2024-06-30;Sudeste;Bruno;Manoela;9001;Notebook;3;4278,13;3138,29;12834,39;3419,52
2022-12-31;Norte;Fernanda;Manoela;5004;Monitor;1;4669,4;3254,08;4669,4;1415,32
2022-09-30;Nordeste;Eduardo;Felipe;1005;Headset;4;2135,34;1348,44;8541,36;3147,6
2024-12-31;Sudeste;Fernanda;Marisa;1005;Headset;2;1914,21;1101,27;3828,42;1625,88
2025-10-31;Sul;Eduardo;Antonia;1005;Headset;2;1451,91;1047,79;2903,82;808,24
2024-06-30;Sudeste;Daniela;Ciro;9001;Notebook;2;2031,21;1177,62;4062,42;1707,18
2024-03-31;Sul;Eduardo;Marisa;9001;Notebook;4;2162,08;1208,73;8648,32;3813,4
2022-03-31;Sudeste;Eduardo;Marisa;7002;Smartphone;5;2043,21;1222,28;10216,05;4104,65
2025-08-31;Sudeste;Carlos;João;5004;Monitor;8;3123,56;1908,19;24988,48;9722,96
2024-07-31;Sudeste;Fernanda;Marisa;2006;WebCam 4k;6;1923,44;1030,26;11540,64;5359,08
2024-12-31;Sul;Daniela;Manoela;5004;Monitor;3;690,98;505,91;2072,94;555,21
2023-02-28;Centro-Oeste;Daniela;João;1005;Headset;6;1652,42;1130,93;9914,52;3128,94
2022-09-30;Norte;Ana;Marisa;5004;Monitor;2;3845,79;2391,17;7691,58;2909,24
2023-11-30;Nordeste;Fernanda;Marisa;5004;Monitor;7;2797,08;1542,57;19579,56;8781,57
2023-05-31;Norte;Bruno;Ciro;2006;WebCam 4k;8;1858,1;1217,75;14864,8;5122,8
2025-05-31;Centro-Oeste;Eduardo;Manoela;9001;Notebook;2;1316,01;769,43;2632,02;1093,16
2023-09-30;Sul;Carlos;Felipe;2006;WebCam 4k;4;2162,89;1484,59;8651,56;2713,2
2025-05-31;Sul;Eduardo;Felipe;9001;Notebook;7;1427,43;1087,84;9992,01;2377,13
2024-03-31;Nordeste;Bruno;João;5004;Monitor;7;4526,16;3607,85;31683,12;6428,17
2022-09-30;Nordeste;Eduardo;Marisa;9001;Notebook;1;574,79;458,85;574,79;115,94
2024-08-31;Norte;Carlos;Manoela;1005;Headset;5;4213,87;2972,5;21069,35;6206,85
2025-06-30;Sudeste;Fernanda;João;1005;Headset;6;4365,96;3364,39;26195,76;6009,42
2024-05-31;Centro-Oeste;Daniela;Antonia;2006;WebCam 4k;6;3734,67;2783,44;22408,02;5707,38
2022-06-30;Sul;Carlos;Antonia;7002;Smartphone;3;1625,99;1225,32;4877,97;1202,01
2024-12-31;Sul;Bruno;Ciro;7002;Smartphone;8;4425,64;3180,4;35405,12;9961,92
2025-04-30;Centro-Oeste;Bruno;Marisa;1005;Headset;1;2505,39;1777,21;2505,39;728,18
2024-01-31;Norte;Bruno;Marisa;2006;WebCam 4k;5;3962,41;2330,29;19812,05;8160,6
2023-04-30;Nordeste;Daniela;Felipe;3003;Placa de Vídeo NVidia;3;864,62;610,15;2593,86;763,41
2022-07-31;Norte;Carlos;Felipe;5004;Monitor;2;2330,32;1546,15;4660,64;1568,34
2024-01-31;Centro-Oeste;Eduardo;Antonia;7002;Smartphone;5;1088,81;768,16;5444,05;1603,25
2024-07-31;Nordeste;Fernanda;Ciro;2006;WebCam 4k;4;2210,28;1562,43;8841,12;2591,4
2024-11-30;Norte;Fernanda;João;2006;WebCam 4k;4;3631,61;2879,31;14526,44;3009,2
2025-08-31;Nordeste;Ana;João;9001;Notebook;5;4913,57;3331,74;24567,85;7909,15
2022-08-31;Sudeste;Ana;Ciro;2006;WebCam 4k;9;2777,0;1606,01;24993,0;10538,91
2022-09-30;Sudeste;Bruno;João;3003;Placa de Vídeo NVidia;2;4885,87;3338,44;9771,74;3094,86
2023-04-30;Norte;Fernanda;Ciro;1005;Headset;5;3044,31;2303,89;15221,55;3702,1
2023-07-31;Sul;Bruno;Felipe;2006;WebCam 4k;3;1843,53;1069,43;5530,59;2322,3
2023-04-30;Nordeste;Eduardo;Felipe;1005;Headset;5;3243,91;2013,64;16219,55;6151,35
2023-02-28;Nordeste;Fernanda;João;7002;Smartphone;5;2721,3;2091,04;13606,5;3151,3
2024-09-30;Sul;Ana;Antonia;5004;Monitor;4;3024,37;2382,29;12097,48;2568,32
2022-11-30;Norte;Eduardo;Manoela;7002;Smartphone;9;3969,2;2200,37;35722,8;15919,47
2022-09-30;Centro-Oeste;Bruno;Felipe;5004;Monitor;8;1048,97;746,6;8391,76;2418,96
2024-04-30;Sul;Fernanda;Marisa;7002;Smartphone;5;1959,72;1438,15;9798,6;2607,85
2023-10-31;Sul;Fernanda;Felipe;5004;Monitor;6;3808,74;2142,18;22852,44;9999,36
2025-04-30;Centro-Oeste;Daniela;Felipe;3003;Placa de Vídeo NVidia;4;984,35;501,59;3937,4;1931,04
2025-09-30;Norte;Bruno;Manoela;1005;Headset;7;3578,5;2847,85;25049,5;5114,55
2022-04-30;Sudeste;Carlos;Marisa;2006;WebCam 4k;9;821,13;617,84;7390,17;1829,61
2024-07-31;Nordeste;Fernanda;Antonia;1005;Headset;4;1798,37;956,49;7193,48;3367,52
2025-04-30;Sudeste;Bruno;Felipe;1005;Headset;8;1634,3;891,23;13074,4;5944,56
2023-12-31;Nordeste;Daniela;Ciro;9001;Notebook;1;2337,81;1485,28;2337,81;852,53
2022-10-31;Norte;Daniela;Marisa;5004;Monitor;7;605,26;431,01;4236,82;1219,75
2024-02-29;Sudeste;Bruno;Manoela;9001;Notebook;1;764,47;446,15;764,47;318,32
2025-07-31;Sul;Bruno;Antonia;3003;Placa de Vídeo NVidia;5;1609,0;986,1;8045,0;3114,5
2023-03-31;Sudeste;Ana;Felipe;2006;WebCam 4k;3;4471,37;2951,45;13414,11;4559,76
2025-07-31;Sul;Carlos;Manoela;5004;Monitor;3;1005,85;632,0;3017,55;1121,55
2024-01-31;Centro-Oeste;Eduardo;Marisa;7002;Smartphone;1;1524,61;1020,95;1524,61;503,66
2023-09-30;Norte;Ana;João;7002;Smartphone;7;1006,72;547,67;7047,04;3213,35
2025-02-28;Sudeste;Carlos;Ciro;2006;WebCam 4k;6;3436,26;1762,44;20617,56;10042,92
2025-08-31;Nordeste;Ana;João;7002;Smartphone;5;4284,74;2494,77;21423,7;8949,85
2022-01-31;Centro-Oeste;Carlos;João;7002;Smartphone;5;1099,45;737,7;5497,25;1808,75
2024-06-30;Norte;Eduardo;Manoela;7002;Smartphone;2;1008,41;560,12;2016,82;896,58
2023-09-30;Sul;Carlos;Marisa;2006;WebCam 4k;5;4294,78;3314,03;21473,9;4903,75
2025-10-31;Sudeste;Daniela;Manoela;2006;WebCam 4k;4;4196,97;3130,05;16787,88;4267,68
2023-07-31;Sul;Ana;João;3003;Placa de Vídeo NVidia;3;4900,35;2949,13;14701,05;5853,66
2022-12-31;Norte;Bruno;Ciro;9001;Notebook;2;3662,31;2534,29;7324,62;2256,04
2025-01-31;Norte;Ana;Antonia;1005;Headset;2;2285,45;1578,02;4570,9;1414,86
2024-03-31;Centro-Oeste;Daniela;João;2006;WebCam 4k;1;3501,55;2528,69;3501,55;972,86
2024-01-31;Norte;Eduardo;João;3003;Placa de Vídeo NVidia;6;2129,69;1443,96;12778,14;4114,38
2024-10-31;Centro-Oeste;Fernanda;Ciro;5004;Monitor;7;3760,22;1889,75;26321,54;13093,29
2022-04-30;Sudeste;Eduardo;Ciro;7002;Smartphone;1;3410,19;2137,25;3410,19;1272,94
2022-07-31;Centro-Oeste;Fernanda;Marisa;7002;Smartphone;7;3518,73;2793,74;24631,11;5074,93
2024-01-31;Centro-Oeste;Carlos;Manoela;7002;Smartphone;6;2236,27;1637,11;13417,62;3594,96
2025-07-31;Sul;Carlos;Felipe;5004;Monitor;1;4494,14;3128,05;4494,14;1366,09
2024-07-31;Norte;Ana;Antonia;5004;Monitor;1;532,63;286,85;532,63;245,78
2025-04-30;Norte;Bruno;Marisa;3003;Placa de Vídeo NVidia;2;4031,43;2502,26;8062,86;3058,34
2025-07-31;Centro-Oeste;Ana;Manoela;5004;Monitor;2;2391,08;1647,56;4782,16;1487,04
2022-12-31;Norte;Carlos;João;3003;Placa de Vídeo NVidia;7;2798,63;1978,49;19590,41;5740,98
2022-01-31;Norte;Ana;Antonia;5004;Monitor;7;3296,87;2572,04;23078,09;5073,81
2025-09-30;Norte;Eduardo;João;3003;Placa de Vídeo NVidia;4;749,3;472,89;2997,2;1105,64
2025-07-31;Sul;Eduardo;Ciro;9001;Notebook;5;2144,59;1170,45;10722,95;4870,7
2024-07-31;Centro-Oeste;Ana;Felipe;3003;Placa de Vídeo NVidia;3;2936,19;1837,69;8808,57;3295,5
2023-12-31;Centro-Oeste;Fernanda;Marisa;3003;Placa de Vídeo NVidia;6;4059,79;2651,36;24358,74;8450,58
2024-07-31;Sudeste;Daniela;Antonia;2006;WebCam 4k;2;708,85;455,32;1417,7;507,06
2025-03-31;Nordeste;Ana;João;1005;Headset;9;2883,63;2141,72;25952,67;6677,19
2025-04-30;Centro-Oeste;Daniela;João;3003;Placa de Vídeo NVidia;7;3806,48;2008,75;26645,36;12584,11
2024-08-31;Norte;Carlos;Felipe;5004;Monitor;8;936,43;543,44;7491,44;3143,92
2023-10-31;Norte;Carlos;João;2006;WebCam 4k;1;4625,18;2993,21;4625,18;1631,97
2023-09-30;Norte;Fernanda;Manoela;2006;WebCam 4k;6;3370,77;1805,31;20224,62;9392,76
2025-10-31;Sul;Eduardo;Marisa;5004;Monitor;4;2403,99;1625,01;9615,96;3115,92
2025-08-31;Centro-Oeste;Ana;Manoela;9001;Notebook;3;981,06;643,9;2943,18;1011,48
2023-11-30;Sul;Bruno;Marisa;1005;Headset;3;4812,12;2852,02;14436,36;5880,3
2023-12-31;Norte;Ana;Felipe;7002;Smartphone;5;930,71;473,84;4653,55;2284,35
2023-03-31;Centro-Oeste;Daniela;Felipe;7002;Smartphone;2;2829,87;1602,65;5659,74;2454,44
2024-04-30;Sul;Eduardo;Ciro;2006;WebCam 4k;3;2818,12;1706,7;8454,36;3334,26
2025-10-31;Nordeste;Carlos;Antonia;3003;Placa de Vídeo NVidia;8;3172,86;2159,19;25382,88;8109,36
2025-07-31;Sul;Eduardo;João;9001;Notebook;5;3440,98;2263,94;17204,9;5885,2
2023-07-31;Centro-Oeste;Carlos;Marisa;7002;Smartphone;3;3223,44;1921,33;9670,32;3906,33
2023-05-31;Norte;Daniela;Marisa;9001;Notebook;1;3068,54;2061,87;3068,54;1006,67
2025-08-31;Centro-Oeste;Carlos;Manoela;2006;WebCam 4k;1;4744,1;3738,75;4744,1;1005,35
2025-06-30;Norte;Ana;Ciro;2006;WebCam 4k;3;2478,0;1580,03;7434,0;2693,91
2025-04-30;Sudeste;Daniela;Felipe;3003;Placa de Vídeo NVidia;7;843,8;478,72;5906,6;2555,56
2022-07-31;Sul;Fernanda;Marisa;9001;Notebook;7;2024,12;1084,76;14168,84;6575,52
2024-09-30;Nordeste;Eduardo;Felipe;1005;Headset;8;2252,67;1662,15;18021,36;4724,16
2022-09-30;Norte;Eduardo;Felipe;3003;Placa de Vídeo NVidia;5;1204,59;961,69;6022,95;1214,5
2022-03-31;Nordeste;Ana;Antonia;5004;Monitor;6;1772,55;1305,18;10635,3;2804,22
2022-04-30;Norte;Eduardo;Marisa;9001;Notebook;2;3298,97;2359,26;6597,94;1879,42
2023-02-28;Sudeste;Fernanda;Marisa;1005;Headset;2;1133,69;905,91;2267,38;455,56
2025-08-31;Nordeste;Bruno;Ciro;2006;WebCam 4k;4;4098,92;2976,14;16395,68;4491,12
2023-11-30;Norte;Eduardo;Antonia;7002;Smartphone;6;1115,04;833,57;6690,24;1688,82
2023-08-31;Sudeste;Eduardo;Antonia;9001;Notebook;3;640,43;506,41;1921,29;402,06
2025-03-31;Sudeste;Carlos;João;1005;Headset;4;2526,74;1376,07;10106,96;4602,68
2022-06-30;Nordeste;Eduardo;Felipe;9001;Notebook;5;1732,15;1168,49;8660,75;2818,3
2023-03-31;Centro-Oeste;Bruno;Felipe;1005;Headset;6;2780,82;1553,11;16684,92;7366,26
2024-03-31;Nordeste;Daniela;Marisa;5004;Monitor;9;4132,13;3092,06;37189,17;9360,63
2024-05-31;Sudeste;Fernanda;Ciro;1005;Headset;9;3828,35;2472,7;34455,15;12200,85
2025-08-31;Centro-Oeste;Ana;Felipe;9001;Notebook;2;1302,43;915,56;2604,86;773,74
2022-11-30;Sul;Ana;Manoela;5004;Monitor;8;3778,48;2938,17;30227,84;6722,48
2023-07-31;Sul;Carlos;João;7002;Smartphone;8;1463,06;812,99;11704,48;5200,56
2022-05-31;Norte;Eduardo;Antonia;9001;Notebook;9;581,67;423,69;5235,03;1421,82
2025-04-30;Nordeste;Bruno;Ciro;5004;Monitor;6;4692,9;2422,22;28157,4;13624,08
2023-12-31;Sul;Bruno;Antonia;2006;WebCam 4k;9;4615,8;3280,24;41542,2;12020,04
2025-09-30;Norte;Carlos;João;1005;Headset;1;815,35;529,53;815,35;285,82
2023-12-31;Sul;Eduardo;Manoela;5004;Monitor;5;2040,74;1391,55;10203,7;3245,95
2024-07-31;Sul;Daniela;Antonia;1005;Headset;8;2784,18;2190,55;22273,44;4749,04
2025-02-28;Sul;Bruno;Manoela;2006;WebCam 4k;6;4662,32;3446,49;27973,92;7294,98
2025-05-31;Nordeste;Daniela;Manoela;7002;Smartphone;1;4828,98;3156,43;4828,98;1672,55
2022-12-31;Sul;Fernanda;Ciro;3003;Placa de Vídeo NVidia;7;3344,04;2339,84;23408,28;7029,4
2025-09-30;Centro-Oeste;Carlos;Antonia;3003;Placa de Vídeo NVidia;4;2456,89;1358,52;9827,56;4393,48
2024-07-31;Centro-Oeste;Eduardo;João;2006;WebCam 4k;8;2750,7;1766,3;22005,6;7875,2
2022-05-31;Nordeste;Eduardo;Antonia;3003;Placa de Vídeo NVidia;2;924,94;623,46;1849,88;602,96
2024-05-31;Sul;Fernanda;João;3003;Placa de Vídeo NVidia;6;775,87;503,69;4655,22;1633,08
2024-03-31;Norte;Fernanda;Felipe;7002;Smartphone;1;3682,98;1951,95;3682,98;1731,03
2022-03-31;Sul;Carlos;João;7002;Smartphone;3;2557,68;1481,47;7673,04;3228,63
2023-06-30;Nordeste;Bruno;Felipe;7002;Smartphone;5;4346,03;2403,12;21730,15;9714,55
2022-04-30;Sudeste;Eduardo;Marisa;9001;Notebook;8;1072,91;824,47;8583,28;1987,52
2025-07-31;Centro-Oeste;Fernanda;Manoela;1005;Headset;4;4282,05;2586,76;17128,2;6781,16
2023-01-31;Centro-Oeste;Bruno;João;5004;Monitor;8;1878,79;1456,06;15030,32;3381,84
2023-11-30;Centro-Oeste;Fernanda;Manoela;3003;Placa de Vídeo NVidia;5;602,65;341,09;3013,25;1307,8
2024-07-31;Nordeste;Carlos;Manoela;3003;Placa de Vídeo NVidia;8;1154,5;857,41;9236,0;2376,72
2025-06-30;Nordeste;Eduardo;Marisa;7002;Smartphone;7;4910,77;2688,31;34375,39;15557,22
2024-02-29;Nordeste;Fernanda;Ciro;3003;Placa de Vídeo NVidia;2;1823,52;1065,97;3647,04;1515,1
2022-12-31;Centro-Oeste;Daniela;Antonia;9001;Notebook;1;1482,8;1088,77;1482,8;394,03
2025-09-30;Sul;Daniela;Ciro;9001;Notebook;5;1896,61;1188,91;9483,05;3538,5
2025-06-30;Centro-Oeste;Fernanda;Antonia;7002;Smartphone;2;3819,93;2589,5;7639,86;2460,86
2024-04-30;Nordeste;Eduardo;Marisa;7002;Smartphone;7;641,28;481,07;4488,96;1121,47
2025-06-30;Sudeste;Ana;Marisa;5004;Monitor;6;2532,25;1914,35;15193,5;3707,4
2022-03-31;Nordeste;Carlos;Antonia;2006;WebCam 4k;3;2222,81;1230,36;6668,43;2977,35
2022-09-30;Nordeste;Eduardo;João;5004;Monitor;5;1663,83;1243,56;8319,15;2101,35
2022-02-28;Sudeste;Carlos;Felipe;1005;Headset;2;4624,48;3146,33;9248,96;2956,3
2022-09-30;Norte;Eduardo;Felipe;9001;Notebook;7;4060,95;3184,11;28426,65;6137,88
2023-05-31;Norte;Carlos;Ciro;5004;Monitor;2;3874,06;2853,76;7748,12;2040,6
2024-07-31;Sudeste;Carlos;Felipe;3003;Placa de Vídeo NVidia;4;4845,11;2929,22;19380,44;7663,56
2025-02-28;Centro-Oeste;Fernanda;Felipe;2006;WebCam 4k;1;724,48;384,4;724,48;340,08
2024-10-31;Centro-Oeste;Carlos;Ciro;7002;Smartphone;7;4283,1;3036,61;29981,7;8725,43
2024-06-30;Norte;Eduardo;Antonia;5004;Monitor;7;4284,44;2434,33;29991,08;12950,77
2024-01-31;Norte;Ana;Antonia;2006;WebCam 4k;7;3175,22;2241,71;22226,54;6534,57
2024-09-30;Centro-Oeste;Daniela;Manoela;5004;Monitor;5;3102,01;1562,16;15510,05;7699,25
2024-10-31;Centro-Oeste;Daniela;Ciro;7002;Smartphone;8;4677,73;3608,07;37421,84;8557,28
2023-06-30;Nordeste;Bruno;Ciro;2006;WebCam 4k;1;1778,01;1007,03;1778,01;770,98
2023-11-30;Sul;Ana;Antonia;7002;Smartphone;5;4790,08;2465,56;23950,4;11622,6
2025-02-28;Centro-Oeste;Eduardo;João;7002;Smartphone;1;2041,01;1200,9;2041,01;840,11
2025-06-30;Nordeste;Ana;João;2006;WebCam 4k;1;2710,8;1489,2;2710,8;1221,6
2025-07-31;Nordeste;Ana;Felipe;2006;WebCam 4k;5;1882,21;1369,29;9411,05;2564,6
2025-01-31;Sul;Carlos;Felipe;7002;Smartphone;1;3323,77;2629,37;3323,77;694,4
2025-10-31;Nordeste;Eduardo;Ciro;1005;Headset;8;992,46;649,97;7939,68;2739,92
2024-01-31;Centro-Oeste;Eduardo;Manoela;9001;Notebook;5;4678,7;2955,01;23393,5;8618,45
2023-12-31;Centro-Oeste;Bruno;Marisa;5004;Monitor;8;1074,12;687,63;8592,96;3091,92
2023-03-31;Centro-Oeste;Ana;João;9001;Notebook;5;4356,66;2688,53;21783,3;8340,65
2024-07-31;Nordeste;Carlos;Marisa;5004;Monitor;7;2698,09;1602,07;18886,63;7672,14
2024-08-31;Nordeste;Bruno;Marisa;3003;Placa de Vídeo NVidia;3;3181,79;1877,57;9545,37;3912,66
2025-02-28;Nordeste;Daniela;Antonia;3003;Placa de Vídeo NVidia;3;3482,13;2104,71;10446,39;4132,26
2022-04-30;Norte;Ana;Manoela;5004;Monitor;4;3989,65;3111,08;15958,6;3514,28
2024-02-29;Sul;Fernanda;Ciro;5004;Monitor;2;2394,0;1204,52;4788,0;2378,96
2024-08-31;Nordeste;Eduardo;Antonia;5004;Monitor;8;3238,52;2266,2;25908,16;7778,56
2022-06-30;Centro-Oeste;Ana;Antonia;7002;Smartphone;5;3966,02;2467,02;19830,1;7495,0
2022-09-30;Nordeste;Bruno;Felipe;2006;WebCam 4k;3;2241,86;1710,48;6725,58;1594,14
2022-03-31;Centro-Oeste;Eduardo;Manoela;3003;Placa de Vídeo NVidia;7;2324,83;1308,37;16273,81;7115,22
2023-08-31;Centro-Oeste;Bruno;Antonia;1005;Headset;2;947,57;648,17;1895,14;598,8
2023-03-31;Sul;Fernanda;Marisa;7002;Smartphone;8;3056,14;2338,38;24449,12;5742,08
2022-12-31;Centro-Oeste;Daniela;João;5004;Monitor;1;2979,15;2142,17;2979,15;836,98
2023-10-31;Sudeste;Daniela;Ciro;2006;WebCam 4k;9;1275,82;718,58;11482,38;5015,16
2025-06-30;Centro-Oeste;Fernanda;Manoela;5004;Monitor;1;867,48;684,66;867,48;182,82
2024-07-31;Nordeste;Bruno;Antonia;7002;Smartphone;5;2594,17;1642,84;12970,85;4756,65
2024-11-30;Nordeste;Carlos;Felipe;1005;Headset;8;2246,7;1573,2;17973,6;5388,0
2023-10-31;Sudeste;Carlos;Ciro;3003;Placa de Vídeo NVidia;3;2249,28;1367,47;6747,84;2645,43
2024-01-31;Nordeste;Carlos;Antonia;9001;Notebook;3;2138,08;1351,04;6414,24;2361,12
2025-08-31;Sudeste;Fernanda;Ciro;7002;Smartphone;5;2893,63;2178,44;14468,15;3575,95
2022-08-31;Norte;Daniela;Marisa;3003;Placa de Vídeo NVidia;5;2397,55;1214,07;11987,75;5917,4
2022-05-31;Sul;Bruno;João;3003;Placa de Vídeo NVidia;6;953,54;694,75;5721,24;1552,74
2022-03-31;Sul;Eduardo;João;7002;Smartphone;7;1538,39;818,4;10768,73;5039,93
2024-02-29;Sul;Bruno;Felipe;2006;WebCam 4k;4;4552,13;3585,82;18208,52;3865,24
2022-05-31;Centro-Oeste;Ana;Marisa;1005;Headset;4;1926,81;1294,69;7707,24;2528,48
2025-07-31;Norte;Carlos;Marisa;7002;Smartphone;4;4418,68;2262,0;17674,72;8626,72
2022-03-31;Sul;Bruno;João;7002;Smartphone;1;3309,63;2148,01;3309,63;1161,62
2024-06-30;Sul;Carlos;João;1005;Headset;1;3664,0;2853,67;3664,0;810,33
2023-01-31;Nordeste;Daniela;Ciro;2006;WebCam 4k;8;2891,07;2243,22;23128,56;5182,8
2023-01-31;Sudeste;Daniela;João;7002;Smartphone;6;1495,91;904,3;8975,46;3549,66
2022-02-28;Sudeste;Carlos;Ciro;2006;WebCam 4k;3;583,03;455,12;1749,09;383,73
2024-03-31;Sul;Daniela;João;3003;Placa de Vídeo NVidia;7;765,79;488,74;5360,53;1939,35
2024-07-31;Nordeste;Carlos;Ciro;3003;Placa de Vídeo NVidia;5;877,27;688,75;4386,35;942,6
2022-03-31;Norte;Daniela;Antonia;9001;Notebook;2;3707,59;2346,73;7415,18;2721,72
2022-02-28;Sul;Bruno;João;5004;Monitor;4;818,51;593,05;3274,04;901,84
2022-11-30;Sul;Bruno;João;2006;WebCam 4k;7;2888,12;1842,98;20216,84;7315,98
2025-07-31;Norte;Daniela;João;3003;Placa de Vídeo NVidia;2;1617,33;1114,72;3234,66;1005,22
2024-07-31;Norte;Ana;Ciro;9001;Notebook;1;891,66;499,25;891,66;392,41
2025-10-31;Sul;Daniela;João;5004;Monitor;1;1349,32;793,17;1349,32;556,15
2022-02-28;Norte;Ana;João;3003;Placa de Vídeo NVidia;8;2406,73;1757,04;19253,84;5197,52
2022-03-31;Sudeste;Ana;Felipe;7002;Smartphone;2;3357,47;2616,15;6714,94;1482,64
2025-01-31;Centro-Oeste;Bruno;Ciro;9001;Notebook;7;1806,31;913,07;12644,17;6252,68
2023-05-31;Nordeste;Bruno;João;5004;Monitor;4;2469,77;1337,55;9879,08;4528,88
2022-03-31;Centro-Oeste;Daniela;Marisa;2006;WebCam 4k;4;2748,26;1423,88;10993,04;5297,52
2023-05-31;Sul;Daniela;Manoela;2006;WebCam 4k;6;1582,82;943,44;9496,92;3836,28
2025-09-30;Centro-Oeste;Bruno;Manoela;5004;Monitor;1;1070,43;543,21;1070,43;527,22
2024-08-31;Sul;Fernanda;Antonia;7002;Smartphone;3;3978,59;2072,84;11935,77;5717,25
2024-03-31;Norte;Fernanda;Manoela;7002;Smartphone;5;3170,21;1896,66;15851,05;6367,75
2025-05-31;Centro-Oeste;Ana;Manoela;1005;Headset;9;1955,01;1077,44;17595,09;7898,13
2023-08-31;Sudeste;Daniela;Antonia;9001;Notebook;8;1904,79;1494,07;15238,32;3285,76
2022-11-30;Centro-Oeste;Fernanda;João;9001;Notebook;9;2907,32;1967,11;26165,88;8461,89
2024-10-31;Sul;Ana;Felipe;5004;Monitor;9;2452,31;1458,19;22070,79;8947,08
2023-08-31;Sul;Ana;Antonia;5004;Monitor;5;3330,54;2480,29;16652,7;4251,25
2025-05-31;Centro-Oeste;Eduardo;Manoela;2006;WebCam 4k;5;4492,51;2913,4;22462,55;7895,55
2022-12-31;Centro-Oeste;Daniela;Antonia;3003;Placa de Vídeo NVidia;2;2150,16;1379,29;4300,32;1541,74
2024-07-31;Norte;Fernanda;Ciro;2006;WebCam 4k;7;4360,31;2838,87;30522,17;10650,08
2023-07-31;Nordeste;Bruno;Felipe;5004;Monitor;9;2711,35;2073,55;24402,15;5740,2
2022-07-31;Centro-Oeste;Fernanda;Felipe;7002;Smartphone;4;4117,49;2330,27;16469,96;7148,88
2023-12-31;Nordeste;Daniela;Felipe;2006;WebCam 4k;9;1007,47;795,07;9067,23;1911,6
2024-11-30;Sudeste;Bruno;Ciro;3003;Placa de Vídeo NVidia;4;3911,05;3058,53;15644,2;3410,08
2022-09-30;Centro-Oeste;Carlos;Marisa;3003;Placa de Vídeo NVidia;4;1018,69;557,28;4074,76;1845,64
2025-01-31;Sul;Bruno;Antonia;1005;Headset;1;3712,07;2507,16;3712,07;1204,91
2023-09-30;Centro-Oeste;Bruno;Manoela;2006;WebCam 4k;4;3730,39;2773,37;14921,56;3828,08
2023-05-31;Centro-Oeste;Eduardo;Antonia;3003;Placa de Vídeo NVidia;2;2096,84;1387,01;4193,68;1419,66
2024-03-31;Sul;Ana;Felipe;5004;Monitor;2;1993,55;1199,98;3987,1;1587,14
2023-06-30;Sul;Fernanda;Ciro;7002;Smartphone;2;3426,63;1903,58;6853,26;3046,1
2022-04-30;Sul;Ana;João;9001;Notebook;5;2440,46;1551,19;12202,3;4446,35
2025-06-30;Sul;Carlos;Marisa;2006;WebCam 4k;4;855,67;558,64;3422,68;1188,12
2022-11-30;Norte;Daniela;João;2006;WebCam 4k;4;572,49;305,59;2289,96;1067,6
2023-11-30;Sudeste;Carlos;Felipe;9001;Notebook;1;1656,72;882,37;1656,72;774,35
2025-08-31;Sudeste;Ana;Felipe;9001;Notebook;5;3267,87;2590,47;16339,35;3387,0
2025-05-31;Sul;Bruno;Ciro;2006;WebCam 4k;1;2805,63;1935,9;2805,63;869,73
2023-01-31;Centro-Oeste;Daniela;Antonia;7002;Smartphone;3;2133,89;1566,33;6401,67;1702,68
2025-07-31;Norte;Fernanda;Antonia;3003;Placa de Vídeo NVidia;8;3286,46;2130,42;26291,68;9248,32
2024-08-31;Sudeste;Ana;Felipe;2006;WebCam 4k;6;1600,31;987,04;9601,86;3679,62
2024-01-31;Sul;Carlos;Manoela;7002;Smartphone;7;867,35;687,35;6071,45;1260,0
2024-08-31;Nordeste;Daniela;Manoela;1005;Headset;8;868,48;563,29;6947,84;2441,52
2024-08-31;Norte;Eduardo;Ciro;7002;Smartphone;3;1459,87;1048,11;4379,61;1235,28
2022-02-28;Sudeste;Carlos;Marisa;7002;Smartphone;7;4195,53;2238,71;29368,71;13697,74
2023-10-31;Nordeste;Carlos;Ciro;7002;Smartphone;6;2221,07;1330,74;13326,42;5341,98
2025-08-31;Centro-Oeste;Bruno;Antonia;3003;Placa de Vídeo NVidia;9;1850,93;1101,49;16658,37;6744,96
2025-09-30;Nordeste;Ana;Manoela;3003;Placa de Vídeo NVidia;7;1241,2;880,81;8688,4;2522,73
2022-11-30;Sul;Ana;Ciro;9001;Notebook;3;3014,09;1900,93;9042,27;3339,48
2022-07-31;Centro-Oeste;Fernanda;Ciro;7002;Smartphone;3;1751,35;1206,68;5254,05;1634,01
2024-06-30;Norte;Bruno;João;7002;Smartphone;4;3644,23;1898,63;14576,92;6982,4
2025-09-30;Norte;Eduardo;Antonia;5004;Monitor;8;2442,24;1507,66;19537,92;7476,64
2024-04-30;Nordeste;Eduardo;Felipe;5004;Monitor;4;548,53;340,34;2194,12;832,76
2022-06-30;Sudeste;Bruno;Antonia;9001;Notebook;8;2798,48;2195,44;22387,84;4824,32
2023-04-30;Sul;Ana;João;3003;Placa de Vídeo NVidia;3;3910,04;2411,27;11730,12;4496,31
2022-12-31;Sul;Daniela;Felipe;3003;Placa de Vídeo NVidia;2;4339,6;3069,44;8679,2;2540,32
2023-02-28;Nordeste;Daniela;João;3003;Placa de Vídeo NVidia;9;1712,05;987,2;15408,45;6523,65
2025-03-31;Centro-Oeste;Bruno;Ciro;5004;Monitor;7;3146,0;1800,59;22022,0;9417,87
2025-08-31;Sul;Daniela;Ciro;9001;Notebook;2;1588,39;1164,61;3176,78;847,56
2023-05-31;Norte;Carlos;Felipe;3003;Placa de Vídeo NVidia;4;3111,49;1987,81;12445,96;4494,72
2025-06-30;Centro-Oeste;Ana;Manoela;7002;Smartphone;4;4312,32;2447,95;17249,28;7457,48
2022-01-31;Sudeste;Carlos;João;2006;WebCam 4k;1;3106,33;2029,19;3106,33;1077,14
2023-03-31;Norte;Carlos;Marisa;3003;Placa de Vídeo NVidia;7;604,15;393,29;4229,05;1476,02
2023-05-31;Sul;Ana;João;1005;Headset;2;3727,56;1990,44;7455,12;3474,24
2023-12-31;Nordeste;Daniela;Marisa;2006;WebCam 4k;5;3151,87;1917,53;15759,35;6171,7
2022-11-30;Nordeste;Ana;Ciro;1005;Headset;8;1400,57;919,21;11204,56;3850,88
2023-02-28;Nordeste;Bruno;João;3003;Placa de Vídeo NVidia;9;871,23;580,35;7841,07;2617,92
2023-04-30;Sudeste;Fernanda;Manoela;3003;Placa de Vídeo NVidia;1;1781,76;899,52;1781,76;882,24
2022-01-31;Sul;Ana;Antonia;7002;Smartphone;7;3492,15;2756,32;24445,05;5150,81
2024-03-31;Norte;Bruno;Felipe;5004;Monitor;7;3730,33;2885,37;26112,31;5914,72
2025-08-31;Sul;Ana;Marisa;5004;Monitor;9;1508,18;795,99;13573,62;6409,71
2023-04-30;Sul;Bruno;Marisa;7002;Smartphone;3;3415,86;2344,59;10247,58;3213,81
2024-03-31;Sul;Ana;Ciro;1005;Headset;8;4319,74;2971,96;34557,92;10782,24
2023-06-30;Norte;Fernanda;Felipe;7002;Smartphone;7;4526,29;3109,7;31684,03;9916,13
2023-02-28;Nordeste;Fernanda;Antonia;7002;Smartphone;9;3792,04;2287,43;34128,36;13541,49
2025-02-28;Sudeste;Carlos;Manoela;5004;Monitor;4;4629,44;2842,98;18517,76;7145,84
2022-11-30;Norte;Carlos;Felipe;3003;Placa de Vídeo NVidia;7;3681,63;2188,81;25771,41;10449,74
2022-07-31;Norte;Daniela;Manoela;5004;Monitor;6;4764,79;3791,95;28588,74;5837,04
2025-02-28;Sul;Ana;Marisa;2006;WebCam 4k;6;3920,71;2154,68;23524,26;10596,18
2023-03-31;Norte;Carlos;João;2006;WebCam 4k;5;1489,75;840,02;7448,75;3248,65
2024-08-31;Nordeste;Ana;Marisa;1005;Headset;8;1856,28;1016,38;14850,24;6719,2
2024-03-31;Sul;Ana;Ciro;7002;Smartphone;4;2282,2;1464,9;9128,8;3269,2
2023-08-31;Centro-Oeste;Ana;Marisa;3003;Placa de Vídeo NVidia;7;1232,67;946,44;8628,69;2003,61
2022-10-31;Sul;Daniela;João;3003;Placa de Vídeo NVidia;3;857,94;565,11;2573,82;878,49
2024-11-30;Sul;Ana;Manoela;5004;Monitor;2;1892,29;1010,14;3784,58;1764,3
2022-12-31;Sul;Ana;João;5004;Monitor;3;1608,87;1254,68;4826,61;1062,57
2024-10-31;Sudeste;Bruno;Felipe;1005;Headset;9;4264,56;3178,46;38381,04;9774,9
2024-05-31;Norte;Bruno;Marisa;2006;WebCam 4k;5;3629,12;2857,38;18145,6;3858,7
2022-10-31;Nordeste;Carlos;Manoela;5004;Monitor;5;2687,29;1345,16;13436,45;6710,65
2022-03-31;Norte;Carlos;Felipe;9001;Notebook;3;4778,5;3654,09;14335,5;3373,23
2024-10-31;Sul;Eduardo;Marisa;1005;Headset;2;4533,87;3419,38;9067,74;2228,98
2025-06-30;Norte;Eduardo;Felipe;7002;Smartphone;8;3246,89;2480,93;25975,12;6127,68
2023-11-30;Sul;Daniela;Ciro;3003;Placa de Vídeo NVidia;1;2301,82;1280,44;2301,82;1021,38
2024-06-30;Sudeste;Fernanda;Felipe;3003;Placa de Vídeo NVidia;1;3234,86;1852,42;3234,86;1382,44
2023-07-31;Sudeste;Carlos;João;5004;Monitor;7;1006,66;785,39;7046,62;1548,89
2023-11-30;Sudeste;Eduardo;Manoela;1005;Headset;8;1948,01;1324,17;15584,08;4990,72
2022-04-30;Norte;Ana;Manoela;7002;Smartphone;5;2527,73;1997,84;12638,65;2649,45
2024-04-30;Norte;Daniela;João;7002;Smartphone;4;1736,32;893,1;6945,28;3372,88
2022-05-31;Sul;Carlos;Marisa;9001;Notebook;2;3041,78;1980,63;6083,56;2122,3
2022-11-30;Centro-Oeste;Carlos;Ciro;9001;Notebook;9;2635,45;1525,95;23719,05;9985,5
2024-04-30;Centro-Oeste;Bruno;Manoela;5004;Monitor;7;1298,53;747,6;9089,71;3856,51
2022-08-31;Centro-Oeste;Carlos;Antonia;5004;Monitor;5;1691,58;1326,19;8457,9;1826,95
2024-12-31;Norte;Fernanda;Marisa;3003;Placa de Vídeo NVidia;6;815,18;539,63;4891,08;1653,3
2023-10-31;Sul;Daniela;Antonia;9001;Notebook;9;2331,2;1610,72;20980,8;6484,32
2024-05-31;Norte;Daniela;Ciro;5004;Monitor;9;821,38;582,94;7392,42;2145,96
2024-08-31;Sul;Eduardo;Marisa;5004;Monitor;9;2486,1;1594,59;22374,9;8023,59
2022-06-30;Centro-Oeste;Carlos;Manoela;3003;Placa de Vídeo NVidia;5;2613,84;1985,16;13069,2;3143,4
2023-05-31;Nordeste;Eduardo;Marisa;3003;Placa de Vídeo NVidia;4;3266,42;2565,11;13065,68;2805,24
2025-07-31;Sul;Ana;Manoela;5004;Monitor;6;1904,67;1077,83;11428,02;4961,04
2022-10-31;Centro-Oeste;Eduardo;Ciro;9001;Notebook;8;4504,18;2481,99;36033,44;16177,52
2025-03-31;Nordeste;Eduardo;Antonia;1005;Headset;6;2571,91;1650,97;15431,46;5525,64
2022-01-31;Centro-Oeste;Carlos;João;3003;Placa de Vídeo NVidia;8;4740,8;3694,12;37926,4;8373,44
2025-03-31;Nordeste;Carlos;Manoela;9001;Notebook;3;1472,67;780,89;4418,01;2075,34
2022-09-30;Sudeste;Bruno;Felipe;1005;Headset;7;2275,85;1387,05;15930,95;6221,6
2022-08-31;Sudeste;Ana;Ciro;5004;Monitor;4;2823,57;2041,14;11294,28;3129,72
2024-02-29;Centro-Oeste;Bruno;João;3003;Placa de Vídeo NVidia;4;4709,63;3145,23;18838,52;6257,6
2025-02-28;Norte;Bruno;Ciro;3003;Placa de Vídeo NVidia;1;2510,05;1785,57;2510,05;724,48
2025-04-30;Norte;Bruno;João;3003;Placa de Vídeo NVidia;3;1460,88;791,39;4382,64;2008,47
2024-04-30;Sul;Bruno;Marisa;3003;Placa de Vídeo NVidia;4;2378,37;1480,35;9513,48;3592,08
2022-03-31;Norte;Bruno;Ciro;1005;Headset;3;3407,21;1902,89;10221,63;4512,96
2024-03-31;Nordeste;Fernanda;Ciro;3003;Placa de Vídeo NVidia;8;1101,73;880,54;8813,84;1769,52
2022-08-31;Centro-Oeste;Bruno;Manoela;1005;Headset;6;1730,99;1119,46;10385,94;3669,18
2025-04-30;Sudeste;Daniela;Marisa;1005;Headset;7;2930,46;1547,46;20513,22;9681,0
2025-02-28;Centro-Oeste;Eduardo;Felipe;7002;Smartphone;6;1760,13;1053,8;10560,78;4237,98
2023-07-31;Centro-Oeste;Fernanda;Antonia;9001;Notebook;8;1010,0;714,34;8080,0;2365,28
2025-07-31;Nordeste;Bruno;Antonia;7002;Smartphone;4;3759,56;2026,78;15038,24;6931,12
2022-10-31;Norte;Eduardo;João;5004;Monitor;8;4988,34;3376,01;39906,72;12898,64
2023-08-31;Sul;Fernanda;Felipe;9001;Notebook;9;2395,44;1199,19;21558,96;10766,25
2025-06-30;Sul;Bruno;Marisa;2006;WebCam 4k;5;4152,53;3032,64;20762,65;5599,45
2024-08-31;Sul;Bruno;Antonia;2006;WebCam 4k;3;1885,54;1290,02;5656,62;1786,56
2022-01-31;Norte;Ana;Antonia;5004;Monitor;8;4665,57;3001,25;37324,56;13314,56
2025-09-30;Nordeste;Eduardo;Antonia;3003;Placa de Vídeo NVidia;7;2167,48;1546,2;15172,36;4348,96
2024-12-31;Norte;Carlos;Felipe;5004;Monitor;9;1774,71;1163,94;15972,39;5496,93
2024-05-31;Centro-Oeste;Carlos;Manoela;3003;Placa de Vídeo NVidia;8;3627,52;2501,11;29020,16;9011,28
2024-12-31;Sudeste;Carlos;Antonia;3003;Placa de Vídeo NVidia;9;3116,49;2190,6;28048,41;8333,01
2025-05-31;Norte;Eduardo;Manoela;3003;Placa de Vídeo NVidia;4;1730,35;1181,61;6921,4;2194,96
2022-12-31;Sudeste;Fernanda;Manoela;3003;Placa de Vídeo NVidia;3;4793,23;3726,41;14379,69;3200,46
2023-01-31;Sudeste;Bruno;Marisa;7002;Smartphone;6;769,37;431,34;4616,22;2028,18
2022-10-31;Norte;Bruno;Marisa;7002;Smartphone;6;3279,83;2127,71;19678,98;6912,72
2025-01-31;Sudeste;Fernanda;Felipe;1005;Headset;9;2570,16;1397,83;23131,44;10550,97
2024-09-30;Sudeste;Ana;João;5004;Monitor;8;3821,52;2766,04;30572,16;8443,84
2023-06-30;Centro-Oeste;Daniela;Felipe;9001;Notebook;9;4521,13;2875,38;40690,17;14811,75
2023-08-31;Centro-Oeste;Bruno;Felipe;3003;Placa de Vídeo NVidia;8;1948,01;1272,91;15584,08;5400,8
2022-08-31;Sudeste;Carlos;João;7002;Smartphone;8;3579,85;1950,73;28638,8;13032,96
2024-08-31;Norte;Ana;João;2006;WebCam 4k;1;2468,79;1540,89;2468,79;927,9
2022-02-28;Centro-Oeste;Bruno;Antonia;3003;Placa de Vídeo NVidia;5;854,31;536,85;4271,55;1587,3
2023-11-30;Centro-Oeste;Fernanda;Ciro;9001;Notebook;8;4533,41;3113,26;36267,28;11361,2
2023-01-31;Nordeste;Daniela;João;5004;Monitor;7;3835,14;2540,21;26845,98;9064,51
2024-06-30;Nordeste;Bruno;João;3003;Placa de Vídeo NVidia;2;979,02;678,37;1958,04;601,3
2025-07-31;Sudeste;Fernanda;Manoela;3003;Placa de Vídeo NVidia;9;1321,58;874,4;11894,22;4024,62
2025-07-31;Nordeste;Fernanda;Marisa;7002;Smartphone;7;3941,92;3131,95;27593,44;5669,79
2023-10-31;Norte;Ana;João;7002;Smartphone;7;3415,97;2573,6;23911,79;5896,59
2023-01-31;Nordeste;Bruno;Manoela;2006;WebCam 4k;2;4559,81;3388,21;9119,62;2343,2
2023-05-31;Sudeste;Daniela;Manoela;5004;Monitor;5;627,53;497,62;3137,65;649,55
2025-07-31;Norte;Eduardo;Antonia;1005;Headset;7;3367,72;1842,49;23574,04;10676,61
2022-07-31;Centro-Oeste;Daniela;Ciro;7002;Smartphone;9;620,62;462,64;5585,58;1421,82
2025-08-31;Sul;Bruno;João;7002;Smartphone;4;2697,2;1707,63;10788,8;3958,28
2022-12-31;Norte;Ana;Manoela;9001;Notebook;9;3299,1;1760,95;29691,9;13843,35
2022-09-30;Sudeste;Fernanda;Manoela;3003;Placa de Vídeo NVidia;5;3046,85;1808,51;15234,25;6191,7
2023-11-30;Nordeste;Carlos;Antonia;1005;Headset;2;1727,78;1247,56;3455,56;960,44
2022-05-31;Norte;Eduardo;João;2006;WebCam 4k;6;3083,43;2278,86;18500,58;4827,42
2024-09-30;Nordeste;Ana;Antonia;3003;Placa de Vídeo NVidia;6;1884,03;1361,66;11304,18;3134,22
2022-12-31;Sudeste;Ana;Felipe;7002;Smartphone;3;3575,52;1792,8;10726,56;5348,16
2025-01-31;Centro-Oeste;Carlos;Antonia;2006;WebCam 4k;2;2777,72;1681,36;5555,44;2192,72
2022-05-31;Centro-Oeste;Fernanda;Felipe;1005;Headset;8;1024,66;785,11;8197,28;1916,4
2024-01-31;Sul;Fernanda;João;5004;Monitor;9;4548,21;2840,01;40933,89;15373,8
2025-08-31;Sudeste;Ana;Manoela;5004;Monitor;7;2732,57;1436,15;19127,99;9074,94
2024-01-31;Sudeste;Eduardo;João;5004;Monitor;3;1907,35;1382,52;5722,05;1574,49
2023-11-30;Centro-Oeste;Carlos;Marisa;7002;Smartphone;8;1885,66;1285,54;15085,28;4800,96
2024-03-31;Centro-Oeste;Bruno;Antonia;9001;Notebook;7;2889,51;1880,91;20226,57;7060,2
2024-05-31;Norte;Ana;Antonia;9001;Notebook;9;2031,23;1031,88;18281,07;8994,15
2025-10-31;Sudeste;Carlos;Manoela;9001;Notebook;9;3140,11;1642,53;28260,99;13478,22
2025-03-31;Norte;Ana;Ciro;5004;Monitor;4;2772,06;1604,82;11088,24;4668,96
2024-06-30;Nordeste;Bruno;Antonia;5004;Monitor;3;2577,04;1910,85;7731,12;1998,57
2025-06-30;Nordeste;Daniela;João;1005;Headset;6;1547,22;1189,61;9283,32;2145,66
2024-08-31;Centro-Oeste;Carlos;Manoela;7002;Smartphone;1;1744,99;883,3;1744,99;861,69
2023-08-31;Sul;Ana;Felipe;1005;Headset;8;3932,31;3095,99;31458,48;6690,56
2022-06-30;Nordeste;Daniela;Ciro;7002;Smartphone;4;774,26;495,29;3097,04;1115,88
2025-05-31;Centro-Oeste;Fernanda;Antonia;2006;WebCam 4k;4;3252,11;2384,09;13008,44;3472,08
2024-11-30;Sudeste;Ana;Marisa;3003;Placa de Vídeo NVidia;4;3811,09;2753,09;15244,36;4232,0
2023-03-31;Sul;Carlos;João;1005;Headset;4;4225,56;3039,04;16902,24;4746,08
2023-10-31;Nordeste;Daniela;Manoela;7002;Smartphone;5;926,45;685,14;4632,25;1206,55
2025-08-31;Norte;Fernanda;Felipe;3003;Placa de Vídeo NVidia;2;3278,21;2312,13;6556,42;1932,16
2023-01-31;Sudeste;Fernanda;Marisa;9001;Notebook;9;4553,57;2824,77;40982,13;15559,2
2023-09-30;Nordeste;Ana;Marisa;2006;WebCam 4k;2;3623,67;2288,51;7247,34;2670,32
2024-04-30;Sudeste;Carlos;João;7002;Smartphone;8;2758,33;1403,55;22066,64;10838,24
2023-04-30;Sudeste;Fernanda;Marisa;9001;Notebook;7;2590,19;1676,59;18131,33;6395,2
2023-05-31;Nordeste;Fernanda;João;7002;Smartphone;4;2492,94;1415,21;9971,76;4310,92
2024-09-30;Sudeste;Fernanda;Ciro;9001;Notebook;7;4423,38;3296,96;30963,66;7884,94
2022-03-31;Sudeste;Fernanda;João;7002;Smartphone;3;2867,81;1896,95;8603,43;2912,58
2024-04-30;Nordeste;Fernanda;Ciro;7002;Smartphone;1;1957,93;1189,84;1957,93;768,09
2022-10-31;Centro-Oeste;Eduardo;Ciro;7002;Smartphone;2;1671,9;1257,91;3343,8;827,98
2022-01-31;Sudeste;Fernanda;João;3003;Placa de Vídeo NVidia;4;939,52;541,36;3758,08;1592,64
2025-05-31;Sudeste;Carlos;Ciro;2006;WebCam 4k;8;2616,97;1404,62;20935,76;9698,8
2023-04-30;Sudeste;Fernanda;Ciro;9001;Notebook;2;730,11;552,85;1460,22;354,52
2023-01-31;Sul;Bruno;Felipe;2006;WebCam 4k;7;1889,3;1109,34;13225,1;5459,72
2025-05-31;Nordeste;Bruno;Ciro;1005;Headset;1;4869,19;2847,54;4869,19;2021,65
2024-07-31;Centro-Oeste;Carlos;Felipe;7002;Smartphone;8;3431,68;2502,29;27453,44;7435,12
2023-02-28;Sul;Ana;Marisa;1005;Headset;4;4721,51;3606,7;18886,04;4459,24
2025-03-31;Centro-Oeste;Fernanda;Felipe;9001;Notebook;5;1787,35;961,49;8936,75;4129,3
2025-02-28;Norte;Daniela;Antonia;3003;Placa de Vídeo NVidia;4;693,83;477,1;2775,32;866,92
2023-07-31;Sul;Fernanda;Antonia;3003;Placa de Vídeo NVidia;8;3328,54;1677,38;26628,32;13209,28
2022-02-28;Centro-Oeste;Carlos;Manoela;7002;Smartphone;9;1417,05;1020,87;12753,45;3565,62
2024-12-31;Sul;Bruno;Marisa;5004;Monitor;9;629,05;375,12;5661,45;2285,37
2023-07-31;Norte;Bruno;Ciro;1005;Headset;7;2930,79;2225,27;20515,53;4938,64
2025-06-30;Sul;Fernanda;Ciro;2006;WebCam 4k;5;1828,36;1332,37;9141,8;2479,95
2023-09-30;Nordeste;Ana;João;1005;Headset;8;1396,06;717,85;11168,48;5425,68
2022-08-31;Nordeste;Ana;Ciro;3003;Placa de Vídeo NVidia;4;2834,64;2215,51;11338,56;2476,52
2022-12-31;Nordeste;Eduardo;Ciro;7002;Smartphone;4;4885,44;3326,23;19541,76;6236,84
2023-01-31;Sudeste;Ana;Marisa;5004;Monitor;2;3245,94;2240,87;6491,88;2010,14
2025-05-31;Centro-Oeste;Eduardo;Felipe;3003;Placa de Vídeo NVidia;4;1097,43;584,91;4389,72;2050,08
2024-09-30;Centro-Oeste;Ana;Ciro;1005;Headset;7;4985,54;2999,53;34898,78;13902,07
2024-09-30;Centro-Oeste;Bruno;Ciro;2006;WebCam 4k;6;4337,93;2475,6;26027,58;11173,98
2024-06-30;Nordeste;Eduardo;Felipe;9001;Notebook;1;898,88;589,38;898,88;309,5
2024-07-31;Nordeste;Fernanda;Marisa;1005;Headset;8;894,51;565,28;7156,08;2633,84
2025-04-30;Centro-Oeste;Bruno;João;3003;Placa de Vídeo NVidia;2;3826,73;2256,52;7653,46;3140,42
2024-06-30;Sul;Bruno;Ciro;5004;Monitor;1;2222,8;1279,98;2222,8;942,82
2023-09-30;Nordeste;Eduardo;Ciro;7002;Smartphone;2;2159,3;1125,82;4318,6;2066,96
2025-08-31;Nordeste;Carlos;Manoela;9001;Notebook;8;4547,1;3521,53;36376,8;8204,56
2025-02-28;Sudeste;Bruno;Marisa;2006;WebCam 4k;9;609,96;481,32;5489,64;1157,76
2025-06-30;Sul;Daniela;Manoela;7002;Smartphone;3;2857,21;2067,51;8571,63;2369,1
2024-03-31;Centro-Oeste;Bruno;Marisa;9001;Notebook;2;4790,35;2762,49;9580,7;4055,72
2023-07-31;Sul;Bruno;Felipe;1005;Headset;6;1148,46;887,25;6890,76;1567,26
2024-11-30;Nordeste;Ana;Ciro;1005;Headset;9;517,69;354,02;4659,21;1473,03
2022-03-31;Nordeste;Bruno;Ciro;9001;Notebook;9;2853,11;2224,81;25677,99;5654,7
2023-12-31;Centro-Oeste;Bruno;Manoela;3003;Placa de Vídeo NVidia;6;2034,03;1412,37;12204,18;3729,96
2025-03-31;Norte;Eduardo;Ciro;5004;Monitor;4;3494,92;2211,29;13979,68;5134,52
2024-05-31;Sudeste;Fernanda;Antonia;9001;Notebook;1;4638,07;2557,41;4638,07;2080,66
2022-02-28;Sudeste;Ana;Marisa;1005;Headset;4;1050,66;836,41;4202,64;857,0
2024-01-31;Centro-Oeste;Bruno;Marisa;9001;Notebook;3;4496,62;3234,16;13489,86;3787,38
2023-03-31;Sul;Carlos;Manoela;2006;WebCam 4k;1;3500,7;1808,8;3500,7;1691,9
2022-09-30;Sul;Bruno;Manoela;2006;WebCam 4k;8;3564,41;2270,59;28515,28;10350,56
2024-09-30;Norte;Daniela;Manoela;7002;Smartphone;5;3841,68;3053,73;19208,4;3939,75
2022-12-31;Sul;Daniela;Antonia;5004;Monitor;2;4080,43;2213,15;8160,86;3734,56
2023-04-30;Centro-Oeste;Bruno;Marisa;7002;Smartphone;9;3510,93;2189,82;31598,37;11889,99
2023-11-30;Centro-Oeste;Carlos;Antonia;5004;Monitor;6;3261,12;1697,95;19566,72;9379,02
2024-08-31;Sul;Bruno;Antonia;2006;WebCam 4k;9;2894,1;1965,57;26046,9;8356,77
2022-11-30;Sudeste;Daniela;Antonia;3003;Placa de Vídeo NVidia;7;3799,94;2000,15;26599,58;12598,53
2024-09-30;Sudeste;Bruno;Antonia;1005;Headset;9;773,59;583,81;6962,31;1708,02
2025-08-31;Centro-Oeste;Daniela;Ciro;1005;Headset;5;4784,96;3412,14;23924,8;6864,1
2023-10-31;Sudeste;Daniela;Felipe;1005;Headset;3;1535,97;791,74;4607,91;2232,69
2024-07-31;Norte;Ana;Antonia;5004;Monitor;5;4575,13;3021,46;22875,65;7768,35
2023-04-30;Norte;Daniela;João;5004;Monitor;4;3116,22;2323,98;12464,88;3168,96
2024-08-31;Sudeste;Ana;Antonia;2006;WebCam 4k;5;2373,47;1447,71;11867,35;4628,8
2022-09-30;Centro-Oeste;Ana;João;3003;Placa de Vídeo NVidia;6;900,37;580,89;5402,22;1916,88
2022-09-30;Sul;Daniela;João;5004;Monitor;1;1888,75;1066,89;1888,75;821,86
2024-07-31;Norte;Bruno;Antonia;2006;WebCam 4k;7;1499,96;1174,75;10499,72;2276,47
2023-09-30;Sudeste;Carlos;Manoela;2006;WebCam 4k;5;4872,73;3443,99;24363,65;7143,7
2023-05-31;Sudeste;Bruno;João;2006;WebCam 4k;1;4223,33;2601,0;4223,33;1622,33
2025-09-30;Nordeste;Fernanda;Marisa;9001;Notebook;6;1284,92;866,22;7709,52;2512,2
2025-08-31;Norte;Carlos;Antonia;5004;Monitor;2;2363,92;1385,94;4727,84;1955,96
2024-09-30;Sudeste;Fernanda;João;9001;Notebook;7;4241,72;3205,09;29692,04;7256,41
2022-08-31;Sul;Ana;Marisa;9001;Notebook;4;4959,0;2675,62;19836,0;9133,52
2025-09-30;Centro-Oeste;Carlos;Ciro;9001;Notebook;2;1531,35;979,81;3062,7;1103,08
2024-11-30;Nordeste;Eduardo;Manoela;1005;Headset;2;4072,02;3155,39;8144,04;1833,26
2023-08-31;Centro-Oeste;Daniela;Marisa;2006;WebCam 4k;5;1262,2;984,77;6311,0;1387,15
2025-10-31;Sudeste;Ana;Ciro;5004;Monitor;5;611,58;439,31;3057,9;861,35
2025-09-30;Sul;Eduardo;Marisa;3003;Placa de Vídeo NVidia;4;2289,19;1310,01;9156,76;3916,72
2024-05-31;Sul;Carlos;Felipe;7002;Smartphone;1;3825,17;2714,7;3825,17;1110,47
2023-03-31;Norte;Fernanda;Antonia;9001;Notebook;7;1364,42;876,6;9550,94;3414,74
2022-08-31;Centro-Oeste;Daniela;Ciro;9001;Notebook;7;3150,98;2013,89;22056,86;7959,63
2025-02-28;Nordeste;Carlos;Antonia;3003;Placa de Vídeo NVidia;4;3786,14;2770,0;15144,56;4064,56
2025-07-31;Sudeste;Carlos;Antonia;2006;WebCam 4k;1;3297,13;1741,32;3297,13;1555,81
2025-08-31;Sudeste;Daniela;Antonia;2006;WebCam 4k;6;2431,66;1652,82;14589,96;4673,04
2023-04-30;Centro-Oeste;Daniela;Marisa;3003;Placa de Vídeo NVidia;8;3274,07;2439,53;26192,56;6676,32
2025-06-30;Sudeste;Ana;Marisa;2006;WebCam 4k;2;1456,36;980,09;2912,72;952,54
2022-10-31;Centro-Oeste;Eduardo;Manoela;3003;Placa de Vídeo NVidia;5;3828,54;2769,84;19142,7;5293,5
2023-02-28;Sudeste;Bruno;Manoela;5004;Monitor;6;3051,28;2241,49;18307,68;4858,74
2025-02-28;Nordeste;Carlos;Ciro;1005;Headset;8;4376,37;2305,88;35010,96;16563,92
2023-04-30;Centro-Oeste;Fernanda;Felipe;3003;Placa de Vídeo NVidia;9;1340,66;822,49;12065,94;4663,53
2025-07-31;Sul;Daniela;Ciro;2006;WebCam 4k;7;1543,42;1035,91;10803,94;3552,57
2022-05-31;Sudeste;Ana;Felipe;3003;Placa de Vídeo NVidia;2;562,95;369,83;1125,9;386,24
2023-10-31;Norte;Eduardo;João;5004;Monitor;2;1859,92;1468,17;3719,84;783,5
2023-10-31;Nordeste;Bruno;Ciro;7002;Smartphone;6;4239,44;3151,88;25436,64;6525,36
2024-06-30;Norte;Daniela;Felipe;2006;WebCam 4k;5;2488,88;1409,13;12444,4;5398,75
2023-05-31;Sul;Bruno;Felipe;7002;Smartphone;9;2920,1;1740,37;26280,9;10617,57
2024-11-30;Sul;Carlos;João;7002;Smartphone;7;1655,9;1185,47;11591,3;3293,01
2023-09-30;Nordeste;Bruno;Marisa;7002;Smartphone;9;2785,5;2123,69;25069,5;5956,29
2024-11-30;Nordeste;Eduardo;Manoela;9001;Notebook;2;2223,07;1679,4;4446,14;1087,34
2023-03-31;Sul;Ana;João;1005;Headset;5;1810,86;1132,79;9054,3;3390,35
2022-01-31;Sul;Bruno;João;3003;Placa de Vídeo NVidia;2;2899,87;1986,42;5799,74;1826,9
2022-08-31;Sul;Eduardo;Manoela;1005;Headset;3;1888,15;1297,45;5664,45;1772,1
2025-05-31;Norte;Fernanda;Marisa;7002;Smartphone;4;2931,04;1894,1;11724,16;4147,76
2024-05-31;Nordeste;Daniela;João;2006;WebCam 4k;9;4178,74;2852,53;37608,66;11935,89
2024-03-31;Nordeste;Daniela;Ciro;1005;Headset;1;2228,46;1569,56;2228,46;658,9
2024-09-30;Sul;Fernanda;Marisa;1005;Headset;1;1421,49;1013,28;1421,49;408,21
2022-11-30;Sul;Eduardo;Ciro;3003;Placa de Vídeo NVidia;9;4826,86;3397,91;43441,74;12860,55
2022-10-31;Sudeste;Eduardo;Marisa;2006;WebCam 4k;6;2753,75;1584,22;16522,5;7017,18
2023-05-31;Nordeste;Daniela;Felipe;7002;Smartphone;7;606,12;475,93;4242,84;911,33
2024-03-31;Sudeste;Ana;João;1005;Headset;8;1764,15;1020,7;14113,2;5947,6
2025-08-31;Sudeste;Eduardo;Marisa;9001;Notebook;6;2847,3;1573,24;17083,8;7644,36
2023-12-31;Norte;Carlos;Marisa;3003;Placa de Vídeo NVidia;2;1602,68;954,68;3205,36;1296,0
2023-04-30;Centro-Oeste;Ana;Marisa;7002;Smartphone;3;2440,26;1910,8;7320,78;1588,38
2024-06-30;Nordeste;Eduardo;Antonia;5004;Monitor;8;4933,95;3936,97;39471,6;7975,84
2024-12-31;Nordeste;Bruno;João;2006;WebCam 4k;7;2589,61;1903,08;18127,27;4805,71
2025-09-30;Sul;Carlos;João;2006;WebCam 4k;2;2856,15;2199,28;5712,3;1313,74
2025-06-30;Norte;Ana;Ciro;5004;Monitor;8;1853,48;1427,43;14827,84;3408,4
2023-12-31;Sudeste;Eduardo;Ciro;7002;Smartphone;6;3230,66;2223,48;19383,96;6043,08
2022-08-31;Centro-Oeste;Fernanda;Marisa;2006;WebCam 4k;5;3391,05;2338,42;16955,25;5263,15
2022-03-31;Centro-Oeste;Fernanda;Felipe;2006;WebCam 4k;4;1859,55;951,18;7438,2;3633,48
2023-09-30;Norte;Eduardo;Ciro;9001;Notebook;1;4742,04;3294,92;4742,04;1447,12
2022-01-31;Nordeste;Eduardo;João;5004;Monitor;4;751,74;565,06;3006,96;746,72
2024-10-31;Norte;Eduardo;Marisa;5004;Monitor;9;3337,37;2374,47;30036,33;8666,1
2022-02-28;Sudeste;Ana;Manoela;7002;Smartphone;1;3879,55;3001,41;3879,55;878,14
2023-09-30;Centro-Oeste;Eduardo;Manoela;7002;Smartphone;7;3648,32;2283,82;25538,24;9551,5
2023-01-31;Sudeste;Ana;Ciro;1005;Headset;2;1588,48;1085,67;3176,96;1005,62
2025-01-31;Sudeste;Bruno;Marisa;3003;Placa de Vídeo NVidia;8;1508,66;1158,63;12069,28;2800,24
2022-04-30;Centro-Oeste;Fernanda;Marisa;5004;Monitor;4;3401,5;2715,97;13606,0;2742,12
2023-05-31;Sudeste;Bruno;Ciro;9001;Notebook;3;3934,76;2210,28;11804,28;5173,44
2022-01-31;Centro-Oeste;Bruno;Ciro;1005;Headset;2;4072,84;3225,56;8145,68;1694,56
2024-12-31;Centro-Oeste;Daniela;Ciro;1005;Headset;9;768,92;508,49;6920,28;2343,87
2025-03-31;Sul;Daniela;Ciro;1005;Headset;5;2550,46;1757,95;12752,3;3962,55
2024-12-31;Sul;Ana;Antonia;1005;Headset;1;1527,28;1157,77;1527,28;369,51
2025-02-28;Norte;Bruno;Manoela;7002;Smartphone;7;1319,33;779,63;9235,31;3777,9
2022-05-31;Nordeste;Carlos;Felipe;5004;Monitor;2;2925,79;2319,37;5851,58;1212,84
2025-04-30;Sul;Ana;Antonia;3003;Placa de Vídeo NVidia;3;824,67;557,33;2474,01;802,02
2024-06-30;Norte;Bruno;Antonia;7002;Smartphone;7;4118,61;3104,07;28830,27;7101,78
2023-12-31;Sul;Fernanda;Ciro;9001;Notebook;6;2972,25;2023,47;17833,5;5692,68
2022-07-31;Sudeste;Fernanda;João;7002;Smartphone;8;3793,73;2749,51;30349,84;8353,76
2023-03-31;Sudeste;Ana;Manoela;1005;Headset;7;1874,35;1478,38;13120,45;2771,79
2022-08-31;Sudeste;Carlos;Manoela;7002;Smartphone;4;3721,84;2588,71;14887,36;4532,52
2022-02-28;Norte;Carlos;Antonia;2006;WebCam 4k;2;632,32;475,08;1264,64;314,48
2023-12-31;Norte;Carlos;João;2006;WebCam 4k;5;1376,17;1074,83;6880,85;1506,7
2023-03-31;Sul;Ana;Manoela;7002;Smartphone;4;3080,18;2345,51;12320,72;2938,68
2024-02-29;Sudeste;Ana;Felipe;7002;Smartphone;4;1563,6;888,11;6254,4;2701,96
2022-01-31;Sudeste;Fernanda;Marisa;3003;Placa de Vídeo NVidia;1;3656,29;2247,17;3656,29;1409,12
2022-10-31;Centro-Oeste;Eduardo;Manoela;9001;Notebook;3;4739,44;2860,98;14218,32;5635,38
2022-08-31;Norte;Daniela;Antonia;3003;Placa de Vídeo NVidia;3;1597,55;1089,59;4792,65;1523,88
2023-04-30;Centro-Oeste;Fernanda;Ciro;2006;WebCam 4k;1;4464,92;2921,9;4464,92;1543,02
2025-10-31;Centro-Oeste;Fernanda;João;9001;Notebook;8;1779,94;1260,04;14239,52;4159,2
2023-05-31;Sul;Bruno;Antonia;3003;Placa de Vídeo NVidia;1;2694,75;1684,88;2694,75;1009,87
2022-09-30;Sul;Bruno;Marisa;7002;Smartphone;4;1954,58;1017,71;7818,32;3747,48
2023-04-30;Centro-Oeste;Carlos;Antonia;2006;WebCam 4k;6;1341,43;1025,02;8048,58;1898,46
2024-04-30;Centro-Oeste;Ana;Manoela;9001;Notebook;4;3319,72;2109,06;13278,88;4842,64
2022-10-31;Nordeste;Bruno;João;7002;Smartphone;4;1443,14;876,33;5772,56;2267,24
2024-01-31;Sudeste;Bruno;João;3003;Placa de Vídeo NVidia;4;4423,35;3107,25;17693,4;5264,4
2022-11-30;Sudeste;Ana;João;7002;Smartphone;2;704,88;441,22;1409,76;527,32
2025-04-30;Norte;Fernanda;Manoela;7002;Smartphone;5;3511,51;2589,19;17557,55;4611,6
2025-07-31;Centro-Oeste;Eduardo;Felipe;2006;WebCam 4k;1;4692,09;2741,26;4692,09;1950,83
2024-02-29;Norte;Eduardo;Ciro;3003;Placa de Vídeo NVidia;8;2283,21;1731,99;18265,68;4409,76
2022-11-30;Norte;Carlos;João;7002;Smartphone;2;4603,08;2800,52;9206,16;3605,12
2022-07-31;Norte;Carlos;Manoela;3003;Placa de Vídeo NVidia;4;3971,05;2894,37;15884,2;4306,72
2023-05-31;Sul;Daniela;Antonia;7002;Smartphone;3;4861,27;3887,2;14583,81;2922,21
2023-06-30;Sul;Daniela;João;1005;Headset;7;2304,9;1300,52;16134,3;7030,66
2023-11-30;Centro-Oeste;Fernanda;Felipe;2006;WebCam 4k;3;764,54;517,65;2293,62;740,67
2022-08-31;Sul;Ana;Ciro;3003;Placa de Vídeo NVidia;5;2264,1;1255,98;11320,5;5040,6
2025-06-30;Sul;Eduardo;Antonia;2006;WebCam 4k;8;4738,15;3163,05;37905,2;12600,8
2022-01-31;Sul;Fernanda;Antonia;5004;Monitor;3;697,91;441,77;2093,73;768,42
2024-12-31;Centro-Oeste;Ana;João;3003;Placa de Vídeo NVidia;8;3745,41;2740,61;29963,28;8038,4
2023-09-30;Nordeste;Ana;Antonia;2006;WebCam 4k;6;3371,41;1732,87;20228,46;9831,24
2025-03-31;Sul;Eduardo;Antonia;3003;Placa de Vídeo NVidia;1;1947,54;1414,99;1947,54;532,55
2025-02-28;Sudeste;Carlos;Felipe;1005;Headset;3;2371,32;1379,9;7113,96;2974,26
2024-06-30;Nordeste;Daniela;Ciro;1005;Headset;8;1288,79;736,76;10310,32;4416,24
2023-05-31;Norte;Eduardo;Manoela;3003;Placa de Vídeo NVidia;1;2108,59;1151,95;2108,59;956,64
2022-08-31;Centro-Oeste;Carlos;Felipe;7002;Smartphone;4;4813,11;3234,5;19252,44;6314,44
2022-08-31;Sul;Carlos;João;5004;Monitor;1;1995,22;1266,75;1995,22;728,47
2025-02-28;Nordeste;Carlos;Felipe;2006;WebCam 4k;4;4315,98;2404,79;17263,92;7644,76
2022-04-30;Sudeste;Eduardo;Ciro;5004;Monitor;5;4876,27;3327,22;24381,35;7745,25
2023-05-31;Nordeste;Fernanda;Marisa;1005;Headset;5;4733,65;2915,49;23668,25;9090,8
2022-11-30;Sul;Bruno;Manoela;7002;Smartphone;8;1104,48;877,49;8835,84;1815,92
2024-01-31;Sul;Bruno;João;2006;WebCam 4k;3;1967,5;1375,97;5902,5;1774,59
2024-03-31;Sul;Carlos;Felipe;7002;Smartphone;6;1866,41;1346,98;11198,46;3116,58
2024-09-30;Norte;Eduardo;Antonia;2006;WebCam 4k;5;3557,17;2671,76;17785,85;4427,05
2023-05-31;Sul;Ana;Antonia;5004;Monitor;2;3941,97;2574,01;7883,94;2735,92
2025-08-31;Sul;Carlos;Felipe;3003;Placa de Vídeo NVidia;2;4102,37;2502,03;8204,74;3200,68
2024-02-29;Norte;Daniela;Marisa;9001;Notebook;7;1261,26;889,89;8828,82;2599,59
2023-11-30;Norte;Eduardo;Marisa;5004;Monitor;9;3970,32;3020,28;35732,88;8550,36
2025-08-31;Sudeste;Carlos;Manoela;3003;Placa de Vídeo NVidia;9;1256,27;713,35;11306,43;4886,28
2024-06-30;Norte;Carlos;Antonia;5004;Monitor;1;3436,85;2333,9;3436,85;1102,95
2025-02-28;Centro-Oeste;Eduardo;Ciro;2006;WebCam 4k;3;2440,41;1697,87;7321,23;2227,62
2022-06-30;Norte;Fernanda;Marisa;1005;Headset;5;4936,33;2912,88;24681,65;10117,25
2025-07-31;Centro-Oeste;Carlos;Marisa;9001;Notebook;8;4701,97;2745,88;37615,76;15648,72
2022-01-31;Sul;Bruno;Manoela;9001;Notebook;6;3813,75;2074,38;22882,5;10436,22
2024-11-30;Nordeste;Eduardo;Manoela;1005;Headset;6;1405,78;777,4;8434,68;3770,28
2022-01-31;Sul;Daniela;Ciro;2006;WebCam 4k;2;657,46;440,1;1314,92;434,72
2023-06-30;Sul;Daniela;Ciro;3003;Placa de Vídeo NVidia;7;3466,92;2263,77;24268,44;8422,05
2022-02-28;Nordeste;Eduardo;Marisa;2006;WebCam 4k;8;2562,53;1467,17;20500,24;8762,88
2022-09-30;Centro-Oeste;Eduardo;Felipe;3003;Placa de Vídeo NVidia;5;3343,92;1857,92;16719,6;7430,0
2022-03-31;Sul;Bruno;Antonia;2006;WebCam 4k;7;3473,81;2542,99;24316,67;6515,74
2024-09-30;Nordeste;Ana;Felipe;9001;Notebook;8;3002,35;1759,52;24018,8;9942,64
2022-09-30;Sul;Daniela;Ciro;9001;Notebook;8;4505,29;2691,17;36042,32;14512,96
2024-08-31;Norte;Eduardo;João;3003;Placa de Vídeo NVidia;2;4699,67;3077,74;9399,34;3243,86
2022-05-31;Sul;Eduardo;Marisa;5004;Monitor;2;852,84;669,59;1705,68;366,5
2024-05-31;Centro-Oeste;Fernanda;Manoela;9001;Notebook;2;1247,05;703,58;2494,1;1086,94
2022-05-31;Centro-Oeste;Fernanda;João;9001;Notebook;5;4017,44;2187,0;20087,2;9152,2
2023-05-31;Sudeste;Ana;Felipe;1005;Headset;5;4136,44;2720,57;20682,2;7079,35
2024-09-30;Sul;Eduardo;Felipe;2006;WebCam 4k;4;1512,88;1077,33;6051,52;1742,2
2023-07-31;Norte;Bruno;Felipe;1005;Headset;8;1300,72;661,64;10405,76;5112,64
2023-05-31;Sul;Ana;Antonia;2006;WebCam 4k;1;2972,16;2071,19;2972,16;900,97
2022-06-30;Sudeste;Daniela;Marisa;1005;Headset;7;4334,24;2496,22;30339,68;12866,14
2025-04-30;Norte;Fernanda;Marisa;7002;Smartphone;9;1156,4;589,64;10407,6;5100,84
2024-04-30;Sul;Ana;Manoela;1005;Headset;8;765,64;428,86;6125,12;2694,24
2023-01-31;Sudeste;Carlos;Ciro;2006;WebCam 4k;7;4190,85;2264,61;29335,95;13483,68
2022-09-30;Centro-Oeste;Eduardo;Felipe;2006;WebCam 4k;3;4841,46;3154,82;14524,38;5059,92
2023-10-31;Norte;Carlos;Marisa;1005;Headset;9;4837,14;3206,05;43534,26;14679,81
2022-11-30;Sudeste;Ana;Ciro;1005;Headset;7;958,42;689,49;6708,94;1882,51
2025-03-31;Centro-Oeste;Daniela;Ciro;1005;Headset;3;2266,75;1155,36;6800,25;3334,17
2023-11-30;Centro-Oeste;Daniela;Antonia;2006;WebCam 4k;8;3280,03;2583,38;26240,24;5573,2
2023-08-31;Sudeste;Carlos;Marisa;3003;Placa de Vídeo NVidia;9;2407,23;1316,87;21665,07;9813,24
2022-10-31;Sudeste;Carlos;Antonia;3003;Placa de Vídeo NVidia;6;4597,71;2572,4;27586,26;12151,86
2024-03-31;Centro-Oeste;Fernanda;Antonia;9001;Notebook;4;3658,2;2736,03;14632,8;3688,68
2025-05-31;Norte;Ana;Ciro;2006;WebCam 4k;1;2742,65;1781,7;2742,65;960,95
2025-04-30;Norte;Carlos;Marisa;1005;Headset;9;3432,48;2138,47;30892,32;11646,09
2025-05-31;Norte;Daniela;João;7002;Smartphone;3;3947,91;2220,98;11843,73;5180,79
2022-03-31;Norte;Eduardo;Ciro;9001;Notebook;4;756,91;535,08;3027,64;887,32
2024-05-31;Nordeste;Daniela;Felipe;2006;WebCam 4k;8;2174,09;1277,67;17392,72;7171,36
2025-05-31;Sudeste;Carlos;Marisa;5004;Monitor;6;2139,03;1607,24;12834,18;3190,74
2023-02-28;Centro-Oeste;Bruno;Ciro;7002;Smartphone;8;3489,81;2298,09;27918,48;9533,76
2022-01-31;Nordeste;Fernanda;Ciro;3003;Placa de Vídeo NVidia;2;3860,77;2739,02;7721,54;2243,5
2025-02-28;Nordeste;Daniela;João;9001;Notebook;3;3639,57;2042,4;10918,71;4791,51
2022-11-30;Sudeste;Carlos;João;7002;Smartphone;1;1822,79;931,28;1822,79;891,51
2024-12-31;Norte;Fernanda;Marisa;9001;Notebook;3;878,07;489,01;2634,21;1167,18
2022-03-31;Sudeste;Daniela;Felipe;5004;Monitor;1;1732,87;1046,73;1732,87;686,14
2025-08-31;Nordeste;Fernanda;Felipe;2006;WebCam 4k;3;3793,39;2280,77;11380,17;4537,86
2024-11-30;Sul;Ana;Marisa;7002;Smartphone;2;3125,26;2085,18;6250,52;2080,16
2022-04-30;Centro-Oeste;Fernanda;Marisa;1005;Headset;2;3987,52;3151,4;7975,04;1672,24
2024-12-31;Sul;Eduardo;João;3003;Placa de Vídeo NVidia;8;1530,99;877,86;12247,92;5225,04
2025-09-30;Sudeste;Bruno;Manoela;2006;WebCam 4k;5;2687,58;2121,46;13437,9;2830,6
2022-06-30;Sul;Bruno;Manoela;5004;Monitor;6;3351,45;2455,64;20108,7;5374,86
2024-12-31;Sudeste;Eduardo;Felipe;9001;Notebook;3;4492,03;2693,47;13476,09;5395,68
2025-09-30;Sul;Bruno;Marisa;7002;Smartphone;6;544,17;344,44;3265,02;1198,38
2025-09-30;Sudeste;Fernanda;Antonia;9001;Notebook;9;1918,68;1131,28;17268,12;7086,6
2023-04-30;Sudeste;Daniela;João;9001;Notebook;2;2871,88;1982,57;5743,76;1778,62
2024-10-31;Centro-Oeste;Daniela;Marisa;5004;Monitor;7;4524,85;2461,5;31673,95;14443,45
2023-10-31;Sul;Ana;Felipe;1005;Headset;3;3353,29;2486,39;10059,87;2600,7
2022-03-31;Sul;Fernanda;Marisa;9001;Notebook;1;1491,51;1095,79;1491,51;395,72
2024-03-31;Norte;Fernanda;Marisa;9001;Notebook;1;3604,76;2530,27;3604,76;1074,49
2022-03-31;Sudeste;Bruno;João;9001;Notebook;2;4239,12;2413,56;8478,24;3651,12
2023-02-28;Sul;Ana;Antonia;7002;Smartphone;8;2614,93;1563,4;20919,44;8412,24
2025-03-31;Norte;Ana;Felipe;7002;Smartphone;2;902,92;582,31;1805,84;641,22
2023-11-30;Sul;Daniela;Antonia;9001;Notebook;1;902,81;627,74;902,81;275,07
2023-06-30;Norte;Bruno;Marisa;9001;Notebook;2;3412,31;2589,22;6824,62;1646,18
2025-10-31;Centro-Oeste;Carlos;Manoela;5004;Monitor;6;2304,34;1372,0;13826,04;5594,04
2022-10-31;Centro-Oeste;Carlos;Manoela;2006;WebCam 4k;5;2830,95;1991,75;14154,75;4196,0
2025-07-31;Centro-Oeste;Eduardo;João;3003;Placa de Vídeo NVidia;3;2149,54;1502,95;6448,62;1939,77
2022-12-31;Centro-Oeste;Carlos;Manoela;7002;Smartphone;7;1118,05;772,13;7826,35;2421,44
2022-06-30;Centro-Oeste;Carlos;Antonia;9001;Notebook;7;971,86;749,15;6803,02;1558,97
2022-10-31;Sudeste;Fernanda;João;5004;Monitor;7;4756,16;2550,98;33293,12;15436,26
2023-03-31;Norte;Daniela;Antonia;2006;WebCam 4k;8;661,22;489,11;5289,76;1376,88
2023-08-31;Sul;Eduardo;Felipe;5004;Monitor;9;3529,13;2505,32;31762,17;9214,29
2023-07-31;Centro-Oeste;Eduardo;Antonia;9001;Notebook;6;4036,6;2364,76;24219,6;10031,04
2022-03-31;Nordeste;Bruno;Antonia;2006;WebCam 4k;7;630,33;416,6;4412,31;1496,11
2025-03-31;Centro-Oeste;Carlos;João;3003;Placa de Vídeo NVidia;4;2753,63;2133,96;11014,52;2478,68
2024-03-31;Norte;Fernanda;Marisa;9001;Notebook;3;2993,65;1768,51;8980,95;3675,42
2024-10-31;Sudeste;Eduardo;Ciro;7002;Smartphone;6;2976,26;1902,77;17857,56;6440,94
2025-02-28;Sul;Eduardo;João;3003;Placa de Vídeo NVidia;1;2665,46;1374,21;2665,46;1291,25
2023-05-31;Norte;Eduardo;João;7002;Smartphone;1;2124,9;1219,03;2124,9;905,87
2022-02-28;Sul;Daniela;Manoela;2006;WebCam 4k;6;853,09;631,01;5118,54;1332,48
2024-12-31;Nordeste;Bruno;Antonia;3003;Placa de Vídeo NVidia;3;3178,6;1962,54;9535,8;3648,18
2023-08-31;Sul;Carlos;João;7002;Smartphone;2;3678,13;2605,12;7356,26;2146,02
2024-05-31;Sul;Ana;Marisa;1005;Headset;1;4256,66;2388,7;4256,66;1867,96
2022-01-31;Sudeste;Ana;Manoela;1005;Headset;9;3725,99;2298,61;33533,91;12846,42
2024-08-31;Centro-Oeste;Bruno;João;5004;Monitor;3;4623,49;2981,35;13870,47;4926,42
2023-10-31;Nordeste;Ana;João;2006;WebCam 4k;5;1958,63;1092,54;9793,15;4330,45
2022-07-31;Centro-Oeste;Fernanda;Antonia;7002;Smartphone;4;1727,58;868,25;6910,32;3437,32
2022-06-30;Nordeste;Eduardo;João;9001;Notebook;7;4517,54;3434,5;31622,78;7581,28
2023-08-31;Centro-Oeste;Carlos;Ciro;2006;WebCam 4k;9;4547,88;3562,83;40930,92;8865,45
2023-05-31;Sudeste;Bruno;Ciro;5004;Monitor;8;2137,47;1414,45;17099,76;5784,16
2024-03-31;Centro-Oeste;Daniela;Antonia;1005;Headset;6;4861,15;2824,55;29166,9;12219,6
2023-08-31;Sul;Daniela;João;5004;Monitor;9;2012,66;1425,65;18113,94;5283,09
2024-03-31;Nordeste;Daniela;Antonia;9001;Notebook;4;4050,21;2285,66;16200,84;7058,2
2023-04-30;Nordeste;Carlos;Antonia;2006;WebCam 4k;7;2529,97;1697,96;17709,79;5824,07
2025-06-30;Centro-Oeste;Bruno;Ciro;7002;Smartphone;3;3333,04;2585,66;9999,12;2242,14
2024-06-30;Nordeste;Eduardo;Antonia;9001;Notebook;1;2607,1;1746,36;2607,1;860,74
2024-10-31;Norte;Eduardo;Ciro;1005;Headset;7;1835,25;1079,51;12846,75;5290,18
2025-03-31;Sul;Carlos;Marisa;7002;Smartphone;4;3147,38;2377,7;12589,52;3078,72
2024-07-31;Sul;Ana;Marisa;7002;Smartphone;2;1776,61;1163,45;3553,22;1226,32
2024-12-31;Sudeste;Fernanda;João;7002;Smartphone;2;3212,47;2436,04;6424,94;1552,86
2024-07-31;Sudeste;Fernanda;Ciro;7002;Smartphone;8;1759,6;1289,31;14076,8;3762,32
2025-10-31;Sul;Bruno;Manoela;7002;Smartphone;3;1831,93;1297,01;5495,79;1604,76
2022-10-31;Centro-Oeste;Daniela;Antonia;3003;Placa de Vídeo NVidia;4;3762,74;2577,26;15050,96;4741,92
2024-07-31;Sudeste;Ana;Marisa;2006;WebCam 4k;3;1833,86;1343,73;5501,58;1470,39
2022-08-31;Nordeste;Bruno;João;1005;Headset;3;2198,55;1648,53;6595,65;1650,06
2022-06-30;Sul;Fernanda;João;1005;Headset;7;4167,99;3067,54;29175,93;7703,15
2024-11-30;Sudeste;Bruno;Antonia;9001;Notebook;8;1884,63;1133,7;15077,04;6007,44
2023-09-30;Nordeste;Daniela;Antonia;2006;WebCam 4k;3;2429,94;1593,2;7289,82;2510,22
2025-06-30;Norte;Bruno;Antonia;7002;Smartphone;9;1999,52;1169,43;17995,68;7470,81
2024-04-30;Sudeste;Carlos;Felipe;5004;Monitor;3;2291,81;1429,07;6875,43;2588,22
2024-02-29;Sudeste;Ana;Marisa;7002;Smartphone;4;3099,98;1918,3;12399,92;4726,72
2023-10-31;Sul;Carlos;Marisa;7002;Smartphone;6;4295,11;2969,46;25770,66;7953,9
2023-07-31;Norte;Carlos;João;2006;WebCam 4k;2;545,0;317,99;1090,0;454,02
2022-08-31;Nordeste;Bruno;Ciro;1005;Headset;7;2817,98;2207,64;19725,86;4272,38
2022-06-30;Norte;Ana;Manoela;9001;Notebook;6;4512,76;2352,04;27076,56;12964,32
2022-09-30;Sul;Eduardo;Ciro;7002;Smartphone;7;2226,43;1606,22;15585,01;4341,47
2022-12-31;Sudeste;Carlos;Manoela;5004;Monitor;2;3293,55;1857,89;6587,1;2871,32
2024-01-31;Sul;Carlos;Antonia;9001;Notebook;3;2887,01;1447,44;8661,03;4318,71
2025-02-28;Sul;Eduardo;Felipe;3003;Placa de Vídeo NVidia;4;3810,02;2129,72;15240,08;6721,2
2022-11-30;Centro-Oeste;Eduardo;Antonia;3003;Placa de Vídeo NVidia;3;1993,83;1287,62;5981,49;2118,63
2024-12-31;Norte;Ana;Ciro;9001;Notebook;9;2175,39;1600,13;19578,51;5177,34
2022-02-28;Sul;Daniela;Ciro;3003;Placa de Vídeo NVidia;8;3918,23;2912,06;31345,84;8049,36
2025-03-31;Sudeste;Daniela;Ciro;5004;Monitor;3;4742,92;3588,87;14228,76;3462,15
2022-11-30;Nordeste;Bruno;Manoela;5004;Monitor;7;573,74;437,49;4016,18;953,75
2024-05-31;Nordeste;Eduardo;Manoela;2006;WebCam 4k;8;1561,03;898,83;12488,24;5297,6
2025-03-31;Sudeste;Carlos;João;7002;Smartphone;1;1430,63;1062,66;1430,63;367,97
2022-09-30;Norte;Eduardo;Ciro;5004;Monitor;3;3259,97;2105,33;9779,91;3463,92
2024-11-30;Norte;Daniela;Antonia;1005;Headset;6;1052,38;688,93;6314,28;2180,7
2023-05-31;Centro-Oeste;Ana;João;9001;Notebook;7;1617,82;1176,41;11324,74;3089,87
2025-08-31;Norte;Bruno;Ciro;3003;Placa de Vídeo NVidia;8;1361,75;879,26;10894,0;3859,92
2023-01-31;Norte;Eduardo;Ciro;5004;Monitor;7;800,25;519,33;5601,75;1966,44
2024-04-30;Sudeste;Carlos;Antonia;1005;Headset;3;802,12;408,36;2406,36;1181,28
2024-05-31;Nordeste;Carlos;Felipe;2006;WebCam 4k;3;1632,02;1286,97;4896,06;1035,15
2023-07-31;Nordeste;Eduardo;Ciro;3003;Placa de Vídeo NVidia;1;4297,39;2419,5;4297,39;1877,89
2023-06-30;Nordeste;Carlos;Ciro;5004;Monitor;9;1226,8;698,18;11041,2;4757,58
2023-09-30;Sudeste;Ana;Felipe;7002;Smartphone;7;2608,35;1992,07;18258,45;4313,96
2025-08-31;Sul;Fernanda;Marisa;3003;Placa de Vídeo NVidia;7;1343,74;797,21;9406,18;3825,71
2024-04-30;Nordeste;Ana;Felipe;9001;Notebook;3;568,06;292,96;1704,18;825,3
2023-01-31;Nordeste;Fernanda;João;3003;Placa de Vídeo NVidia;9;1385,85;1101,47;12472,65;2559,42
2024-07-31;Sudeste;Daniela;Antonia;3003;Placa de Vídeo NVidia;1;3973,25;2717,14;3973,25;1256,11
2023-10-31;Norte;Bruno;Manoela;7002;Smartphone;4;3947,87;3064,45;15791,48;3533,68
2023-02-28;Nordeste;Ana;João;5004;Monitor;3;3498,48;2021,79;10495,44;4430,07
2023-04-30;Norte;Bruno;Felipe;1005;Headset;4;2207,89;1176,01;8831,56;4127,52
2025-10-31;Sudeste;Fernanda;João;3003;Placa de Vídeo NVidia;9;2942,6;2349,73;26483,4;5335,83
2023-10-31;Nordeste;Bruno;Ciro;9001;Notebook;4;3823,63;2640,16;15294,52;4733,88
2025-08-31;Nordeste;Fernanda;Felipe;2006;WebCam 4k;5;2208,66;1139,76;11043,3;5344,5
2024-05-31;Sudeste;Fernanda;Marisa;9001;Notebook;2;2861,42;1988,11;5722,84;1746,62
2023-10-31;Centro-Oeste;Bruno;Ciro;9001;Notebook;1;4636,36;2362,98;4636,36;2273,38
2024-08-31;Sul;Daniela;Ciro;1005;Headset;7;2293,38;1538,86;16053,66;5281,64
2024-02-29;Norte;Carlos;Felipe;1005;Headset;7;961,61;561,64;6731,27;2799,79
2022-02-28;Sul;Daniela;João;7002;Smartphone;6;4601,34;2818,4;27608,04;10697,64
2025-01-31;Nordeste;Fernanda;Felipe;7002;Smartphone;7;3483,63;2725,45;24385,41;5307,26
2022-11-30;Sul;Ana;Felipe;3003;Placa de Vídeo NVidia;8;4680,62;2383,53;37444,96;18376,72
2025-08-31;Nordeste;Eduardo;Marisa;3003;Placa de Vídeo NVidia;8;4015,12;2348,48;32120,96;13333,12
2022-12-31;Centro-Oeste;Ana;Manoela;9001;Notebook;5;4913,81;2473,91;24569,05;12199,5
2024-04-30;Sudeste;Daniela;Felipe;1005;Headset;4;1903,45;1410,58;7613,8;1971,48
2022-07-31;Nordeste;Carlos;Manoela;9001;Notebook;3;3209,19;1639,99;9627,57;4707,6
2023-01-31;Norte;Bruno;Marisa;2006;WebCam 4k;8;632,76;356,61;5062,08;2209,2
2024-09-30;Sul;Fernanda;Antonia;3003;Placa de Vídeo NVidia;3;3301,59;1950,01;9904,77;4054,74
2022-09-30;Sul;Fernanda;Manoela;7002;Smartphone;5;1591,32;1062,79;7956,6;2642,65
2023-06-30;Centro-Oeste;Daniela;Felipe;5004;Monitor;5;1659,13;1074,02;8295,65;2925,55
2024-07-31;Nordeste;Bruno;Felipe;2006;WebCam 4k;1;2625,31;1900,59;2625,31;724,72
2023-01-31;Sul;Carlos;João;5004;Monitor;8;1480,16;1006,31;11841,28;3790,8
2022-03-31;Norte;Eduardo;Antonia;7002;Smartphone;8;3946,0;2028,33;31568,0;15341,36
2022-07-31;Nordeste;Carlos;João;1005;Headset;5;2758,06;1605,11;13790,3;5764,75
2025-06-30;Sudeste;Ana;Ciro;2006;WebCam 4k;7;3408,6;2613,1;23860,2;5568,5
2024-02-29;Norte;Carlos;João;9001;Notebook;1;3437,32;1885,44;3437,32;1551,88
2022-06-30;Sudeste;Bruno;Ciro;9001;Notebook;1;597,12;416,9;597,12;180,22
2022-11-30;Sudeste;Carlos;Felipe;3003;Placa de Vídeo NVidia;4;2483,71;1599,5;9934,84;3536,84
2024-07-31;Nordeste;Eduardo;Ciro;1005;Headset;7;4197,78;3141,23;29384,46;7395,85
2024-07-31;Norte;Daniela;Marisa;3003;Placa de Vídeo NVidia;6;3512,9;2410,3;21077,4;6615,6
2025-02-28;Sul;Bruno;Ciro;5004;Monitor;7;2791,45;1655,68;19540,15;7950,39
2022-04-30;Sul;Daniela;Marisa;5004;Monitor;2;4328,52;2743,42;8657,04;3170,2
2024-10-31;Norte;Ana;Felipe;5004;Monitor;8;3371,91;1834,9;26975,28;12296,08
2023-04-30;Centro-Oeste;Daniela;Felipe;5004;Monitor;7;1626,32;1001,08;11384,24;4376,68
2022-08-31;Norte;Ana;Felipe;2006;WebCam 4k;8;4195,94;2735,19;33567,52;11686,0
2025-03-31;Norte;Daniela;Felipe;1005;Headset;5;4339,98;2426,49;21699,9;9567,45
2023-03-31;Sudeste;Bruno;Ciro;2006;WebCam 4k;8;3669,53;2419,36;29356,24;10001,36
2024-12-31;Nordeste;Ana;Antonia;7002;Smartphone;9;690,59;347,35;6215,31;3089,16
2023-09-30;Centro-Oeste;Fernanda;João;7002;Smartphone;4;3989,77;2627,24;15959,08;5450,12
2025-05-31;Centro-Oeste;Eduardo;Marisa;7002;Smartphone;7;4102,92;3065,75;28720,44;7260,19
2022-05-31;Norte;Ana;Marisa;3003;Placa de Vídeo NVidia;5;2629,52;1544,98;13147,6;5422,7
2022-10-31;Centro-Oeste;Daniela;Marisa;2006;WebCam 4k;9;2920,77;1604,89;26286,93;11842,92
2024-01-31;Sul;Daniela;Marisa;7002;Smartphone;7;749,9;550,75;5249,3;1394,05
2022-08-31;Sul;Bruno;João;1005;Headset;5;3881,6;2820,43;19408,0;5305,85
2025-08-31;Norte;Eduardo;Marisa;1005;Headset;9;2212,6;1751,66;19913,4;4148,46
2022-11-30;Centro-Oeste;Eduardo;João;9001;Notebook;4;2941,08;2315,87;11764,32;2500,84
2022-05-31;Nordeste;Bruno;João;1005;Headset;4;4528,2;2801,73;18112,8;6905,88
2023-02-28;Nordeste;Bruno;Marisa;2006;WebCam 4k;5;4152,66;3117,36;20763,3;5176,5
2024-12-31;Norte;Eduardo;Felipe;2006;WebCam 4k;5;1336,04;856,13;6680,2;2399,55
2023-11-30;Sul;Carlos;Antonia;1005;Headset;3;619,71;494,33;1859,13;376,14
2024-08-31;Sul;Fernanda;Manoela;7002;Smartphone;2;3665,74;1990,87;7331,48;3349,74
2022-12-31;Sudeste;Ana;Manoela;1005;Headset;6;2458,55;1408,99;14751,3;6297,36
2022-07-31;Sul;Bruno;Felipe;9001;Notebook;6;3496,72;1885,41;20980,32;9667,86
2023-01-31;Norte;Ana;Ciro;2006;WebCam 4k;4;1465,2;893,19;5860,8;2288,04
2022-01-31;Nordeste;Ana;Felipe;2006;WebCam 4k;7;1457,56;922,6;10202,92;3744,72
2022-11-30;Norte;Daniela;Ciro;7002;Smartphone;9;2244,31;1645,28;20198,79;5391,27
2022-01-31;Sudeste;Ana;Ciro;9001;Notebook;4;3336,46;2627,94;13345,84;2834,08
2025-01-31;Norte;Fernanda;Antonia;3003;Placa de Vídeo NVidia;4;3650,44;2631,96;14601,76;4073,92
2025-04-30;Norte;Eduardo;Manoela;7002;Smartphone;5;1419,08;1084,0;7095,4;1675,4
2024-11-30;Centro-Oeste;Daniela;Marisa;2006;WebCam 4k;5;1703,61;1332,87;8518,05;1853,7
2025-02-28;Sul;Bruno;Antonia;7002;Smartphone;8;4254,44;3301,59;34035,52;7622,8
2025-04-30;Sul;Daniela;João;2006;WebCam 4k;6;3454,63;2370,55;20727,78;6504,48
2023-08-31;Nordeste;Daniela;Manoela;1005;Headset;1;3703,24;2635,83;3703,24;1067,41
2022-06-30;Norte;Ana;Manoela;7002;Smartphone;7;2536,11;1449,07;17752,77;7609,28
2024-03-31;Nordeste;Ana;Ciro;1005;Headset;4;4833,4;2694,69;19333,6;8554,84
2023-12-31;Sul;Bruno;Felipe;2006;WebCam 4k;2;4147,9;2921,22;8295,8;2453,36
2025-04-30;Norte;Fernanda;João;5004;Monitor;5;4298,64;2721,81;21493,2;7884,15
2024-04-30;Nordeste;Bruno;Antonia;3003;Placa de Vídeo NVidia;8;1296,39;859,2;10371,12;3497,52
2024-05-31;Sudeste;Eduardo;Antonia;9001;Notebook;9;1844,02;1336,06;16596,18;4571,64
2023-12-31;Sudeste;Daniela;Ciro;9001;Notebook;6;4476,58;2889,57;26859,48;9522,06
2023-11-30;Nordeste;Daniela;Ciro;3003;Placa de Vídeo NVidia;6;3841,46;2102,49;23048,76;10433,82
2025-10-31;Sul;Fernanda;Felipe;5004;Monitor;9;2862,72;1575,68;25764,48;11583,36
2024-04-30;Nordeste;Fernanda;Manoela;5004;Monitor;8;2522,51;1331,91;20180,08;9524,8
2022-03-31;Centro-Oeste;Carlos;Manoela;1005;Headset;6;1489,78;1123,42;8938,68;2198,16
2022-05-31;Sudeste;Carlos;Marisa;2006;WebCam 4k;6;1703,2;1063,72;10219,2;3836,88
2023-08-31;Centro-Oeste;Fernanda;João;9001;Notebook;2;605,37;319,86;1210,74;571,02
2025-04-30;Sudeste;Bruno;João;3003;Placa de Vídeo NVidia;8;1903,15;1102,33;15225,2;6406,56
2022-02-28;Centro-Oeste;Daniela;Felipe;1005;Headset;3;4074,52;2365,11;12223,56;5128,23
2023-10-31;Norte;Ana;Manoela;2006;WebCam 4k;5;2508,34;1421,69;12541,7;5433,25
2022-11-30;Nordeste;Fernanda;Felipe;9001;Notebook;7;1265,94;901,08;8861,58;2554,02
2025-04-30;Sul;Ana;Antonia;5004;Monitor;8;3211,46;1825,38;25691,68;11088,64
2024-07-31;Norte;Ana;Antonia;3003;Placa de Vídeo NVidia;6;2581,68;2055,49;15490,08;3157,14
2025-04-30;Sudeste;Daniela;Felipe;1005;Headset;9;2896,07;1751,8;26064,63;10298,43
2023-06-30;Sudeste;Eduardo;Manoela;9001;Notebook;5;2070,74;1320,67;10353,7;3750,35
2025-04-30;Nordeste;Ana;Felipe;2006;WebCam 4k;8;2015,21;1081,35;16121,68;7470,88
2024-08-31;Nordeste;Carlos;Felipe;5004;Monitor;1;1251,52;914,08;1251,52;337,44
2024-10-31;Sudeste;Fernanda;Manoela;2006;WebCam 4k;2;1167,69;629,11;2335,38;1077,16
2024-04-30;Nordeste;Carlos;Antonia;2006;WebCam 4k;6;554,85;309,19;3329,1;1473,96
2023-11-30;Sul;Eduardo;Manoela;5004;Monitor;7;4854,4;2613,27;33980,8;15687,91
2022-12-31;Sul;Carlos;Ciro;9001;Notebook;5;1298,9;654,72;6494,5;3220,9
2022-07-31;Centro-Oeste;Eduardo;João;5004;Monitor;9;743,37;440,35;6690,33;2727,18
2025-04-30;Sudeste;Ana;Antonia;5004;Monitor;7;3731,93;1941,15;26123,51;12535,46
2023-01-31;Sudeste;Eduardo;Manoela;9001;Notebook;5;3548,11;1982,73;17740,55;7826,9
2025-01-31;Nordeste;Eduardo;Marisa;5004;Monitor;5;4017,01;2629,06;20085,05;6939,75
2025-06-30;Centro-Oeste;Fernanda;Felipe;5004;Monitor;2;3126,18;1661,19;6252,36;2929,98
2024-03-31;Norte;Ana;João;9001;Notebook;6;4522,22;3432,83;27133,32;6536,34
2024-03-31;Sudeste;Fernanda;Marisa;3003;Placa de Vídeo NVidia;7;3014,87;1885,88;21104,09;7902,93
2024-05-31;Centro-Oeste;Eduardo;Antonia;3003;Placa de Vídeo NVidia;1;4171,84;2149,33;4171,84;2022,51
2024-11-30;Norte;Eduardo;Antonia;2006;WebCam 4k;1;1999,23;1089,39;1999,23;909,84
2023-09-30;Sul;Eduardo;Marisa;5004;Monitor;8;2546,71;1601,51;20373,68;7561,6
2025-05-31;Norte;Daniela;Marisa;7002;Smartphone;5;4649,38;3649,39;23246,9;4999,95
2024-06-30;Centro-Oeste;Daniela;Marisa;2006;WebCam 4k;4;4560,73;2543,92;18242,92;8067,24
2023-11-30;Sudeste;Bruno;Marisa;2006;WebCam 4k;8;2191,77;1503,11;17534,16;5509,28
2025-05-31;Centro-Oeste;Eduardo;Antonia;9001;Notebook;4;2718,71;1820,38;10874,84;3593,32
2025-02-28;Centro-Oeste;Ana;Antonia;3003;Placa de Vídeo NVidia;2;4136,32;2872,39;8272,64;2527,86
2025-07-31;Sudeste;Daniela;Manoela;7002;Smartphone;4;1814,02;947,88;7256,08;3464,56
2022-06-30;Norte;Fernanda;Marisa;1005;Headset;5;2067,42;1612,17;10337,1;2276,25
2024-02-29;Centro-Oeste;Fernanda;Marisa;1005;Headset;4;3995,41;2402,77;15981,64;6370,56
2025-09-30;Centro-Oeste;Bruno;Antonia;3003;Placa de Vídeo NVidia;4;3026,19;1763,06;12104,76;5052,52
2024-09-30;Sudeste;Ana;Marisa;2006;WebCam 4k;6;1892,89;1090,85;11357,34;4812,24
2025-10-31;Sudeste;Fernanda;João;1005;Headset;9;3581,31;2457,44;32231,79;10114,83
2023-04-30;Sul;Fernanda;Marisa;3003;Placa de Vídeo NVidia;2;2641,21;1884,08;5282,42;1514,26
2023-07-31;Centro-Oeste;Bruno;Antonia;7002;Smartphone;5;3627,18;2010,42;18135,9;8083,8
2022-11-30;Nordeste;Bruno;Marisa;5004;Monitor;4;3786,07;1975,07;15144,28;7244,0
2024-07-31;Centro-Oeste;Carlos;Manoela;5004;Monitor;9;2981,67;1756,06;26835,03;11030,49
2025-04-30;Nordeste;Carlos;Ciro;9001;Notebook;1;1063,34;821,95;1063,34;241,39
2023-11-30;Centro-Oeste;Eduardo;João;3003;Placa de Vídeo NVidia;7;893,39;460,53;6253,73;3030,02
2023-02-28;Nordeste;Daniela;João;7002;Smartphone;2;1616,68;1282,39;3233,36;668,58
2023-11-30;Nordeste;Daniela;Felipe;2006;WebCam 4k;4;2263,77;1439,81;9055,08;3295,84
2024-03-31;Norte;Daniela;Manoela;7002;Smartphone;3;2287,68;1631,07;6863,04;1969,83
2023-07-31;Norte;Ana;Antonia;9001;Notebook;6;3922,14;3034,09;23532,84;5328,3
2023-01-31;Sudeste;Daniela;Ciro;5004;Monitor;2;1944,78;1245,04;3889,56;1399,48
2022-12-31;Sul;Daniela;Marisa;2006;WebCam 4k;2;3012,09;2337,6;6024,18;1348,98
2024-04-30;Norte;Bruno;Ciro;5004;Monitor;1;684,01;451,26;684,01;232,75
2023-03-31;Norte;Daniela;Manoela;3003;Placa de Vídeo NVidia;6;2592,27;1393,2;15553,62;7194,42
2022-03-31;Sul;Bruno;João;5004;Monitor;2;3330,39;2077,45;6660,78;2505,88
2025-03-31;Sudeste;Eduardo;Ciro;1005;Headset;1;504,49;341,24;504,49;163,25
2023-11-30;Nordeste;Carlos;Manoela;3003;Placa de Vídeo NVidia;2;4989,01;3302,51;9978,02;3373,0
2022-02-28;Centro-Oeste;Daniela;Manoela;5004;Monitor;1;2713,91;1945,27;2713,91;768,64
2022-03-31;Nordeste;Ana;Antonia;1005;Headset;7;3502,5;2762,67;24517,5;5178,81
2023-09-30;Nordeste;Fernanda;Felipe;2006;WebCam 4k;8;2851,49;1609,2;22811,92;9938,32
2025-04-30;Centro-Oeste;Fernanda;Marisa;5004;Monitor;7;1341,46;910,45;9390,22;3017,07
2023-04-30;Centro-Oeste;Fernanda;Manoela;5004;Monitor;1;2818,17;1460,37;2818,17;1357,8
2024-06-30;Centro-Oeste;Eduardo;Antonia;9001;Notebook;8;2207,59;1334,14;17660,72;6987,6
2025-04-30;Centro-Oeste;Bruno;Antonia;2006;WebCam 4k;4;2960,8;2094,1;11843,2;3466,8
2022-01-31;Centro-Oeste;Eduardo;Manoela;5004;Monitor;7;3637,91;2883,14;25465,37;5283,39
2022-12-31;Norte;Eduardo;João;9001;Notebook;6;4817,05;2572,27;28902,3;13468,68
2023-07-31;Centro-Oeste;Carlos;Manoela;7002;Smartphone;2;749,36;419,17;1498,72;660,38
2022-11-30;Norte;Carlos;Ciro;2006;WebCam 4k;8;4932,77;2548,42;39462,16;19074,8
2023-01-31;Norte;Bruno;Ciro;5004;Monitor;5;2778,55;2054,79;13892,75;3618,8
2023-02-28;Norte;Carlos;Ciro;3003;Placa de Vídeo NVidia;5;4074,08;2508,18;20370,4;7829,5
2025-02-28;Sudeste;Fernanda;Ciro;3003;Placa de Vídeo NVidia;3;3618,75;2650,85;10856,25;2903,7
2023-01-31;Sul;Fernanda;João;1005;Headset;7;2482,64;1677,69;17378,48;5634,65
2022-03-31;Sudeste;Daniela;Ciro;3003;Placa de Vídeo NVidia;4;1532,37;1168,03;6129,48;1457,36
2024-09-30;Sul;Ana;Antonia;5004;Monitor;7;1875,49;947,58;13128,43;6495,37
2023-10-31;Norte;Bruno;Felipe;2006;WebCam 4k;8;1198,31;764,38;9586,48;3471,44
2024-01-31;Centro-Oeste;Fernanda;Marisa;7002;Smartphone;5;1245,36;881,4;6226,8;1819,8
2023-09-30;Centro-Oeste;Fernanda;João;3003;Placa de Vídeo NVidia;5;1400,77;1018,68;7003,85;1910,45
2023-09-30;Norte;Bruno;Felipe;9001;Notebook;3;3285,19;1771,18;9855,57;4542,03
2024-07-31;Sul;Daniela;Ciro;2006;WebCam 4k;7;4669,01;3209,51;32683,07;10216,5
2024-10-31;Norte;Daniela;Felipe;5004;Monitor;7;4682,43;3048,7;32777,01;11436,11
2024-04-30;Norte;Fernanda;João;2006;WebCam 4k;9;4231,01;2942,7;38079,09;11594,79
2022-08-31;Nordeste;Daniela;Marisa;2006;WebCam 4k;7;4501,73;3449,35;31512,11;7366,66
2022-03-31;Norte;Fernanda;Manoela;1005;Headset;2;4209,76;2905,1;8419,52;2609,32
2024-03-31;Sudeste;Carlos;Felipe;3003;Placa de Vídeo NVidia;7;4311,66;2230,03;30181,62;14571,41
2025-04-30;Norte;Fernanda;João;9001;Notebook;2;669,07;397,65;1338,14;542,84
2022-07-31;Sul;Daniela;Ciro;1005;Headset;7;3867,44;2343,15;27072,08;10670,03
2024-06-30;Centro-Oeste;Fernanda;Antonia;9001;Notebook;6;3619,28;2171,38;21715,68;8687,4
2022-05-31;Norte;Daniela;Manoela;3003;Placa de Vídeo NVidia;4;1233,66;941,55;4934,64;1168,44
2024-03-31;Norte;Ana;Marisa;2006;WebCam 4k;7;4250,27;3042,3;29751,89;8455,79
2022-01-31;Sudeste;Eduardo;Manoela;7002;Smartphone;3;1597,2;1013,79;4791,6;1750,23
2023-10-31;Sul;Daniela;João;3003;Placa de Vídeo NVidia;2;3210,72;1934,36;6421,44;2552,72
2022-01-31;Sudeste;Carlos;Manoela;5004;Monitor;8;953,67;490,8;7629,36;3702,96
2024-06-30;Centro-Oeste;Carlos;Marisa;9001;Notebook;3;1156,07;770,89;3468,21;1155,54
2022-03-31;Sul;Daniela;Antonia;3003;Placa de Vídeo NVidia;9;1108,97;886,46;9980,73;2002,59
2022-06-30;Centro-Oeste;Fernanda;Felipe;1005;Headset;8;4471,74;3529,61;35773,92;7537,04
2022-11-30;Sudeste;Fernanda;Felipe;2006;WebCam 4k;5;4237,23;2987,73;21186,15;6247,5
2024-10-31;Sudeste;Carlos;Manoela;3003;Placa de Vídeo NVidia;4;1844,38;1077,66;7377,52;3066,88
2024-07-31;Nordeste;Bruno;Ciro;5004;Monitor;7;785,9;402,16;5501,3;2686,18
2024-10-31;Sul;Carlos;Manoela;3003;Placa de Vídeo NVidia;4;2498,3;1835,61;9993,2;2650,76
2022-02-28;Sul;Bruno;Antonia;2006;WebCam 4k;3;4332,97;2963,89;12998,91;4107,24
2022-10-31;Centro-Oeste;Bruno;Ciro;2006;WebCam 4k;7;1829,22;1014,47;12804,54;5703,25
2024-12-31;Sul;Carlos;Ciro;5004;Monitor;3;4820,86;3382,71;14462,58;4314,45
2024-02-29;Centro-Oeste;Eduardo;Felipe;2006;WebCam 4k;3;936,06;514,03;2808,18;1266,09
2024-08-31;Centro-Oeste;Daniela;Manoela;2006;WebCam 4k;9;3901,71;2782,12;35115,39;10076,31
2023-06-30;Centro-Oeste;Fernanda;Ciro;3003;Placa de Vídeo NVidia;8;3160,11;1861,37;25280,88;10389,92
2025-03-31;Sul;Eduardo;Ciro;1005;Headset;9;2916,12;1893,69;26245,08;9201,87
2024-09-30;Norte;Ana;Ciro;5004;Monitor;6;2964,55;2244,73;17787,3;4318,92
2023-09-30;Norte;Bruno;João;1005;Headset;4;555,2;297,53;2220,8;1030,68
2022-07-31;Sudeste;Fernanda;Ciro;1005;Headset;7;1643,48;1005,22;11504,36;4467,82
2024-08-31;Sul;Eduardo;Felipe;7002;Smartphone;1;4058,64;2501,64;4058,64;1557,0
2023-10-31;Norte;Carlos;Ciro;5004;Monitor;6;4350,17;3202,68;26101,02;6884,94
2025-07-31;Sul;Carlos;João;2006;WebCam 4k;5;3591,39;2231,24;17956,95;6800,75
2024-07-31;Sul;Bruno;Manoela;9001;Notebook;8;1400,79;701,39;11206,32;5595,2
2022-06-30;Sul;Daniela;Ciro;7002;Smartphone;3;4876,18;3149,4;14628,54;5180,34
2024-07-31;Centro-Oeste;Carlos;Marisa;5004;Monitor;6;4234,56;2781,4;25407,36;8718,96
2023-07-31;Nordeste;Eduardo;Antonia;3003;Placa de Vídeo NVidia;2;3080,84;2078,44;6161,68;2004,8
2024-09-30;Sudeste;Ana;Manoela;5004;Monitor;2;1049,95;633,53;2099,9;832,84
2025-06-30;Nordeste;Daniela;Felipe;3003;Placa de Vídeo NVidia;7;1193,26;597,09;8352,82;4173,19
2024-11-30;Nordeste;Fernanda;Manoela;2006;WebCam 4k;1;3845,6;2506,08;3845,6;1339,52
2022-09-30;Nordeste;Bruno;Manoela;7002;Smartphone;9;3020,95;2267,84;27188,55;6777,99
2024-08-31;Norte;Eduardo;Marisa;1005;Headset;2;4308,65;2727,23;8617,3;3162,84
2024-12-31;Nordeste;Fernanda;Ciro;9001;Notebook;5;1229,55;870,33;6147,75;1796,1
2023-02-28;Nordeste;Eduardo;Ciro;1005;Headset;8;3778,7;2340,39;30229,6;11506,48
2025-05-31;Sul;Bruno;Marisa;3003;Placa de Vídeo NVidia;5;616,91;413,49;3084,55;1017,1
2023-03-31;Sudeste;Carlos;João;7002;Smartphone;5;3612,41;2398,36;18062,05;6070,25
2022-03-31;Centro-Oeste;Eduardo;Felipe;2006;WebCam 4k;5;755,85;411,52;3779,25;1721,65
2022-12-31;Sul;Eduardo;Antonia;3003;Placa de Vídeo NVidia;1;1957,94;1455,93;1957,94;502,01
2025-05-31;Sudeste;Eduardo;Antonia;5004;Monitor;6;1428,72;989,49;8572,32;2635,38
2022-02-28;Sudeste;Eduardo;Ciro;7002;Smartphone;1;2468,71;1509,78;2468,71;958,93
2023-08-31;Norte;Ana;Marisa;1005;Headset;6;2691,63;1803,58;16149,78;5328,3
2022-08-31;Centro-Oeste;Daniela;Ciro;9001;Notebook;9;4313,5;3364,67;38821,5;8539,47
2022-01-31;Sudeste;Eduardo;Ciro;1005;Headset;2;4027,64;2685,58;8055,28;2684,12
2022-06-30;Sul;Fernanda;Antonia;1005;Headset;2;1466,47;1100,41;2932,94;732,12
2025-05-31;Centro-Oeste;Carlos;João;7002;Smartphone;5;1057,49;553,76;5287,45;2518,65
2025-02-28;Norte;Fernanda;Antonia;5004;Monitor;8;4787,78;3367,89;38302,24;11359,12
2024-08-31;Sudeste;Eduardo;João;1005;Headset;7;2329,96;1255,5;16309,72;7521,22
2024-08-31;Sudeste;Carlos;Marisa;7002;Smartphone;2;956,19;511,1;1912,38;890,18
2024-11-30;Norte;Fernanda;João;1005;Headset;9;4147,62;2416,75;37328,58;15577,83
2025-01-31;Norte;Daniela;Felipe;3003;Placa de Vídeo NVidia;6;4141,08;2267,02;24846,48;11244,36
2024-07-31;Nordeste;Daniela;Marisa;1005;Headset;5;1116,85;835,23;5584,25;1408,1
2022-04-30;Sul;Eduardo;Felipe;9001;Notebook;1;797,64;593,11;797,64;204,53
2023-02-28;Centro-Oeste;Daniela;Marisa;2006;WebCam 4k;4;1035,41;566,58;4141,64;1875,32
2022-10-31;Centro-Oeste;Ana;Marisa;2006;WebCam 4k;9;4156,62;2161,77;37409,58;17953,65
2024-01-31;Nordeste;Fernanda;Manoela;9001;Notebook;3;3215,21;1767,81;9645,63;4342,2
2025-09-30;Sudeste;Fernanda;Ciro;3003;Placa de Vídeo NVidia;2;1428,73;840,94;2857,46;1175,58
2024-06-30;Sul;Eduardo;Marisa;7002;Smartphone;1;4644,68;3547,93;4644,68;1096,75
2023-11-30;Sudeste;Bruno;Antonia;5004;Monitor;7;4465,05;3490,93;31255,35;6818,84
2022-03-31;Sudeste;Daniela;Antonia;1005;Headset;9;3072,91;2396,89;27656,19;6084,18
2023-09-30;Norte;Carlos;Marisa;3003;Placa de Vídeo NVidia;7;4976,22;2770,33;34833,54;15441,23
2024-11-30;Sudeste;Carlos;Antonia;5004;Monitor;3;4795,49;2633,69;14386,47;6485,4
2023-11-30;Sudeste;Carlos;Antonia;7002;Smartphone;7;556,75;419,5;3897,25;960,75
2024-09-30;Norte;Eduardo;Manoela;2006;WebCam 4k;3;1558,07;1069,66;4674,21;1465,23
2023-07-31;Centro-Oeste;Bruno;Marisa;7002;Smartphone;2;3976,31;2235,91;7952,62;3480,8
2025-05-31;Sudeste;Ana;João;5004;Monitor;9;3277,55;1803,73;29497,95;13264,38
2022-02-28;Sudeste;Eduardo;Ciro;9001;Notebook;9;3988,76;2628,37;35898,84;12243,51
2024-09-30;Sul;Bruno;Antonia;9001;Notebook;6;4702,61;3338,46;28215,66;8184,9
2024-03-31;Sudeste;Ana;João;7002;Smartphone;7;2669,29;1354,54;18685,03;9203,25
2025-09-30;Norte;Daniela;João;1005;Headset;5;4707,77;2798,95;23538,85;9544,1
2023-12-31;Sul;Bruno;Marisa;2006;WebCam 4k;2;1271,04;970,86;2542,08;600,36
2022-05-31;Nordeste;Daniela;Ciro;3003;Placa de Vídeo NVidia;8;4800,23;3148,87;38401,84;13210,88
2022-01-31;Norte;Daniela;Marisa;7002;Smartphone;6;625,4;358,3;3752,4;1602,6
2025-02-28;Sul;Carlos;Antonia;5004;Monitor;4;1152,32;621,45;4609,28;2123,48
2023-01-31;Sul;Fernanda;Marisa;5004;Monitor;3;3316,66;2161,87;9949,98;3464,37
2023-08-31;Norte;Eduardo;João;5004;Monitor;8;1109,09;615,13;8872,72;3951,68
2025-08-31;Nordeste;Daniela;Ciro;7002;Smartphone;7;619,41;481,25;4335,87;967,12
2025-05-31;Norte;Carlos;Ciro;7002;Smartphone;9;1216,18;911,01;10945,62;2746,53
2022-12-31;Centro-Oeste;Carlos;João;5004;Monitor;4;4915,35;2778,54;19661,4;8547,24
2023-03-31;Nordeste;Eduardo;Marisa;5004;Monitor;7;554,94;351,57;3884,58;1423,59
2023-11-30;Nordeste;Carlos;Ciro;7002;Smartphone;1;3574,0;2440,63;3574,0;1133,37
2023-04-30;Sul;Fernanda;Marisa;2006;WebCam 4k;1;2005,9;1031,83;2005,9;974,07
2022-09-30;Norte;Bruno;João;9001;Notebook;4;2614,85;1744,03;10459,4;3483,28
2024-08-31;Sul;Carlos;Antonia;9001;Notebook;2;3761,08;2051,14;7522,16;3419,88
2024-01-31;Norte;Ana;Manoela;9001;Notebook;1;2853,69;2160,52;2853,69;693,17
2023-01-31;Sul;Fernanda;Felipe;1005;Headset;3;4016,72;2534,43;12050,16;4446,87
2025-01-31;Centro-Oeste;Ana;Manoela;9001;Notebook;5;2450,92;1428,31;12254,6;5113,05
2023-04-30;Norte;Daniela;Marisa;7002;Smartphone;4;4475,86;3195,35;17903,44;5122,04
2025-07-31;Centro-Oeste;Eduardo;Marisa;9001;Notebook;9;2310,96;1790,96;20798,64;4680,0
2022-04-30;Centro-Oeste;Ana;Felipe;7002;Smartphone;8;3595,5;2122,49;28764,0;11784,08
2024-03-31;Nordeste;Bruno;Felipe;3003;Placa de Vídeo NVidia;5;1247,41;853,95;6237,05;1967,3
2023-06-30;Nordeste;Carlos;Ciro;5004;Monitor;8;4765,37;2518,26;38122,96;17976,88
2023-12-31;Centro-Oeste;Fernanda;João;1005;Headset;7;3445,61;2686,38;24119,27;5314,61
2022-11-30;Norte;Daniela;Felipe;5004;Monitor;4;3499,22;1863,75;13996,88;6541,88
2022-03-31;Norte;Ana;Ciro;2006;WebCam 4k;9;2872,88;2090,29;25855,92;7043,31
2023-10-31;Sul;Bruno;Felipe;7002;Smartphone;5;2053,3;1281,25;10266,5;3860,25
2024-04-30;Nordeste;Eduardo;Felipe;7002;Smartphone;4;1178,2;869,7;4712,8;1234,0
2022-01-31;Nordeste;Bruno;Felipe;7002;Smartphone;1;3747,66;2274,54;3747,66;1473,12
2023-10-31;Norte;Carlos;João;1005;Headset;7;1258,01;874,55;8806,07;2684,22
2022-09-30;Norte;Bruno;João;1005;Headset;7;4789,32;2933,65;33525,24;12989,69
2023-04-30;Centro-Oeste;Ana;Manoela;2006;WebCam 4k;3;4617,7;2747,42;13853,1;5610,84
2024-01-31;Sul;Daniela;Felipe;3003;Placa de Vídeo NVidia;8;3073,93;2423,6;24591,44;5202,64
2022-08-31;Centro-Oeste;Fernanda;Antonia;2006;WebCam 4k;5;740,05;455,26;3700,25;1423,95
2025-05-31;Sul;Carlos;Ciro;7002;Smartphone;2;3506,52;2651,82;7013,04;1709,4
2024-07-31;Nordeste;Ana;João;1005;Headset;4;3851,84;2614,37;15407,36;4949,88
2024-06-30;Centro-Oeste;Ana;Manoela;3003;Placa de Vídeo NVidia;8;3186,62;1669,67;25492,96;12135,6
2024-11-30;Centro-Oeste;Ana;Felipe;2006;WebCam 4k;6;2975,83;1514,09;17854,98;8770,44
2024-11-30;Nordeste;Bruno;Marisa;3003;Placa de Vídeo NVidia;7;4084,97;2417,81;28594,79;11670,12
2025-06-30;Nordeste;Eduardo;Marisa;3003;Placa de Vídeo NVidia;9;1209,81;928,43;10888,29;2532,42
2025-01-31;Centro-Oeste;Bruno;Manoela;7002;Smartphone;4;4835,64;3475,4;19342,56;5440,96
2025-07-31;Sudeste;Carlos;Ciro;2006;WebCam 4k;7;3197,33;1702,53;22381,31;10463,6
2022-02-28;Sul;Bruno;João;1005;Headset;2;4246,78;3029,06;8493,56;2435,44
2022-05-31;Sul;Daniela;João;3003;Placa de Vídeo NVidia;3;1722,37;1336,87;5167,11;1156,5
2023-10-31;Norte;Daniela;Manoela;7002;Smartphone;3;4450,69;2414,57;13352,07;6108,36
2025-07-31;Sudeste;Carlos;João;5004;Monitor;4;3314,12;2326,33;13256,48;3951,16
2024-11-30;Norte;Daniela;João;7002;Smartphone;6;3639,52;2498,84;21837,12;6844,08
2023-04-30;Sul;Eduardo;João;2006;WebCam 4k;8;4144,61;3281,22;33156,88;6907,12
2022-11-30;Sul;Fernanda;João;7002;Smartphone;9;740,85;547,82;6667,65;1737,27
2025-08-31;Sul;Carlos;João;2006;WebCam 4k;4;4972,33;3141,28;19889,32;7324,2
2023-03-31;Sudeste;Fernanda;Felipe;9001;Notebook;8;1899,9;1247,44;15199,2;5219,68
2025-04-30;Sul;Ana;Felipe;2006;WebCam 4k;9;3292,27;2610,14;29630,43;6139,17
2023-05-31;Centro-Oeste;Ana;Ciro;1005;Headset;1;4861,53;3697,36;4861,53;1164,17
2024-09-30;Norte;Eduardo;Manoela;7002;Smartphone;3;1030,83;581,59;3092,49;1347,72
2025-03-31;Norte;Carlos;João;5004;Monitor;3;3034,55;1716,47;9103,65;3954,24
2022-04-30;Norte;Daniela;Manoela;9001;Notebook;3;2592,95;1373,29;7778,85;3658,98
2022-02-28;Sudeste;Carlos;João;7002;Smartphone;7;1306,29;848,31;9144,03;3205,86
2022-07-31;Norte;Eduardo;Manoela;9001;Notebook;6;613,1;423,57;3678,6;1137,18
2023-05-31;Sudeste;Bruno;João;9001;Notebook;7;881,27;680,43;6168,89;1405,88
2025-03-31;Nordeste;Eduardo;Antonia;1005;Headset;7;1349,69;1051,69;9447,83;2086,0
2022-06-30;Norte;Carlos;Felipe;5004;Monitor;8;3447,26;1915,9;27578,08;12250,88
2023-07-31;Sul;Fernanda;Ciro;7002;Smartphone;5;2040,66;1364,08;10203,3;3382,9
2024-10-31;Centro-Oeste;Bruno;Felipe;5004;Monitor;7;1721,92;999,84;12053,44;5054,56
2024-05-31;Sudeste;Fernanda;Marisa;2006;WebCam 4k;6;4507,36;2565,97;27044,16;11648,34
2022-11-30;Sudeste;Ana;Manoela;5004;Monitor;6;3524,42;1978,07;21146,52;9278,1
2024-06-30;Nordeste;Ana;Felipe;5004;Monitor;1;3455,25;2445,75;3455,25;1009,5
2022-04-30;Nordeste;Bruno;Antonia;9001;Notebook;2;1842,86;1107,59;3685,72;1470,54
2022-12-31;Nordeste;Ana;Marisa;9001;Notebook;2;1423,71;792,85;2847,42;1261,72
2023-06-30;Centro-Oeste;Ana;Ciro;3003;Placa de Vídeo NVidia;5;4233,97;2359,11;21169,85;9374,3
2022-06-30;Norte;Carlos;Ciro;9001;Notebook;6;4724,52;3703,29;28347,12;6127,38
2022-10-31;Nordeste;Fernanda;João;3003;Placa de Vídeo NVidia;4;2480,85;1509,08;9923,4;3887,08
2023-11-30;Nordeste;Bruno;Felipe;2006;WebCam 4k;7;1116,18;593,85;7813,26;3656,31
2023-03-31;Sul;Ana;Manoela;5004;Monitor;8;3603,17;2022,84;28825,36;12642,64
2024-02-29;Centro-Oeste;Daniela;Ciro;1005;Headset;6;2365,73;1691,1;14194,38;4047,78
2023-04-30;Sul;Carlos;Manoela;3003;Placa de Vídeo NVidia;4;1073,4;631,33;4293,6;1768,28
2024-05-31;Sudeste;Eduardo;Ciro;5004;Monitor;9;4872,52;2703,55;43852,68;19520,73
2025-07-31;Nordeste;Daniela;Antonia;3003;Placa de Vídeo NVidia;8;4447,38;2544,43;35579,04;15223,6
2025-03-31;Sudeste;Eduardo;Antonia;9001;Notebook;7;1500,59;1125,59;10504,13;2625,0
2023-09-30;Sul;Carlos;Manoela;5004;Monitor;1;3030,28;2164,71;3030,28;865,57
2023-02-28;Sudeste;Carlos;Felipe;9001;Notebook;8;1427,19;759,57;11417,52;5340,96
2023-11-30;Centro-Oeste;Daniela;Felipe;2006;WebCam 4k;2;3223,19;1947,55;6446,38;2551,28
2024-10-31;Norte;Fernanda;Antonia;5004;Monitor;5;3882,67;2266,07;19413,35;8083,0
2024-02-29;Centro-Oeste;Carlos;Manoela;3003;Placa de Vídeo NVidia;3;4762,03;3729,77;14286,09;3096,78
2023-08-31;Sul;Fernanda;Manoela;2006;WebCam 4k;5;2666,6;1738,68;13333,0;4639,6
2024-08-31;Nordeste;Fernanda;Ciro;1005;Headset;8;3513,94;2504,86;28111,52;8072,64
2023-02-28;Sudeste;Eduardo;Antonia;2006;WebCam 4k;7;3098,35;2356,33;21688,45;5194,14
2023-03-31;Sudeste;Ana;Antonia;5004;Monitor;2;4246,12;2124,89;8492,24;4242,46
2025-03-31;Nordeste;Daniela;Antonia;3003;Placa de Vídeo NVidia;7;3104,05;1680,62;21728,35;9964,01
2024-07-31;Centro-Oeste;Bruno;Ciro;1005;Headset;3;4559,86;3135,94;13679,58;4271,76
2023-04-30;Centro-Oeste;Daniela;João;9001;Notebook;3;4201,81;2286,78;12605,43;5745,09
2023-10-31;Sudeste;Ana;Ciro;7002;Smartphone;8;4476,17;2258,42;35809,36;17742,0
2023-07-31;Centro-Oeste;Bruno;Manoela;3003;Placa de Vídeo NVidia;1;3438,95;2133,11;3438,95;1305,84
2023-10-31;Nordeste;Bruno;Manoela;7002;Smartphone;4;1436,24;944,33;5744,96;1967,64
2023-10-31;Norte;Bruno;Marisa;7002;Smartphone;7;520,73;341,76;3645,11;1252,79
2024-09-30;Sudeste;Eduardo;João;2006;WebCam 4k;5;4519,15;3453,68;22595,75;5327,35
2022-01-31;Centro-Oeste;Fernanda;Manoela;5004;Monitor;1;986,44;745,81;986,44;240,63
2022-12-31;Sul;Carlos;Manoela;2006;WebCam 4k;9;3772,74;2029,01;33954,66;15693,57
2023-11-30;Sul;Carlos;Ciro;7002;Smartphone;1;1588,55;1147,32;1588,55;441,23
2023-12-31;Centro-Oeste;Fernanda;Antonia;5004;Monitor;1;2895,77;1630,77;2895,77;1265,0
2023-02-28;Nordeste;Carlos;João;1005;Headset;4;1110,16;693,07;4440,64;1668,36
2025-03-31;Centro-Oeste;Ana;João;7002;Smartphone;8;3775,72;2482,96;30205,76;10342,08
2022-01-31;Norte;Fernanda;Marisa;2006;WebCam 4k;9;2370,62;1705,86;21335,58;5982,84
2025-01-31;Sul;Fernanda;Marisa;7002;Smartphone;5;1328,87;829,68;6644,35;2495,95
2022-06-30;Centro-Oeste;Carlos;Marisa;7002;Smartphone;6;3599,38;2038,02;21596,28;9368,16
2022-02-28;Sudeste;Ana;Antonia;3003;Placa de Vídeo NVidia;5;2029,66;1453,02;10148,3;2883,2
2022-06-30;Norte;Ana;Ciro;7002;Smartphone;9;508,37;373,53;4575,33;1213,56
2023-01-31;Sul;Bruno;Antonia;3003;Placa de Vídeo NVidia;6;1450,97;796,19;8705,82;3928,68
2023-09-30;Centro-Oeste;Eduardo;Felipe;1005;Headset;5;2809,18;1843,88;14045,9;4826,5
2025-04-30;Nordeste;Eduardo;Felipe;2006;WebCam 4k;8;2048,78;1196,9;16390,24;6815,04
2024-08-31;Sudeste;Eduardo;João;7002;Smartphone;5;4867,92;2451,92;24339,6;12080,0
2023-12-31;Sul;Fernanda;Marisa;1005;Headset;7;1129,01;872,17;7903,07;1797,88
2023-02-28;Nordeste;Carlos;Manoela;7002;Smartphone;7;2511,53;1287,13;17580,71;8570,8
2024-11-30;Norte;Ana;Antonia;9001;Notebook;3;3279,83;2200,92;9839,49;3236,73
2024-07-31;Nordeste;Fernanda;Marisa;1005;Headset;5;2892,01;1486,91;14460,05;7025,5
2025-05-31;Sudeste;Bruno;Marisa;2006;WebCam 4k;9;4350,37;2995,36;39153,33;12195,09
2023-09-30;Norte;Eduardo;Manoela;7002;Smartphone;1;602,83;464,11;602,83;138,72
2024-02-29;Sudeste;Carlos;Ciro;9001;Notebook;5;1321,2;760,06;6606,0;2805,7
2023-06-30;Sul;Daniela;Manoela;1005;Headset;2;763,71;461,27;1527,42;604,88
2022-08-31;Norte;Bruno;João;3003;Placa de Vídeo NVidia;9;3055,78;2421,46;27502,02;5708,88
2024-04-30;Norte;Bruno;Felipe;2006;WebCam 4k;6;4443,93;3369,21;26663,58;6448,32
2025-05-31;Centro-Oeste;Bruno;Antonia;9001;Notebook;1;4579,79;2330,33;4579,79;2249,46
2024-01-31;Centro-Oeste;Bruno;Felipe;7002;Smartphone;7;2784,7;1624,47;19492,9;8121,61
2025-01-31;Centro-Oeste;Ana;Ciro;7002;Smartphone;4;3127,92;1713,22;12511,68;5658,8
2022-12-31;Centro-Oeste;Bruno;João;7002;Smartphone;5;3644,62;2468,82;18223,1;5879,0
2023-05-31;Sul;Fernanda;João;1005;Headset;3;1263,84;828,11;3791,52;1307,19
2024-05-31;Sudeste;Eduardo;Antonia;1005;Headset;9;737,38;553,62;6636,42;1653,84
2023-05-31;Norte;Bruno;Marisa;9001;Notebook;4;1442,82;1019,03;5771,28;1695,16
2023-11-30;Sudeste;Daniela;Manoela;3003;Placa de Vídeo NVidia;6;1824,14;1281,33;10944,84;3256,86
2023-01-31;Centro-Oeste;Eduardo;Antonia;7002;Smartphone;6;864,17;601,05;5185,02;1578,72
2023-06-30;Centro-Oeste;Bruno;Ciro;3003;Placa de Vídeo NVidia;6;2065,13;1441,94;12390,78;3739,14
2022-03-31;Nordeste;Ana;Ciro;2006;WebCam 4k;1;3034,7;2183,44;3034,7;851,26
2025-02-28;Norte;Carlos;João;1005;Headset;6;2153,79;1401,87;12922,74;4511,52
2024-11-30;Nordeste;Eduardo;Manoela;9001;Notebook;6;668,33;390,44;4009,98;1667,34
2023-07-31;Centro-Oeste;Bruno;João;3003;Placa de Vídeo NVidia;1;705,3;436,5;705,3;268,8
2024-08-31;Norte;Eduardo;João;2006;WebCam 4k;3;3819,36;2633,49;11458,08;3557,61
2024-08-31;Sul;Fernanda;Marisa;3003;Placa de Vídeo NVidia;5;2691,17;1613,84;13455,85;5386,65
2023-09-30;Centro-Oeste;Daniela;Antonia;3003;Placa de Vídeo NVidia;2;4817,43;3513,04;9634,86;2608,78
2025-06-30;Sudeste;Bruno;Marisa;3003;Placa de Vídeo NVidia;2;743,37;568,05;1486,74;350,64
2023-11-30;Norte;Ana;Ciro;7002;Smartphone;2;3870,66;2230,08;7741,32;3281,16
2023-02-28;Sul;Carlos;João;3003;Placa de Vídeo NVidia;1;1344,32;913,15;1344,32;431,17
2022-01-31;Nordeste;Eduardo;Manoela;5004;Monitor;8;2167,68;1253,08;17341,44;7316,8
2024-09-30;Norte;Fernanda;Marisa;2006;WebCam 4k;2;4681,52;3248,27;9363,04;2866,5
2025-10-31;Sudeste;Fernanda;Felipe;7002;Smartphone;1;722,35;566,45;722,35;155,9
2022-06-30;Sudeste;Eduardo;Manoela;1005;Headset;9;2412,54;1789,62;21712,86;5606,28
2024-01-31;Sudeste;Ana;Ciro;2006;WebCam 4k;4;555,08;396,77;2220,32;633,24
2023-12-31;Sudeste;Carlos;Felipe;2006;WebCam 4k;7;881,71;491,29;6171,97;2732,94
2022-09-30;Nordeste;Ana;Ciro;1005;Headset;2;500,95;348,38;1001,9;305,14
2023-03-31;Sul;Bruno;Felipe;1005;Headset;6;1082,38;602,08;6494,28;2881,8
2022-03-31;Nordeste;Eduardo;Marisa;1005;Headset;6;2423,01;1921,21;14538,06;3010,8
2024-09-30;Sudeste;Eduardo;Manoela;1005;Headset;8;4210,19;2681,94;33681,52;12226,0
2022-03-31;Centro-Oeste;Eduardo;Felipe;3003;Placa de Vídeo NVidia;8;4595,05;2816,4;36760,4;14229,2
2022-06-30;Nordeste;Fernanda;Felipe;5004;Monitor;4;1317,45;771,21;5269,8;2184,96
2022-01-31;Centro-Oeste;Carlos;João;9001;Notebook;6;3569,88;2373,44;21419,28;7178,64
2024-09-30;Norte;Bruno;Ciro;1005;Headset;9;2317,71;1733,37;20859,39;5259,06
2025-04-30;Centro-Oeste;Carlos;João;1005;Headset;9;2588,64;1875,21;23297,76;6420,87
2025-07-31;Sul;Ana;Antonia;9001;Notebook;8;3175,6;1818,09;25404,8;10860,08
2024-01-31;Nordeste;Ana;Manoela;3003;Placa de Vídeo NVidia;2;1963,67;1059,36;3927,34;1808,62
2023-03-31;Sudeste;Carlos;Felipe;9001;Notebook;5;4600,59;3538,18;23002,95;5312,05
2022-03-31;Nordeste;Daniela;Ciro;1005;Headset;1;4613,03;2669,34;4613,03;1943,69
2025-06-30;Sul;Ana;Marisa;7002;Smartphone;1;1366,05;1033,98;1366,05;332,07
2024-02-29;Sul;Bruno;Antonia;7002;Smartphone;8;2851,52;2086,31;22812,16;6121,68
2023-07-31;Sudeste;Fernanda;Manoela;1005;Headset;9;4601,83;2455,12;41416,47;19320,39
2025-03-31;Centro-Oeste;Fernanda;Felipe;1005;Headset;7;2089,95;1519,57;14629,65;3992,66
2024-09-30;Centro-Oeste;Bruno;Felipe;3003;Placa de Vídeo NVidia;2;2983,74;1767,7;5967,48;2432,08
2025-07-31;Centro-Oeste;Eduardo;Marisa;7002;Smartphone;4;843,77;673,13;3375,08;682,56
2025-08-31;Sul;Ana;Ciro;9001;Notebook;1;685,3;373,49;685,3;311,81
2023-01-31;Centro-Oeste;Ana;João;7002;Smartphone;4;968,92;653,7;3875,68;1260,88
2022-11-30;Norte;Ana;Marisa;2006;WebCam 4k;6;1397,56;951,6;8385,36;2675,76
2025-02-28;Sul;Carlos;Antonia;2006;WebCam 4k;4;4902,66;2535,89;19610,64;9467,08
2023-02-28;Centro-Oeste;Daniela;Manoela;3003;Placa de Vídeo NVidia;5;1255,81;864,07;6279,05;1958,7
2022-06-30;Centro-Oeste;Eduardo;Felipe;2006;WebCam 4k;9;2864,04;2281,21;25776,36;5245,47
2023-08-31;Nordeste;Eduardo;Manoela;1005;Headset;7;952,39;644,17;6666,73;2157,54
2025-07-31;Sul;Fernanda;João;5004;Monitor;2;1439,42;819,86;2878,84;1239,12
2025-04-30;Sudeste;Eduardo;Antonia;5004;Monitor;9;4010,29;2061,39;36092,61;17540,1
2022-08-31;Norte;Ana;Ciro;9001;Notebook;4;4967,41;2775,26;19869,64;8768,6
2023-03-31;Centro-Oeste;Ana;João;3003;Placa de Vídeo NVidia;5;1243,48;834,93;6217,4;2042,75
2025-06-30;Nordeste;Ana;Felipe;1005;Headset;2;3658,09;2826,47;7316,18;1663,24
2023-07-31;Sudeste;Carlos;Antonia;7002;Smartphone;7;2909,4;1758,07;20365,8;8059,31
2023-03-31;Sudeste;Bruno;Ciro;3003;Placa de Vídeo NVidia;9;2570,81;1297,98;23137,29;11455,47
2023-12-31;Sudeste;Eduardo;Ciro;3003;Placa de Vídeo NVidia;7;3487,4;2071,31;24411,8;9912,63
2022-03-31;Centro-Oeste;Daniela;Felipe;5004;Monitor;8;3212,75;2171,85;25702,0;8327,2
2023-09-30;Nordeste;Daniela;Manoela;9001;Notebook;2;2677,94;1747,29;5355,88;1861,3
2024-10-31;Nordeste;Ana;Antonia;7002;Smartphone;1;1191,37;762,47;1191,37;428,9
2022-03-31;Sul;Ana;Felipe;1005;Headset;3;3703,3;2261,82;11109,9;4324,44
2024-07-31;Nordeste;Carlos;João;3003;Placa de Vídeo NVidia;5;4421,9;2891,41;22109,5;7652,45
2022-11-30;Norte;Eduardo;Marisa;7002;Smartphone;3;4536,2;2553,38;13608,6;5948,46
2024-12-31;Norte;Eduardo;Ciro;5004;Monitor;3;2231,37;1416,67;6694,11;2444,1
2023-03-31;Norte;Ana;Antonia;7002;Smartphone;6;1581,42;1076,2;9488,52;3031,32
2024-12-31;Norte;Bruno;Marisa;3003;Placa de Vídeo NVidia;3;2092,18;1122,24;6276,54;2909,82
2024-05-31;Centro-Oeste;Ana;Felipe;2006;WebCam 4k;5;4032,35;2900,63;20161,75;5658,6
2022-10-31;Sul;Carlos;Ciro;9001;Notebook;4;1371,44;977,42;5485,76;1576,08
2023-02-28;Sul;Daniela;João;5004;Monitor;9;2351,53;1623,43;21163,77;6552,9
2022-03-31;Norte;Bruno;Marisa;9001;Notebook;3;3258,68;2500,55;9776,04;2274,39
2024-05-31;Centro-Oeste;Ana;Ciro;5004;Monitor;7;4426,95;2459,68;30988,65;13770,89
2023-01-31;Sul;Ana;Felipe;7002;Smartphone;4;582,84;394,17;2331,36;754,68
2024-08-31;Centro-Oeste;Daniela;Antonia;5004;Monitor;1;1074,89;756,6;1074,89;318,29
2023-02-28;Sudeste;Eduardo;João;2006;WebCam 4k;1;3980,09;2569,46;3980,09;1410,63
2022-04-30;Centro-Oeste;Daniela;João;1005;Headset;4;2462,26;1809,65;9849,04;2610,44
2023-12-31;Norte;Carlos;Ciro;1005;Headset;4;3324,82;2614,34;13299,28;2841,92
2024-04-30;Nordeste;Ana;Manoela;7002;Smartphone;1;1587,8;845,7;1587,8;742,1
2023-02-28;Sudeste;Carlos;João;5004;Monitor;7;1967,59;1071,27;13773,13;6274,24
2025-10-31;Nordeste;Eduardo;Manoela;9001;Notebook;5;511,29;393,03;2556,45;591,3
2022-02-28;Centro-Oeste;Fernanda;Felipe;2006;WebCam 4k;7;575,74;413,03;4030,18;1138,97
2024-10-31;Centro-Oeste;Fernanda;Ciro;7002;Smartphone;5;4362,87;2208,13;21814,35;10773,7
2025-02-28;Nordeste;Eduardo;Manoela;3003;Placa de Vídeo NVidia;5;1977,01;1505,78;9885,05;2356,15
2022-12-31;Sul;Eduardo;Ciro;5004;Monitor;1;2152,75;1451,07;2152,75;701,68
2025-06-30;Sudeste;Eduardo;Manoela;7002;Smartphone;4;3967,48;3099,38;15869,92;3472,4
2024-07-31;Sudeste;Ana;Manoela;7002;Smartphone;9;1456,82;1150,3;13111,38;2758,68
2023-04-30;Norte;Ana;Manoela;2006;WebCam 4k;8;4537,85;2600,84;36302,8;15496,08
2023-01-31;Nordeste;Carlos;João;7002;Smartphone;7;4384,71;2577,41;30692,97;12651,1
2023-11-30;Norte;Eduardo;Antonia;7002;Smartphone;7;4010,19;3040,4;28071,33;6788,53
2023-10-31;Norte;Daniela;Ciro;5004;Monitor;3;2177,12;1420,84;6531,36;2268,84
2023-05-31;Nordeste;Fernanda;Antonia;7002;Smartphone;4;2309,94;1458,07;9239,76;3407,48
2024-01-31;Sudeste;Fernanda;Felipe;1005;Headset;8;2434,31;1365,99;19474,48;8546,56
2022-01-31;Sul;Fernanda;Marisa;7002;Smartphone;7;535,22;302,28;3746,54;1630,58
2022-05-31;Sudeste;Daniela;Manoela;1005;Headset;2;4369,33;2862,02;8738,66;3014,62
2023-06-30;Centro-Oeste;Ana;Antonia;2006;WebCam 4k;2;2210,75;1335,98;4421,5;1749,54
2023-03-31;Sul;Daniela;João;7002;Smartphone;4;526,46;303,38;2105,84;892,32
2022-08-31;Sul;Fernanda;Manoela;2006;WebCam 4k;8;4626,39;3583,42;37011,12;8343,76
2022-10-31;Norte;Ana;Ciro;3003;Placa de Vídeo NVidia;7;2569,83;2028,04;17988,81;3792,53
2025-01-31;Nordeste;Ana;Felipe;1005;Headset;6;2362,97;1195,92;14177,82;7002,3
2023-03-31;Sudeste;Daniela;Antonia;2006;WebCam 4k;7;3230,67;1888,6;22614,69;9394,49
2024-01-31;Sudeste;Bruno;Manoela;7002;Smartphone;9;1971,91;1303,27;17747,19;6017,76
2024-06-30;Norte;Carlos;João;5004;Monitor;2;4159,96;3309,89;8319,92;1700,14
2025-10-31;Sudeste;Carlos;João;3003;Placa de Vídeo NVidia;6;4841,64;3373,76;29049,84;8807,28
2022-01-31;Sul;Bruno;Ciro;9001;Notebook;2;4132,18;2536,47;8264,36;3191,42
2025-07-31;Nordeste;Eduardo;Manoela;3003;Placa de Vídeo NVidia;3;612,05;445,78;1836,15;498,81
2024-08-31;Norte;Carlos;Felipe;7002;Smartphone;9;3258,13;2124,83;29323,17;10199,7
2023-02-28;Sul;Carlos;João;5004;Monitor;6;4441,77;2811,32;26650,62;9782,7
2022-02-28;Norte;Eduardo;Manoela;9001;Notebook;6;1221,48;792,41;7328,88;2574,42
2025-08-31;Norte;Bruno;João;7002;Smartphone;6;2513,37;1487,7;15080,22;6154,02
2023-05-31;Centro-Oeste;Daniela;Felipe;5004;Monitor;3;1908,21;1305,74;5724,63;1807,41
2022-06-30;Centro-Oeste;Ana;Manoela;7002;Smartphone;1;4169,6;3120,66;4169,6;1048,94
2023-05-31;Sul;Eduardo;Antonia;7002;Smartphone;7;4852,72;2814,56;33969,04;14267,12
2023-08-31;Sul;Eduardo;Felipe;9001;Notebook;6;2983,1;1587,09;17898,6;8376,06
2024-07-31;Centro-Oeste;Bruno;Ciro;7002;Smartphone;4;4304,43;2964,58;17217,72;5359,4
2023-02-28;Centro-Oeste;Fernanda;Manoela;1005;Headset;6;4289,01;3093,2;25734,06;7174,86
2025-06-30;Centro-Oeste;Ana;Ciro;7002;Smartphone;7;2619,02;2056,39;18333,14;3938,41
2024-12-31;Centro-Oeste;Carlos;Antonia;5004;Monitor;3;2090,99;1284,26;6272,97;2420,19
2023-10-31;Sudeste;Bruno;Antonia;1005;Headset;7;2988,3;1775,0;20918,1;8493,1
2023-09-30;Norte;Fernanda;João;2006;WebCam 4k;2;4068,68;2968,18;8137,36;2201,0
2024-03-31;Nordeste;Bruno;Marisa;9001;Notebook;3;4448,57;3358,81;13345,71;3269,28
2024-11-30;Centro-Oeste;Eduardo;Felipe;5004;Monitor;6;943,97;590,53;5663,82;2120,64
2022-09-30;Nordeste;Ana;Ciro;5004;Monitor;2;3874,27;2737,39;7748,54;2273,76
2024-08-31;Sul;Bruno;Manoela;1005;Headset;8;4209,03;2396,09;33672,24;14503,52
2025-05-31;Sul;Eduardo;Felipe;3003;Placa de Vídeo NVidia;8;1749,73;1334,26;13997,84;3323,76
2024-09-30;Sul;Daniela;João;3003;Placa de Vídeo NVidia;8;1073,8;816,04;8590,4;2062,08
2025-09-30;Nordeste;Bruno;Marisa;7002;Smartphone;7;4278,14;3061,55;29946,98;8516,13
2024-11-30;Norte;Bruno;Manoela;3003;Placa de Vídeo NVidia;9;2616,66;2080,93;23549,94;4821,57
2022-04-30;Norte;Carlos;Marisa;1005;Headset;1;4812,89;3759,4;4812,89;1053,49
2025-05-31;Centro-Oeste;Bruno;João;1005;Headset;7;3235,47;2080,41;22648,29;8085,42
2023-04-30;Sul;Carlos;Ciro;9001;Notebook;7;2157,73;1232,87;15104,11;6474,02
2025-09-30;Sudeste;Carlos;João;2006;WebCam 4k;1;891,4;598,5;891,4;292,9
2023-02-28;Sul;Daniela;Ciro;7002;Smartphone;6;3666,77;2236,93;22000,62;8579,04
2025-05-31;Nordeste;Daniela;Marisa;9001;Notebook;6;4793,61;3254,45;28761,66;9234,96
2024-05-31;Norte;Carlos;Antonia;9001;Notebook;7;2723,62;1994,64;19065,34;5102,86
2023-10-31;Nordeste;Ana;Manoela;7002;Smartphone;1;898,99;702,54;898,99;196,45
2024-05-31;Norte;Daniela;João;9001;Notebook;7;1892,84;1354,23;13249,88;3770,27
2025-03-31;Sudeste;Bruno;Felipe;1005;Headset;7;2850,35;2010,08;19952,45;5881,89
2025-08-31;Sudeste;Daniela;Manoela;5004;Monitor;3;1748,27;1125,3;5244,81;1868,91
2024-08-31;Sudeste;Bruno;Marisa;5004;Monitor;3;2187,41;1674,79;6562,23;1537,86
2023-08-31;Norte;Bruno;Antonia;1005;Headset;4;2473,26;1473,98;9893,04;3997,12
2024-12-31;Sul;Eduardo;Marisa;2006;WebCam 4k;1;1889,31;1069,18;1889,31;820,13
2024-06-30;Sul;Daniela;Manoela;1005;Headset;6;4444,97;2862,53;26669,82;9494,64
2023-02-28;Norte;Ana;João;1005;Headset;5;2688,89;1481,99;13444,45;6034,5
2023-04-30;Sul;Daniela;Felipe;3003;Placa de Vídeo NVidia;5;616,31;393,24;3081,55;1115,35
2023-04-30;Norte;Eduardo;Marisa;9001;Notebook;1;3558,0;2800,25;3558,0;757,75
2023-09-30;Sul;Carlos;Felipe;1005;Headset;8;3396,95;2604,04;27175,6;6343,28
2023-01-31;Norte;Bruno;Marisa;2006;WebCam 4k;4;2567,86;1686,31;10271,44;3526,2
2023-04-30;Centro-Oeste;Daniela;Manoela;5004;Monitor;2;3078,16;2388,22;6156,32;1379,88
2023-05-31;Sudeste;Eduardo;Ciro;1005;Headset;4;2746,69;2114,82;10986,76;2527,48
2022-08-31;Sudeste;Carlos;Marisa;3003;Placa de Vídeo NVidia;2;636,13;364,41;1272,26;543,44
2023-05-31;Nordeste;Fernanda;Felipe;3003;Placa de Vídeo NVidia;4;748,58;491,97;2994,32;1026,44
2022-09-30;Norte;Fernanda;Felipe;9001;Notebook;3;1300,15;835,37;3900,45;1394,34
2024-02-29;Sudeste;Carlos;Ciro;9001;Notebook;3;1727,69;1154,78;5183,07;1718,73
2024-03-31;Norte;Carlos;Ciro;7002;Smartphone;5;2481,23;1561,28;12406,15;4599,75
2025-07-31;Centro-Oeste;Carlos;Felipe;5004;Monitor;8;4892,54;3500,27;39140,32;11138,16
2022-04-30;Centro-Oeste;Daniela;Ciro;3003;Placa de Vídeo NVidia;9;4852,76;3838,55;43674,84;9127,89
2025-06-30;Centro-Oeste;Ana;Ciro;2006;WebCam 4k;6;4819,13;3006,66;28914,78;10874,82
2023-01-31;Sudeste;Eduardo;Felipe;7002;Smartphone;7;1866,82;1096,9;13067,74;5389,44
2022-07-31;Sudeste;Bruno;Felipe;5004;Monitor;1;3306,83;2547,86;3306,83;758,97
2023-07-31;Norte;Ana;João;2006;WebCam 4k;3;4920,09;3008,35;14760,27;5735,22
2023-12-31;Norte;Eduardo;Ciro;3003;Placa de Vídeo NVidia;7;2945,44;1551,68;20618,08;9756,32
2022-08-31;Sul;Carlos;João;2006;WebCam 4k;3;3600,11;2577,41;10800,33;3068,1
2022-01-31;Centro-Oeste;Carlos;Ciro;9001;Notebook;6;2800,8;1954,6;16804,8;5077,2
2024-09-30;Sul;Bruno;Marisa;2006;WebCam 4k;9;2948,16;2237,86;26533,44;6392,7
2022-08-31;Nordeste;Bruno;Manoela;7002;Smartphone;2;3691,06;2483,76;7382,12;2414,6
2022-11-30;Sul;Ana;Antonia;7002;Smartphone;6;2546,63;1410,79;15279,78;6815,04
2022-03-31;Norte;Carlos;Manoela;9001;Notebook;4;1117,94;763,28;4471,76;1418,64
2025-05-31;Nordeste;Daniela;Manoela;5004;Monitor;2;2210,14;1216,77;4420,28;1986,74
2022-08-31;Centro-Oeste;Daniela;Manoela;9001;Notebook;9;2726,79;1657,87;24541,11;9620,28
2024-02-29;Sul;Daniela;Ciro;3003;Placa de Vídeo NVidia;8;3155,46;2326,07;25243,68;6635,12
2024-06-30;Norte;Fernanda;Ciro;3003;Placa de Vídeo NVidia;4;2555,54;1770,74;10222,16;3139,2
2022-09-30;Sudeste;Ana;Ciro;5004;Monitor;8;1748,35;957,91;13986,8;6323,52
2023-09-30;Nordeste;Carlos;Felipe;7002;Smartphone;7;2971,91;1924,89;20803,37;7329,14
2022-10-31;Sudeste;Daniela;Antonia;3003;Placa de Vídeo NVidia;2;621,95;399,72;1243,9;444,46
2023-04-30;Norte;Carlos;Antonia;9001;Notebook;2;3650,3;1887,72;7300,6;3525,16
2023-09-30;Norte;Daniela;Felipe;7002;Smartphone;6;2240,46;1778,57;13442,76;2771,34
2022-12-31;Nordeste;Ana;Antonia;7002;Smartphone;3;2372,72;1517,51;7118,16;2565,63
2022-05-31;Centro-Oeste;Eduardo;Felipe;9001;Notebook;7;2192,36;1404,72;15346,52;5513,48
2022-08-31;Sudeste;Daniela;Marisa;3003;Placa de Vídeo NVidia;3;4923,89;3465,54;14771,67;4375,05
2025-06-30;Centro-Oeste;Daniela;Marisa;9001;Notebook;8;850,04;428,09;6800,32;3375,6
2025-04-30;Centro-Oeste;Daniela;Antonia;5004;Monitor;9;4431,33;2451,89;39881,97;17814,96
2024-06-30;Sudeste;Daniela;Felipe;3003;Placa de Vídeo NVidia;2;3685,56;2735,82;7371,12;1899,48
2022-04-30;Norte;Bruno;João;3003;Placa de Vídeo NVidia;6;4752,16;3565,29;28512,96;7121,22
2023-11-30;Sudeste;Eduardo;João;9001;Notebook;9;3948,53;2838,6;35536,77;9989,37
2023-08-31;Sul;Fernanda;Manoela;2006;WebCam 4k;7;4716,54;2515,84;33015,78;15404,9
2024-11-30;Sul;Ana;Manoela;2006;WebCam 4k;2;3398,78;2166,64;6797,56;2464,28
2022-03-31;Nordeste;Bruno;Manoela;3003;Placa de Vídeo NVidia;4;3350,77;2465,13;13403,08;3542,56
2023-03-31;Centro-Oeste;Eduardo;Marisa;2006;WebCam 4k;8;572,42;361,16;4579,36;1690,08
2024-02-29;Sul;Bruno;Manoela;5004;Monitor;9;3780,84;2713,72;34027,56;9604,08
2025-09-30;Centro-Oeste;Eduardo;Antonia;2006;WebCam 4k;8;4047,54;2508,53;32380,32;12312,08
2025-01-31;Nordeste;Carlos;João;7002;Smartphone;8;3060,4;2447,55;24483,2;4902,8
2024-02-29;Norte;Carlos;Marisa;3003;Placa de Vídeo NVidia;6;4297,22;2554,12;25783,32;10458,6
2023-11-30;Nordeste;Carlos;João;5004;Monitor;1;4949,37;2961,86;4949,37;1987,51
2022-06-30;Nordeste;Eduardo;Felipe;9001;Notebook;7;3128,3;2257,83;21898,1;6093,29
2025-03-31;Nordeste;Bruno;Ciro;9001;Notebook;4;552,17;285,63;2208,68;1066,16
2024-08-31;Norte;Carlos;Manoela;3003;Placa de Vídeo NVidia;8;4113,64;2073,42;32909,12;16321,76
2023-11-30;Centro-Oeste;Bruno;Manoela;7002;Smartphone;2;4855,42;2456,74;9710,84;4797,36
2025-02-28;Sudeste;Eduardo;Marisa;9001;Notebook;7;3917,13;2421,73;27419,91;10467,8
2025-01-31;Sul;Bruno;Marisa;7002;Smartphone;3;2830,92;2249,53;8492,76;1744,17
2024-07-31;Nordeste;Fernanda;Antonia;9001;Notebook;1;3157,86;1854,15;3157,86;1303,71
2023-03-31;Sul;Ana;Felipe;9001;Notebook;3;1400,24;999,0;4200,72;1203,72
2025-08-31;Sudeste;Ana;Marisa;1005;Headset;9;1353,64;809,78;12182,76;4894,74
2022-02-28;Sudeste;Daniela;Antonia;2006;WebCam 4k;2;714,4;534,91;1428,8;358,98
2023-06-30;Sudeste;Fernanda;Ciro;5004;Monitor;6;2291,43;1578,58;13748,58;4277,1
2023-09-30;Nordeste;Carlos;Marisa;9001;Notebook;1;837,31;420,51;837,31;416,8
2022-05-31;Nordeste;Fernanda;João;9001;Notebook;7;2643,61;1973,04;18505,27;4693,99
2023-02-28;Nordeste;Fernanda;Felipe;2006;WebCam 4k;2;4357,92;3128,98;8715,84;2457,88
2024-04-30;Sudeste;Bruno;Manoela;7002;Smartphone;9;4681,08;2494,74;42129,72;19677,06
2024-05-31;Sudeste;Daniela;Felipe;5004;Monitor;6;857,64;450,93;5145,84;2440,26
2022-05-31;Sul;Daniela;Felipe;9001;Notebook;2;1365,4;880,35;2730,8;970,1
2025-09-30;Centro-Oeste;Carlos;Marisa;9001;Notebook;8;3229,62;1880,84;25836,96;10790,24
2022-05-31;Nordeste;Eduardo;Marisa;7002;Smartphone;6;1710,77;1318,28;10264,62;2354,94
2023-09-30;Sudeste;Carlos;Marisa;7002;Smartphone;1;4994,73;3909,75;4994,73;1084,98
2023-12-31;Nordeste;Carlos;Manoela;3003;Placa de Vídeo NVidia;3;4754,1;2718,81;14262,3;6105,87
2024-04-30;Centro-Oeste;Carlos;Manoela;9001;Notebook;7;1097,45;651,84;7682,15;3119,27
2024-09-30;Centro-Oeste;Bruno;João;5004;Monitor;7;4675,94;3266,33;32731,58;9867,27
2024-04-30;Norte;Ana;João;5004;Monitor;4;2620,67;1898,31;10482,68;2889,44
2025-03-31;Centro-Oeste;Carlos;Ciro;5004;Monitor;8;2170,33;1192,89;17362,64;7819,52
2025-06-30;Sudeste;Bruno;João;3003;Placa de Vídeo NVidia;6;2512,79;1821,85;15076,74;4145,64
2022-09-30;Centro-Oeste;Eduardo;Ciro;3003;Placa de Vídeo NVidia;3;1788,7;1427,24;5366,1;1084,38
2022-04-30;Sul;Bruno;Felipe;7002;Smartphone;8;4598,43;3294,2;36787,44;10433,84
2025-07-31;Centro-Oeste;Daniela;João;9001;Notebook;8;2990,52;1861,41;23924,16;9032,88
2024-02-29;Norte;Carlos;Ciro;5004;Monitor;5;2236,45;1534,21;11182,25;3511,2
2025-04-30;Centro-Oeste;Carlos;Marisa;7002;Smartphone;9;4328,16;2420,54;38953,44;17168,58
2023-02-28;Sul;Eduardo;Manoela;1005;Headset;7;2137,36;1182,9;14961,52;6681,22
2023-04-30;Sul;Ana;Felipe;5004;Monitor;6;4954,27;2956,96;29725,62;11983,86
2024-11-30;Sudeste;Daniela;Antonia;2006;WebCam 4k;6;1992,4;1167,44;11954,4;4949,76
2023-10-31;Norte;Eduardo;Antonia;7002;Smartphone;3;2485,94;1640,19;7457,82;2537,25
2024-07-31;Sudeste;Fernanda;Antonia;3003;Placa de Vídeo NVidia;8;3174,32;1843,62;25394,56;10645,6
2024-11-30;Nordeste;Carlos;Antonia;1005;Headset;5;786,37;610,82;3931,85;877,75
2025-06-30;Nordeste;Carlos;João;2006;WebCam 4k;9;544,05;342,18;4896,45;1816,83
2022-02-28;Norte;Ana;Felipe;2006;WebCam 4k;6;2910,62;1914,23;17463,72;5978,34
2023-11-30;Norte;Eduardo;Manoela;7002;Smartphone;8;1080,68;738,5;8645,44;2737,44
2023-02-28;Centro-Oeste;Daniela;Marisa;3003;Placa de Vídeo NVidia;3;1648,92;1031,66;4946,76;1851,78
2023-04-30;Sul;Ana;Felipe;1005;Headset;6;1172,94;780,65;7037,64;2353,74
2025-05-31;Sudeste;Eduardo;Antonia;2006;WebCam 4k;6;2980,19;2302,83;17881,14;4064,16
2023-12-31;Norte;Daniela;João;3003;Placa de Vídeo NVidia;9;3182,74;2415,13;28644,66;6908,49
2023-11-30;Norte;Daniela;Marisa;9001;Notebook;6;3013,6;2401,69;18081,6;3671,46
2025-07-31;Norte;Carlos;Ciro;1005;Headset;8;2400,78;1487,07;19206,24;7309,68
2023-08-31;Centro-Oeste;Carlos;Marisa;2006;WebCam 4k;2;1094,64;754,59;2189,28;680,1
2023-09-30;Nordeste;Ana;Marisa;1005;Headset;1;1889,24;1016,6;1889,24;872,64
2022-07-31;Centro-Oeste;Ana;Marisa;9001;Notebook;2;1833,93;1136,63;3667,86;1394,6
2022-09-30;Norte;Eduardo;Manoela;2006;WebCam 4k;2;3429,14;2673,91;6858,28;1510,46
2023-05-31;Nordeste;Bruno;Ciro;3003;Placa de Vídeo NVidia;2;4112,55;2921,81;8225,1;2381,48
2023-09-30;Sudeste;Eduardo;Ciro;1005;Headset;2;3265,11;2593,49;6530,22;1343,24
2022-05-31;Sul;Fernanda;Felipe;7002;Smartphone;2;4848,88;2981,0;9697,76;3735,76
2025-05-31;Sul;Ana;Ciro;3003;Placa de Vídeo NVidia;2;536,16;358,72;1072,32;354,88
2023-08-31;Sul;Ana;Antonia;2006;WebCam 4k;3;3126,62;1615,77;9379,86;4532,55
2022-04-30;Sudeste;Fernanda;João;5004;Monitor;4;1439,56;1077,86;5758,24;1446,8
2022-07-31;Sul;Bruno;João;7002;Smartphone;3;3074,35;1790,44;9223,05;3851,73
2023-09-30;Sudeste;Carlos;Ciro;3003;Placa de Vídeo NVidia;1;2208,43;1497,28;2208,43;711,15
2024-11-30;Nordeste;Ana;Marisa;9001;Notebook;1;1461,68;1069,12;1461,68;392,56
2022-08-31;Norte;Daniela;Felipe;7002;Smartphone;2;2635,9;1870,74;5271,8;1530,32
2022-06-30;Centro-Oeste;Eduardo;Ciro;3003;Placa de Vídeo NVidia;1;1157,28;743,96;1157,28;413,32
2023-11-30;Sul;Bruno;Marisa;2006;WebCam 4k;6;1694,52;861,57;10167,12;4997,7
2025-07-31;Centro-Oeste;Carlos;Manoela;9001;Notebook;9;4179,29;2703,2;37613,61;13284,81
2022-12-31;Nordeste;Carlos;Marisa;2006;WebCam 4k;9;950,76;724,64;8556,84;2035,08
2024-05-31;Centro-Oeste;Carlos;João;9001;Notebook;8;1882,37;1390,99;15058,96;3931,04
2022-10-31;Sudeste;Ana;Antonia;5004;Monitor;1;3792,69;2947,21;3792,69;845,48
2025-01-31;Sudeste;Eduardo;João;5004;Monitor;4;4716,59;3150,44;18866,36;6264,6
2023-11-30;Sul;Daniela;Antonia;1005;Headset;1;704,75;500,65;704,75;204,1
2022-08-31;Nordeste;Ana;Antonia;1005;Headset;3;3406,79;2076,99;10220,37;3989,4
2023-01-31;Sudeste;Daniela;Antonia;3003;Placa de Vídeo NVidia;3;692,42;404,46;2077,26;863,88
2024-07-31;Norte;Ana;Manoela;2006;WebCam 4k;8;4156,54;2396,98;33252,32;14076,48
2025-03-31;Nordeste;Daniela;Manoela;5004;Monitor;2;2489,88;1907,16;4979,76;1165,44
2024-09-30;Sudeste;Eduardo;João;5004;Monitor;2;4794,94;2836,97;9589,88;3915,94
2022-04-30;Sul;Carlos;Manoela;1005;Headset;1;2117,03;1079,96;2117,03;1037,07
2023-06-30;Sul;Carlos;Marisa;5004;Monitor;8;3168,12;2029,05;25344,96;9112,56
2024-03-31;Norte;Carlos;Marisa;7002;Smartphone;1;1719,25;932,49;1719,25;786,76
2024-05-31;Nordeste;Eduardo;Felipe;7002;Smartphone;8;1337,15;1016,81;10697,2;2562,72
2023-11-30;Sudeste;Fernanda;Marisa;2006;WebCam 4k;5;2727,39;2115,54;13636,95;3059,25
2024-04-30;Sudeste;Eduardo;Manoela;9001;Notebook;6;3375,54;2228,41;20253,24;6882,78
2022-02-28;Sul;Eduardo;Felipe;9001;Notebook;7;1730,73;1159,25;12115,11;4000,36
2023-06-30;Nordeste;Eduardo;Felipe;1005;Headset;6;1555,14;834,25;9330,84;4325,34
2023-05-31;Sul;Daniela;Marisa;5004;Monitor;1;3498,52;2642,5;3498,52;856,02
2022-10-31;Sudeste;Carlos;João;5004;Monitor;6;1245,11;640,37;7470,66;3628,44
2024-12-31;Sul;Ana;Ciro;1005;Headset;4;1401,87;1068,17;5607,48;1334,8
2023-12-31;Nordeste;Daniela;Antonia;5004;Monitor;1;1802,94;1275,73;1802,94;527,21
2023-04-30;Nordeste;Eduardo;Marisa;3003;Placa de Vídeo NVidia;5;1859,15;1335,17;9295,75;2619,9
2025-05-31;Sul;Bruno;João;7002;Smartphone;9;2980,14;2084,17;26821,26;8063,73
2025-02-28;Norte;Daniela;João;5004;Monitor;4;2400,15;1550,24;9600,6;3399,64
2023-05-31;Nordeste;Bruno;Ciro;2006;WebCam 4k;5;3376,74;2369,92;16883,7;5034,1
2023-12-31;Centro-Oeste;Eduardo;João;9001;Notebook;2;2103,07;1407,67;4206,14;1390,8
2022-05-31;Nordeste;Ana;Manoela;2006;WebCam 4k;6;634,54;507,5;3807,24;762,24
2023-09-30;Sudeste;Carlos;Felipe;2006;WebCam 4k;8;4655,28;3004,75;37242,24;13204,24
